:020000040000FA
:10000000C0480020D5000000EF0000002547000098
:1000100000000000000000000000000000000000E0
:10002000000000000000000000000000F3000000DD
:100030000000000000000000F500000099E400004E
:100040001161000019610000216100002D610000B4
:10005000E93C0000EDEB000095EC0000A1EC000095
:10006000F14D0000F94D000059B6000061B60000E6
:100070003B47000043470000D5EB0000DDEB0000EC
:10008000E5EB0000E54D0000F5EB0000FDEB0000A6
:1000900005EC000001610000CDEF00009DAD000007
:1000A0002B1E0000096100007BEF000083EF0000C1
:1000B000D74F0000DD4D00003D43000099340000A3
:1000C0000348854601F0A6FA00480047071B0000D8
:1000D000C048002009480A4A002100A1814200D9F5
:1000E0000244084802600848804708480047FEE785
:1000F000FEE7FEE7FEE7FEE7FEE700000000002067
:100100000000000008ED00E081EB0000C1000000ED
:10011000F8B500242546002904DA0E460124002102
:100120004042B141002B04DA1E4600235242012511
:10013000B34100F04DFC8C4617461E46AC4203D03E
:10014000002540428D41AC46002C02D0002657428B
:100150009E4161463A46334601B0F0BD30B5434357
:1001600051435C18010C130C0D465D432C1980B2F1
:1001700092B20546554351430A0C09044D19624198
:100180005843010C00044019514130BD38B50446B4
:10019000C0681821401E4843A16840183C214843CC
:1001A000616840183C2148432168451860690C216A
:1001B0004843216940186921C900401A302100F0E4
:1001C000DFFB114A50434219084600921A2902DB0C
:1001D0000E49511800910C2100F0D2FB0C4A5043FB
:1001E000009A801800900B4806E0491E425C074BBD
:1001F0005A43009BD21800920029F6DC214668463B
:1002000000F03EFC009838BD801F86078051010039
:100210008033E101E4E3010010B5431A934209D2AF
:100220008318881803E0401E01785B1E1970521E67
:10023000F9D210BD03460B439B0703D009E008C960
:10024000121F08C0042AFAD203E00B780370401C86
:10025000491C521EF9D210BDD2B201E00270401CFE
:10026000491EFBD270470022F6E710B513460A4636
:1002700004461946FFF7F0FF204610BD30B505468D
:100280002A460B4610781C78521C5B1C002801D0B3
:10029000A042F7D0002C03D0002802D06D1CEFE75D
:1002A000284630BD10B5044605E00B780370401CAD
:1002B000002B00D0491C521EF7D2204610BDCAB2F6
:1002C000401E4178401C8A4202D00029F9D100200A
:1002D0007047421C0178401C0029FBD1801A7047EE
:1002E00010B5002200E0521C835C8C5CA34201D15B
:1002F000002BF8D1D8B2E1B2401A10BD30B5044697
:100300000020034600E05B1C934203D2E05CCD5C1E
:10031000401BF8D030BD03460A780270401C491CCF
:10032000002AF9D1184670470FB400B58DB0099076
:100330000B9010A900200091C0430A9000200C905F
:1003400006480690064807906A4609A80F9900F0EB
:100350004FFF0DB008BC04B0184700001112000098
:1003600031120000F7B5009C0F4600262578641C6A
:10037000002D05D000F06EFB0068405DC007F5D190
:100380002B2D02D02D2D18D0641E39462046029AFE
:1003900000F060FF002F04D03968A14201D100991C
:1003A00039607105022400290BDA4042002803DD80
:1003B0001DF08CFB0460A007FEBD012080020643F7
:1003C000E3E70028F8DA1DF081FB04600048FEBD79
:1003D000FFFFFF7F70B506461DF078FB04680546F9
:1003E0000A2200213046FFF7BDFF2C6070BD70B5BA
:1003F00006461DF06BFB046805460A2200213046C4
:10040000FFF7B0FF2C6070BDF8B502464A40D40F2C
:1004100042004B0052085B089A4202D2024608464C
:1004200011464A0023D0C30D4A00DDB2120EAD1AA8
:10043000202D35DA49020126490AF6058A19002CD1
:1004400000D0524220214F1B1146B9402A411018BA
:10045000C20D9A4221D0002C17D0012D08DCDA05FC
:10046000801AD20F8019D207DBB200F054FFF8BD1A
:10047000DA05801A012340001B06C01880185A4272
:100480008018CA0F1043490007E04908C20711430A
:10049000DA05801A80194008801800F034FFF8BD92
:1004A00061000122511A001BF7E70122D2075140D7
:1004B000AAE70122D2075040A6E7024670B54A409B
:1004C000D30FDB0740002DD04A002AD0010E140EB6
:1004D000000212020919400A520A8418E501044672
:1004E0005443000A120A2E045043A4194219200C46
:1004F000C543AA18120C0125AD03521C521912044F
:100500007F39240400D0521C104301D44000491EFE
:10051000C2B20C06C0092018401C4008802A02D034
:1005200003E0002070BD40084000002900DA0020F0
:10053000184370BD70B502464A40D50F40004A00CE
:10054000ED0740085208002814D0002A12D0C40D2C
:10055000D30D41020120C0055202490A520AE41A91
:10056000091812187D34914201D3641C00E049003F
:10057000002C01DA002070BD0023914201D3891ABA
:100580000343400849000028F7D100290AD09142CE
:1005900002D10121C90705E0914201D2012101E008
:1005A0000121C943E005C018401900F0ACFE70BD40
:1005B000F0B51FB488B00B990998002448400999F8
:1005C000C00F490049080991C0070B9900904900E4
:1005D00049080B9109990898A64608431CD00B9925
:1005E0000A98084318D0099801244000420D480099
:1005F000410D099824050003000B204309900B9836
:100600000003000B20430B9050181C494018002297
:1006100001901446104605E0002001460DB0F0BDE3
:10062000032801DA034600E003239C46C11A0AAE00
:100630000AE05F0008ADED5B4F00F75B7D430027EC
:10064000AA187C41491C5B1E6145F2DD410004ABE8
:100650005A522104120C0A43240C401C0828DFDBE8
:10066000019802900099704601910090059B049AB0
:100670000799069800F095FED0E700000DFCFFFFFB
:10068000F0B50C465C4085B0E40FE40703944C00E1
:1006900000266408590094464908024602962243FF
:1006A00021D062460A431ED06200570D4A000E0355
:1006B0002303550D012402462C492405781B1B0BEE
:1006C000360B401823432643614600901C46501ABF
:1006D000B44103D30098401C009002E092180098A7
:1006E0005B41002803DA0020014605B0F0BD002080
:1006F000012109050746864611E064461D46141B84
:10070000B54106D36546521BB341744607430C43BB
:10071000A646CD0740084908284392185B41054684
:100720000D43EAD11046184313D060461946504095
:100730007140084306D06046101AB34106D2012228
:10074000002306E000220123DB0702E00122D2435E
:100750005310009874460105381C6141029C039DAA
:100760000019694100F010FEBFE70000FD03000022
:100770000122D207002800DB101A002900DB511AE1
:10078000814201D801207047002070470122D20722
:10079000002800DB101A002900DB511A814201D227
:1007A00001207047002070470122D207002800DB9B
:1007B000101A002900DB511A814201D30120704731
:1007C0000020704710B5002904DB0C460121C90741
:1007D0004042A141002B04DB1C460123DB075242AF
:1007E000A341101A8B4101D3012010BD002010BD80
:1007F000C217C10F504010B54018CA0796230021F8
:1008000000F089FD10BD10B500229623114600F0BE
:1008100082FD10BD0EB5C217C10F5040CA07401867
:100820000021054B0293019200910A460B4600F00D
:10083000B8FD03B000BD000033040000C20F41004A
:1008400040020123400ADB05D207090EC0187F29A8
:1008500001DA00207047962903DC9623591AC84014
:1008600001E096398840002AF4D0404270474100A8
:1008700040020122400AD205090E80187F2901DAC0
:1008800000207047962903DC9622511AC840704711
:10089000963988407047000070B5CD0F4A000903B3
:1008A0000123090B1B0519430B4BED070024520DC7
:1008B0009A4201DA002070BD074B34339A4203DCC0
:1008C0009A1A00F0B5F802E00449511888402C4308
:1008D000F1D0404270BD0000FF030000CDFBFFFFE0
:1008E000C20FD207400040080BD0C10D0723DB0127
:1008F000C91840020905400A1143C20840071143C4
:100900007047002001467047CB0FDB07490010B548
:10091000490802460A4307D00A0D07240903E401E7
:10092000090B121B002A01DC002010BDC900440F76
:100930000C43C100E018D205801800F0E4FC10BDA3
:1009400070B50446002903D000202022012310E0C6
:10095000002801D00020C043C046C0460DE0254617
:10096000D5408D4205D30D469540641B1D469540EC
:1009700040191546521E002DF1DC214670BD0000C5
:1009800070B5002504462E46002911D0002C01DA4E
:1009900001254442002901DA012649422046FFF799
:1009A000CFFFB54200D04042002D00D0494270BD7B
:1009B000002C02DA0121C90702E0002C00DD034906
:1009C0000846C046C046214670BD0000FFFFFF7FBD
:1009D000F0B51FB40646002082B0054640240191C0
:1009E00000901BE0019922460F46304600F020F8A7
:1009F000049A059B801A994110D310461946224645
:100A000000F020FE361A8F41019722460120002176
:100A1000009F00F017FE38184D4100902046641EDC
:100A20000028DFDC019B00982946324607B0F0BD64
:100A300010B5202A04DB0846203AD040002110BD22
:100A40000B46D340D0402024A21A914008431946B7
:100A500010BD00000048704774E4010010B5044662
:100A6000FFF7F8FF0068005DC007C00F10BD000071
:100A700010B5024900F004F810BD0000301D002040
:100A800070B50C4600683C21FFF75AFF21603C21FD
:100A9000FFF756FF61601821FFF752FF0546A1607E
:100AA0000721001DFFF74CFFA1610F48A90008189E
:100AB0000E49FFF745FF0246443288086261E06153
:100AC0003B2802D3910700D0401C0021084B0A4666
:100AD0002161995C814203D8401A521C2261F8E7D7
:100AE000401CE060204670BD6C0B0000B5050000A6
:100AF00078E40100FFB50025ED4385B000200090AB
:100B000001909F685E681C46A1696D1C0698884725
:100B10000290216A88470028F6D10298401C0CD028
:100B2000032040028643002F19DD700614D5029879
:100B30002B2809D02D280FD103E00020C04309B095
:100B4000F0BD012080020643A1696D1C069888470C
:100B50007F1E0290002F02DD0298302803D00798F4
:100B6000002828D024E0012040020643A1696D1C22
:100B70007F1E069888470290002F03DD782805D055
:100B8000582803D00798002810D011E007980028B3
:100B900001D010280CD1012040028643A1696D1CB0
:100BA0007F1E069888470290102000E008200790DA
:100BB000C017039016E00A20F9E70120400206431F
:100BC0007F1E039B079A01990098FFF7C7FA029AC4
:100BD000D3178018594101910090A1696D1C0698A6
:100BE00088470290002F06DD0799029800F04DFD1E
:100BF00002900028E1DAE16906988847B00502D43E
:100C00000120C0439BE7F00710D1700610D5700596
:100C100005D50098019B002241429A4101E0019ACA
:100C200000992068031D2360006806C0284686E7F7
:100C30002068011D21600068019A0099F5E7FFB561
:100C40000027FF4383B000205C6801909E681D462A
:100C5000A9697F1C049888470090296A8847002862
:100C6000F6D10098401C0CD0032040028443002E93
:100C700019DD600614D500982B2809D02D280FD136
:100C800003E00020C04307B0F0BD01208002044310
:100C9000A9697F1C04988847761E0090002E02DD0B
:100CA0000098302803D00598002825D035E0012091
:100CB00040020443A969761E7F1C0498884700906F
:100CC000002E03DD782805D0582803D00598002889
:100CD00010D022E00598002801D010281DD1012055
:100CE00040028443A969761E7F1C049888470090BF
:100CF000102002E0082000E00A2005900DE001210C
:100D000049020C43059A0199761E51430818019037
:100D1000A9697F1C049888470090002E05DD05997D
:100D2000009800F0B2FC0028E9DAE96904988847E5
:100D3000A00502D40120C043A5E7E00722D1600648
:100D400011D56005019800D5404229680A1D2A6026
:100D50000968220501D5087014E0220701D5088032
:100D600010E008600EE02868011D29600068210578
:100D700002D50199017005E02107019901D5018093
:100D800000E0016038467EE7FFB5002083B00090A8
:100D90005068019091691446002697680498884726
:100DA00005460C990698084305D009E0A169761C10
:100DB000049888470546216A284688470028F5D1C7
:100DC000681C03D00198C00704D017E00020C0437E
:100DD00007B0F0BD2068011D2160006800900DE0A3
:100DE0000198C00704D1009805700098401C00903D
:100DF000A169761C7F1E049888470546002F1CDDDC
:100E0000681C1AD0069800280FD0E817C00E4019A9
:100E100041118A0006994009511840012A1A0968AF
:100E2000012090400142DBD107E00C980028D7D187
:100E3000216A284688470028D2D0E169049888476B
:100E40000C98002807D1002E05DD0198C00702D1BB
:100E5000009800210170A068B84204DD0C980028B9
:100E600004D0002F02D00120C043B1E73046AFE7E5
:100E7000FFB5087889B01546FF2805D0491C2D28F4
:100E800004D00022002407E000240BE00122F9E74F
:100E90000A235C430419491C0878FF28F8D1002A6A
:100EA00000D06442002004902A7801462D2A01D007
:100EB0002B2A0FD16D1C2D2A02D00022049209E0AA
:100EC0000122FBE700260A2233466D1CFFF746F994
:100ED000381871412F78FF2FF4D10C9AA21806927E
:100EE00002460A4304D0FF23069A9133DA4205DA18
:100EF000002109980A4606C00DB0F0BD0024B74A8B
:100F0000B54D2646079200F0C5FD02900698039164
:100F1000002801DA474200E0074639050020AF4AC1
:100F2000001C51410191009012E0F80707D02246C1
:100F30002B4630460799FFF73BFB064607912246B2
:100F40002B4610461946FFF733FB04460D467F102B
:100F5000002FEAD10698019B0028009A0399029875
:100F600006DAFFF78DFB3246079BFFF789FB05E0AA
:100F7000FFF71EFB3246079BFFF71AFB049A002A75
:100F800002D00122D2075140099A03C2B4E7FFB54B
:100F900091B0002009900025ED432E209E685C68EA
:100FA0001F460190B9696D1C129888470090396AF4
:100FB00088470028F6D10098401C0AD00D20C001B7
:100FC0008443002E12DD00982B2809D02D280DD146
:100FD00003E00020C04315B0F0BD012080020443AF
:100FE000B9696D1C12988847761E009003A96005A8
:100FF00001D52D2000E02B206A461073491C0CA857
:101000000F9102900AE0B9696D1C12988847009010
:101010000120400204431398761E0560002E02DD75
:1010200000983028EFD001990098884245D180205F
:10103000044308E00998401E09900120400204433F
:101040001399681C0860B9696D1C761E1298884750
:1010500000903028EED030E00199884205D120067A
:1010600003D480200443761E1DE000981CF0FCFD94
:10107000002825D0012149020C43009807AA0F99A6
:1010800003323038761E914208D208700F98401C07
:101090000F90200607D50998401E03E0200602D4D1
:1010A0000998401C0990A00502D51399681C086096
:1010B000B9696D1C129888470090002ECCDC59E06D
:1010C000002E57DD0098652801D0452852D1A00593
:1010D00050D5032000028443B9696D1C761E129816
:1010E00088470090002E0CDD2B2804D02D2808D135
:1010F000FF2001300443B9696D1C12988847761EA1
:101100000090E00501D52D2100E02B21029801700F
:101110000298401C0290019025E001204002044307
:101120000EA902980131761E88420ED200980299CB
:1011300030380006000E087003D1029901988142F0
:101140000AD90298401C029006E0E00501D5244827
:1011500001E0234840420990B9696D1C1298884704
:10116000009013980560002E04DD00981CF07CFDB3
:101170000028D2D1F969129888470F99FF2008708A
:10118000029903AA087000200A900B900CA90AA8E3
:10119000099BFFF76DFEA00502D40120C0431AE7AA
:1011A0002420044209D0E00713D138680B9A0A9929
:1011B000031D3B60006806C00BE00B990A98FFF71F
:1011C000A3FB0146E00704D13868021D3A600068BD
:1011D00001602846FFE60000000014400000F03FD8
:1011E000F1D8FFFF02681378511801601846704764
:1011F00010B5D160044951610449116200211161A7
:10120000114600F051FA10BDE51100005D0A000022
:101210004268002A08D001680B78491C002B03D0D3
:10122000521E06C0184670470121C160881E7047D3
:101230004268002A0BD0C3680168002B07D183687D
:101240008B4204D0491E521C06C00020704700206B
:10125000C0437047F7B582B0029C00272078641C19
:1012600015460197302802D0002D15D015E02078C2
:101270000127641C782804D0582802D0002D09D0FA
:101280000BE0002D01D0102D07D10027102520786C
:10129000641C02E0082500E00A250026009610E004
:1012A0000099012769430818020C294680B271434E
:1012B00000908E183804864201D3012001902078D6
:1012C000641C294600F0E1F90028E9DA03980028B7
:1012D00005D0002F01D0641E00E0029C046001983C
:1012E000002806D01CF0F2FB02210160C81E05B0E8
:1012F000F0BD009930040843F9E710B500230360FE
:1013000000F08EFB10BD002904DA401C490001D119
:1013100040084000704770B40024050C05D110242B
:10132000000402D1002921D01124050E01D10002B0
:101330000834050F01D10001241D850F01D1800063
:10134000A41C002801DB4000641C002908D02025D3
:101350002E1B0D46F540A14000D001212943084332
:1013600001061B1B000ADB1D02D5002070BC704764
:10137000DB05181880180029F8DA401C4900F5D15F
:1013800070BC40084000704710B5002B08DA0024FC
:10139000401C614192185B411A4301D14008400052
:1013A00010BDF0B51FB482B005460C0003D008464E
:1013B0001CF074FB02E01CF071FB20300246009030
:1013C0002146284600F03EF9049B059A04460F4644
:1013D00018431143084314D0184610431BD00098FB
:1013E00040210A1A18460599FFF722FB05460E46CA
:1013F000009A0599049800F025F9084305D00120CA
:1014000004E02046394607B0F0BD0020C11705436F
:101410000E432C43374300990E986305401A790513
:10142000E40A00220C43FD0A0A3002D500200146DE
:10143000E9E70105101969410C9C0D9D00196941EE
:10144000FFF7A2FFDFE70000F0B507460846584067
:1014500087B0C00F049048000E4659004008490864
:10146000BC1A884105D2384631461E4617460B46FF
:1014700002465800400810434CD0300D0390400500
:101480005900400D490D0590401A0290402872DA2B
:1014900018030121000B09050843019004980092EC
:1014A000002805D001995242002088410092019005
:1014B000029840210A1A0199009800F0C3F80546E5
:1014C0000C466B4607CB00F0CDF8C0197141039A6A
:1014D0000E0D0023D71756401A467A40164344D0C3
:1014E000049A002A2DD0029A012A039A15DC1205CB
:1014F000C01A914101263605001C7141D20F059E8C
:10150000D2070093019202962A462346FFF749FF2D
:1015100007B0F0BD38463146FAE71605224A0F46B5
:10152000B218C01AB74101210905001C4F4100182B
:101530007F41114618187941E20F10436D1964413B
:1015400013E0E2076D0815436408C2071443039AC9
:1015500001261205C01A91413605001C7141CE07C3
:10156000400830434908C01851412A462346FFF736
:101570000BFFCDE7FFE7049801224000C117121AC4
:1015800000238B4104983146C417381AA141EEE775
:1015900030B40124E407634030BC55E730B4012483
:1015A000E407614030BC4FE70000E0FF4A00090358
:1015B0000123090B1B0519430A4B10B5520D9A4222
:1015C00002DA0020014610BD064B34339A4203DC98
:1015D0009A1AFFF72DFA10BD034BD21800F032F81B
:1015E00010BD0000FF030000CDFBFFFF10B5002978
:1015F00004DB0124E40740428C412146002B04DB3C
:101600001C460123DB075242A341994200D190427C
:1016100010BD00001CB5094800900948019005461E
:101620000126009C05E0E36807CC33430C3C984757
:101630001034AC42F7D3FEF747FD000034EE010052
:1016400054EE010010B5202A04DB0146203A9140F7
:10165000002010BD914020239C1A0346E34019430B
:10166000904010BD10B5202A06DBCB170846203A63
:101670001041C1170B4306E00B461341D040202414
:10168000A21A91400843194610BD3A2800D23038BA
:10169000202302469A43412A01D310463738884214
:1016A00001D30020C0437047F3B58DB000200A90ED
:1016B00001200B90002608460C300C460990626908
:1016C000012109989047051E2ED0252D2DD0216A85
:1016D0008847002818D06269012109989047216A3B
:1016E00088470028F7D1411E62690998904700E0B9
:1016F000761CA1690D988847216A88470028F7D190
:10170000E1690D988847DAE7A1690D98884707468F
:10171000A84201D1761CD2E7E1690D9888477F1C69
:1017200002D10A98002877D049E1002762693D4636
:101730003946099890472A280CD1626901210998F5
:101740009047012506E00A214F433F18303FEBD474
:1017500010200543626901210998904701463039FC
:101760000A2903D29B498F42DEDCECE7E90600D46C
:10177000994F6C280AD04C2810D0682824D06A28A9
:101780002ED074280CD07A280AD00DE0626901218D
:10179000099890476C2823D004211CE020200543A1
:1017A0006269012109989047A760656065284FD05C
:1017B00026DC582839D01ADC452849D012DC2528E7
:1017C00034D04128B0D143E06269012109989047A3
:1017D000682802D008210D43E6E70120C002DEE7B9
:1017E0000220DCE7462833D047282CD130E05B28A4
:1017F00070D061282CD063286CD0642823D161E09C
:101800006F284FD009DC662822D0672820D06928AD
:1018100026D06E2817D12EE0CDE070284DD0732849
:101820006FD075284ED078280DD154E0A1690D985D
:1018300088470546252800D16CE7E1690D9888475F
:101840006D1C00D16DE7BAE00A224CE00A2252E09A
:10185000012023466A46C0430D99FFF798FBA3E099
:101860002846402108436060A807234601D500228E
:1018700039E000223FE0E80700D020E72068011DA2
:1018800021600068290501D5067018E7290701D5F0
:10189000068014E7A90703D5F117066041600EE73B
:1018A00006600CE72846402108436060A8072346ED
:1018B00001D5082217E008221DE0484928460840C3
:1018C000606016E02846402108436060A807234670
:1018D000BCD5B9E715E02846402108436060A80759
:1018E00007D5234610220120C0430D99FFF702F9C6
:1018F0005AE0234610220120C0430D99FFF79FF9BB
:1019000052E000210C910B460091632802D05B2825
:1019100007D043E0E80601D40120A0600120009038
:101920003CE062690121099890475E2805D10120B9
:101930000C9001466269099890472169002906D1F7
:101940000B4601AA8F00491CD3510829FADB002855
:1019500035D0216900290ED1C117C90E09184A11C5
:10196000930001AA9A1849094901411A01201368F4
:1019700088400343136062690121099890475D28FC
:10198000E5D10C98002808D0002001AB81005A58FE
:10199000401CD2435A500828F8DB01AB01202246F4
:1019A000C0430D99FFF7F0F900280ADA401C06D170
:1019B0000B98002803D00020C0430FB0F0BD0A9858
:1019C000FBE7E90702D10A99491C0A913618002061
:1019D0000B9074E6CCCCCC0CFFFFFF7FF1F7FFFF40
:1019E0000FB400B589B00A460DA9009100230C99E7
:1019F000002ACB60234B0693234B079301D004238B
:101A000000E00023214A0292214A089201930246F3
:101A10006B460020FFF7BBFA09B008BC04B01847BA
:101A2000F0B585B007460020C04301901E46002057
:101A300015460C460091029104903B466A46314699
:101A400004A8FFF7CDFF049902466018002D05D0C9
:101A5000002901D0034600E023462B6000290ED068
:101A6000002A02DD0099814209D0001B01900094F8
:101A70003B466A463146029404A8FFF7B1FF05B021
:101A8000F0BD00001112000031120000FFFFFF7FC7
:101A90005D0A00000EB5054A02920022009213462C
:101AA0000192FFF77EFC03B000BD0000330400008C
:101AB00070B58C180578401C6B075B0F01D103785B
:101AC000401C2A1106D10278401C03E006780E70F3
:101AD000401C491C5B1EF9D12B0705D40023521E64
:101AE0000DD40B70491CFAE70378401CCB1A921CEA
:101AF00003E01D780D70491C5B1C521EF9D5A142F4
:101B0000D8D3002070BD80B515F048FF002080BDFF
:101B100080B582B001A8009001210170042000F07E
:101B200014F801460098017000BF00BF00BF0078A4
:101B30000F2108400B2804D0FFE701A900200870FE
:101B4000FFE701A8007802B080BD80B586B00246EC
:101B500005A8027004AA019211700021039102915C
:101B600000784007810E403103A8009001700121E8
:101B700009F0F7FD01990098097809F0D1FD019865
:101B80000078012806D1FFE703A8017802984018E1
:101B90000290FFE704A8007802280BD1FFE703A812
:101BA00001780A0202998918029141780298401836
:101BB0000290FFE704A80078032810D1FFE703A8EC
:101BC00001780A0402998918029141780A0202995F
:101BD000891802918178029840180290FFE70298D4
:101BE00006B080BD80B584B00290019100F01AF873
:101BF000FFF78EFF002804D1FFE703A9002008703B
:101C00000CE0002000F04DF8022000F068F80320FE
:101C100000F082F803A901200870FFE703A800780C
:101C200004B080BD80B582B00020C043019001A8FF
:101C3000042109F096FD02B080BD80B584B0039008
:101C4000022101910846FFF780FF019A0290029954
:101C500007208143029103990140029808430290B2
:101C60000299104600F090F804B080BD80B584B0B1
:101C70000390022101910846FFF767FF019A029045
:101C80000298072109028843029003984007410DFA
:101C90000298084302900299104600F075F804B0CB
:101CA00080BD80B584B00390002002900520019093
:101CB00001210091FFF749FF009A01460198029126
:101CC00002990C2399430291039989070B0F0299FA
:101CD00019430291029900F057F804B080BD80B515
:101CE00084B0039000200290052001900121009112
:101CF000FFF72BFF009A014601980291029B0321F6
:101D00008B430293039B0B40029919430291029962
:101D100000F03AF804B080BD80B584B00390012093
:101D2000019002210091FFF710FF009A01460198EF
:101D30000291029907235B03994302910399490792
:101D40000B0C029919430291029900F01DF804B09E
:101D500080BD80B584B003900120019002210091E4
:101D6000FFF7F3FE009A014601980291029B0F21B2
:101D70008B430293039B0B400299194302910299F2
:101D800000F002F804B080BD80B586B00191034632
:101D9000019805A90B70049003A80270002202921A
:101DA00009784907890E02AA11700078012804D128
:101DB000FFE7049802A94870FFE703A8007802280B
:101DC00007D1FFE7049802A988700498000A4870B8
:101DD000FFE703A8007803280AD1FFE7049802A9C7
:101DE000C8700498000A887004A840884870FFE70B
:101DF0000398401CC1B202A809F0B3FC06B080BD34
:101E000080B584B00390029101920398FFF715FF0B
:101E10000298FFF72BFF0198FFF79BFF012000902E
:101E2000FFF77AFF009804B080BD80B500F098F904
:101E3000C046C04680BD000080B588B004A80290AE
:101E4000102110F0CDFB1420012103910CF094FD22
:101E50000299039808700D480078C007002804D143
:101E6000FFE704A90220087103E004A9002008711B
:101E7000FFE704A80121019141710021C18009F00F
:101E80007BFA019809F038FA08B080BD301C0020B8
:101E900080B582B0BC48807EC009002801D1FFE730
:101EA00012E00820012100910CF066FD009900204D
:101EB000019001F04DFA019801F07CFAF249887E18
:101EC0007F2210408876FFE702B080BD80B59CB0CD
:101ED0001B9014A8142110F083FB082001210CF0A2
:101EE0004BFD1B98FEF7FCFC724A734BFEF76AFC35
:101EF000002803D1FFE7FFF7CBFFD9E01B98FEF7DF
:101F0000EFFC00226D4BFEF75DFC002804D1FFE7DB
:101F10003F2000061B90FFE71B9821214906FEF792
:101F200043FC002827D1FFE719A807210180654954
:101F3000139102881399C8685207520E7023984370
:101F40008018C860604800684008FEF75CFC099093
:101F50001B988721C905FEF7B0FA01460998FEF7DC
:101F6000E9FAFEF784FC41421AA8018001880020AA
:101F700001F0B4F950E01B985149FEF715FC002818
:101F800027D1FFE719A8022101804E49129102884A
:101F90001299C8685207520E702398438018C8607F
:101FA000494800684008FEF72EFC08901B988121E4
:101FB000C905FEF782FA01460898FEF7BBFAFEF75C
:101FC00056FC41421AA801800188002001F086F9E0
:101FD00021E019A80021079101803A491191028856
:101FE0001199C8685207520E702398438018C86030
:101FF000354800684008FEF706FC1B99FEF79AFA80
:10200000FEF735FC014607984A421AA90A8009885A
:1020100001F064F9FFE7FFE7C248807EC0090028AD
:1020200045D1FFE70FA80190072110F0D9FA1C2035
:10203000012105910CF0A0FC019A0020069050703F
:102040000F21029102F04EFA02990698052202F041
:10205000B9FA0AA80390142110F0C2FA05990820D1
:102060000CF08AFC0399059A069808704871199B30
:10207000CB708A710A718870487001F0AFF90698C8
:102080001AA90491098801F029F904990698098888
:1020900001F040F90599069801F05AF9069801F007
:1020A00075F9A049887E802210438876FFE7FFE714
:1020B0001CB080BD9A9999999999B93F0000E03F69
:1020C00000002043000C00400800002081B00146C1
:1020D0006846017002784C490868D206D20D1F2369
:1020E0001B01984380180860002001B07047C0466B
:1020F00081B0014668460170027803490868904340
:10210000086001B07047C046B42400403E490868EA
:1021100001229043086070473B4908680122104340
:102120000860704782B069460870094800680978FD
:10213000084204D0FFE701A90120087003E001A9CB
:1021400000200870FFE701A8007802B07047C04681
:10215000B0240040014800687047C046A0240040F9
:1021600080B50120FFF7DEFF01280BD1FFE701203A
:10217000FFF7BEFF00F050F8EB49887EFE221040CA
:102180008876FFE780BDC0467800002010B584B097
:1021900002900298002804D1FFE703A904200870E8
:1021A0002DE019490091012001900860022010F0F3
:1021B00047FB0099019B0298427884882243C48897
:1021C0002243448822430089024308681043086080
:1021D000029802780D490868D207520D9B02984375
:1021E000801808600298827A0868D207520F042388
:1021F00098438018086003A900200870FFE703A82F
:10220000007804B010BDC0460424004008240040FB
:1022100003490120086070470149002008607047A9
:10222000C024004080B58EB00D90002002900C902C
:102230000B900A900990089007900690059004A9C9
:1022400003910880B8483F210901411805A8019071
:1022500007220DF087FD019A029B03990D98C95E34
:1022600040180A491BF006FC029A03990D98895EF2
:102270004018FEF72EF80246039804998918018049
:1022800000780EB080BDC046780000200DEC010043
:10229000B0B588B0079006A90591002404940C807D
:1022A0000798095F401800909F48AD21C900421867
:1022B000029240581C490191FEF762FB02460098C9
:1022C000CB175940CB1A19491BF0D4FB0599079835
:1022D000095F4018FDF7FDFF0199059B054602982F
:1022E000069A52191A80079A1B5FD2180392406807
:1022F000FEF746FB02460398CB175940CB1A0C4910
:102300001BF0B8FB049A05990798895E4018FDF701
:10231000E0FF049903460598069AD2180280405EB1
:1023200008B0B0BD78000020A0860100ABEB010032
:10233000B8EB010010B590B00F900DA900200880F7
:1023400055480C9078486D218900405C002800D1E8
:1023500086E075480790F8214058FEF749FA014693
:1023600007980291D92149000491405C17F0AEFC16
:10237000FEF73EFA0146029813F078FA01460798F4
:102380000E91FF21B4310691405CC007810F0CA86B
:102390000890401800210A91405EFEF729FA014694
:1023A0000E9813F095FA0A9A0E900F980DA90B91BA
:1023B000895E401803900E98FEF792FA0246039841
:1023C0000B4637491BF056FB0A9A0B990F98895E0A
:1023D0004018FDF77EFF0B9A034607980D99C91820
:1023E0001180E8214058FEF703FA04990246079845
:1023F0000592405C17F06AFCFEF7FAF90146059871
:1024000013F034FA069B079A0A99044608980E942A
:10241000D25CD207920F8018405EFEF7E9F90146C0
:102420000E9813F055FA0A9A0B990E900F98895E40
:10243000401809900E98FEF753FA024609980B4689
:1024400018491BF017FB0A9A0B990F98895E4018E0
:10245000FDF73FFF0B9902460D988018088016E0A3
:102460000F98002200920DA90191895E40180B4936
:102470001BF000FB009A01990F98895E4018FDF748
:1024800028FF019902460D9880180880FFE7002177
:102490000DA8405E10B010BDE803010043EB010041
:1024A00076EB010067EB010010B590B00F900020B3
:1024B00002900E900D900C900B900A90099008904D
:1024C000079006A90391088004A9202008701648E7
:1024D0004122120183189C794C705C798C701C79B4
:1024E000CC709C780C715B784B71805C887107A80C
:1024F000019007220DF036FC019A029B03990F9878
:10250000C95E401809491BF0B5FA029A03990F9861
:10251000895E4018FDF7DDFE02460398069989188A
:102520000180007810B010BD7800002016EC01008A
:1025300010B58AB004AB019303460198036107AB61
:102540001980826000691E49FDF798FE01460198D6
:1025500041604068002804D1FFE709A901200880F4
:1025600028E001984168C91C416040683B21FDF7A3
:10257000A6FE0146019801600068002804D1FFE72B
:1025800009A90120088015E0019908684968411AE5
:1025900003A801800021405E0E2804D0FFE709A9AE
:1025A0000120088006E0019840680CF0F1FC09A9C0
:1025B0000880FFE7002109A8405E0AB010BDC046B0
:1025C00014EB010010B581B030490868009008682C
:1025D00001221207104308602D4A10680020106085
:1025E0002C4A136810602C4A136810602B4A136839
:1025F00010602B4A136810602A4A136810602A4C36
:1026000022682A4B1A432260294C22681A4322600E
:10261000284C22681A432260274C22681A43226001
:10262000264C22681A432260254C22681A432260F5
:10263000244A14681060244A14681060234A1468FD
:102640001060234A14681060224A14681060224AFD
:1026500014681060214A106818431060204A1068FE
:10266000184310601F4A1068184310601E4A106813
:10267000184310601D4A1068184310601C4A106807
:10268000184310600098086001B010BD2020004081
:102690000C0D02404C0D02408C0D0240CC0D02404E
:1026A0000C1D02404C1D0240000D0240FFFF0000C7
:1026B000400D0240800D0240C00D0240001D02404E
:1026C000401D0240200D0240600D0240A00D02405E
:1026D000E00D0240201D0240601D0240240D02401A
:1026E000640D0240A40D0240E40D0240241D02408E
:1026F000641D024010B596B01C2001210E910CF013
:102700003BF914A80D9007210C910FF069FF0D9A69
:102710000024119494705470147080200B900D213B
:10272000129101F0DFFE0D9AC0200990052103915E
:1027300001F0D8FE03990D9A0E980003139001F052
:10274000D1FE0D9A09980B21069101F0CBFE0D9A4E
:1027500013980C21019101F0C5FE0D9A40200F90B5
:102760000F2101F0BFFE03990D9A099801F0BAFEFE
:102770000D9A0F980221009101F0B4FE03990D9A71
:10278000099801F0AFFE00990D9A139801F0AAFE86
:102790000D9A13980321059101F0A4FE0D9A139848
:1027A0000421109101F09EFE0D9A10990B9801F0F2
:1027B00099FE0D9A0F980E21029101F093FE019956
:1027C0000D9A0F9801F08EFE0D9A12990F9801F054
:1027D00089FE0C990D980FF003FF06990B980D9A3E
:1027E0000E9B94705470137001F07CFE0D9A0B9840
:1027F0000A21089101F076FE06990D9A099801F0D8
:1028000071FE02990D9A139801F06CFE03990D9ACE
:10281000099801F067FE0C990D980FF0E1FE0C99F4
:102820000D980E9A119B837043704271C2700270B2
:102830000FF0D6FE0D9A0E9810995070D07041206E
:102840008001049001F04EFE03990D9A049801F066
:1028500049FE0C990D9A119801F044FE05990D9AC4
:102860000B9801F03FFE0D9A0F9808210A9101F094
:1028700039FE0D9A0F980921079101F033FE0D9A48
:102880000B98062101F02EFE08990D9A0F9801F081
:1028900029FE06990D9A0F9801F024FE07990D9ACA
:1028A000099801F01FFE08990D9A099801F01AFE87
:1028B0000C990D980FF094FE09980A990D9A0E9BA9
:1028C000537001F00FFE0C990D9A0B9801F00AFE5F
:1028D0000C990D980FF084FE0D9A0F980E9901F047
:1028E00001FE0D9A1099119801F0FCFD0D9A1299B4
:1028F000139801F0F7FD0E990F9801F07BFE1099E7
:10290000119801F077FE1299139801F073FE16B03A
:1029100010BD000080B586B004A9002008800BF02F
:10292000BFFD032003900CF061F8022001900CF031
:102930005DF804200CF09CF80CF008F903980CF0FA
:102940006DF80198012102910BF0D8FD11200CF0D7
:1029500079F810200CF076F8039908460CF0D4F8BA
:1029600003980CF09DF8029B039A214921480860C6
:102970002148086021490868059008681B0718432A
:1029800008601F4908689203104308601D490868E1
:10299000082210430860FFE7002004A9095E1A4AD4
:1029A0009142009007DCFFE7184800688009012188
:1029B00048400090FFE70098C007002808D0FFE7D4
:1029C00001200FF07DFF0498401C04A90880E3E774
:1029D000002104A8405E0C49884206DCFFE77C49E0
:1029E0000878012210430870FFE706B080BDC0469A
:1029F000082000405A5A0000A5A5000020200040F1
:102A00008C0D0240002000405702000018200040BA
:102A100080B584B003A93120087002A9482008704D
:102A200001A9682008706946E8208870104808806D
:102A30003E20032201231AF0BFF9012807D1FFE746
:102A40003E206946032201231AF0B6F9FFE79348B6
:102A50006946032202F07EF8012806D1FFE78F487D
:102A60006946032202F076F8FFE704B080BDC04655
:102A7000B1C800007047000080B582B0012008F0A6
:102A800023FC012806D0FFE7022008F01DFC0128E6
:102A90000AD1FFE7012008F007FC022008F004FC3F
:102AA0004B490020887050E0042008F00DFC0128FC
:102AB0000ED1FFE71120012101910BF05DFF02F023
:102AC000FDFB042008F0F0FB0198414988703BE0D1
:102AD000202008F0F9FB012807D1FFE7202008F0AB
:102AE000E3FB3B49022088702DE0802008F0ECFBDE
:102AF000012807D1FFE7802008F0D6FB34490320E6
:102B000088701FE0082008F0DFFB012807D1FFE7ED
:102B1000082008F0C9FB2E490420887011E04020ED
:102B200008F0D2FB012807D1FFE7402008F0BCFBEA
:102B300027490520887003E025490E208870FFE7AB
:102B4000FFE7FFE7FFE7FFE7FFE708F0B9FB02B0A9
:102B500080BDC04680B586B003A802900A210FF060
:102B60003FFD242001210BF007FF02990020C870CF
:102B7000887017480078C007002806D1FFE703A92E
:102B8000032048701348088105E003A9022048701B
:102B900011480881FFE703A900200871487101204E
:102BA000019088710D48009002F00CFB009802F033
:102BB000D3FA0098019902F0EAFA019A1120032150
:102BC00001F082FB0098019902F0D1FA06B080BDB5
:102BD000301C002080F800009AF90000400F0040EF
:102BE00080B58CB00A9007A80C210FF0F9FC0A9868
:102BF0002A49884205D1FFE7042001210BF0BCFEE1
:102C00000EE00A982649884205D1FFE705200121F8
:102C10000BF0B2FE03E00BA9042008703AE0FFE7D6
:102C20000BF068FE07901F48089007A94020087223
:102C3000552048720020049088720A9801F01EFF07
:102C400005A8019007210FF0CBFC1C200121029167
:102C50000BF092FE019A0499029851705071D07055
:102C60001171107041208001039001F03BFC019A2A
:102C70000299039801F036FC029A0499039801F036
:102C8000A1FC029A0398114601F09CFC04980BA940
:102C90000870FFE70BA800780CB080BD000400406E
:102CA00000440040801A060010B592B0119010A8A0
:102CB000099001800220012106910BF05DFE06992A
:102CC0001C200BF059FE5D480190042102F0AAF887
:102CD00001980021089102F093F80699019802F0FA
:102CE0008FF80899019802F0AFF80699019802F060
:102CF000ABF8089A08200324214601F0E5FA0AA857
:102D0000049007210FF06CFC049A06985070D07064
:102D1000802003900521029101F0E4FB0299069ABC
:102D2000039801F04FFC049A0899517040200590D7
:102D300001F0D8FB08990598224601F043FC0CA845
:102D4000079010210FF04CFC069A079B08990998F0
:102D50005980E4029C804B2464020E949202DA8033
:102D6000119A0F92405E022806D0FFE7002110A8BA
:102D7000405E032812D1FFE7002110A8405E022820
:102D800004D1FFE70CA90420487003E00CA9082037
:102D90004870FFE70CA9C020087003E00CA9402090
:102DA0000870FFE7254800900CA902F098F80098F9
:102DB000042102F037F8022000210BF0DDFD12B0F3
:102DC00010BDC04680B58AB00220012103910BF0EE
:102DD000D3FD03991C200BF0CFFD1848009004216F
:102DE00002F020F800980021019102F009F80399FF
:102DF000009802F005F80199009802F025F803996F
:102E0000009802F021F8019A0820032101F05CFAF1
:102E100004A8029007210FF0E3FB0398029A507078
:102E20008020052101F05EFB0199029A0398107140
:102E3000402001F057FB0AB080BDC04600020040B0
:102E400010B592B0119010A8099001800320039052
:102E5000012106910BF090FD06991C200BF08CFDD2
:102E60003D480290042101F0DDFF02980021089105
:102E700001F0C6FF0699029801F0C2FF0899029876
:102E800001F0E2FF0699029801F0DEFF0399089A2B
:102E9000092001F019FA0AA8049007210FF0A0FBFD
:102EA000049A069908985170D17001F01BFB06999D
:102EB00008980222059201F085FB049A0899517046
:102EC000084601F00FFB059A0899084601F07AFBC5
:102ED0000CA8079010210FF083FB079908984880F1
:102EE00088800BF007FD069A079B0899044609980D
:102EF0000E949202DA80119A0F92405E022806D058
:102F0000FFE7002110A8405E032812D1FFE700214F
:102F100010A8405E022804D1FFE70CA904204870E5
:102F200003E00CA908204870FFE70CA9C020087036
:102F300003E00CA940200870FFE7074801900CA9A6
:102F400001F0CDFF0198042101F06CFF0320002166
:102F50000BF012FD12B010BD0040004080B586B0ED
:102F600003A802900A210FF03BFB112001210191DF
:102F70000BF002FD019902980222027000224270B9
:102F8000202282700A02828007225202C2808903B4
:102F9000018102F0A1F902F099F906B080BD0000AC
:102FA00080B58CB006A8009007210FF019FB1C20FB
:102FB000012105910BF0E0FC009A05980021029197
:102FC000917050708020019001F08CFA0299019864
:102FD0000222049201F0F6FA08A803900E210FF0E5
:102FE000FFFA059913200BF0C7FC0299059B039883
:102FF000017003228270C370017105234371C28086
:103000000172417303F0EEF8054803F06FF904987C
:103010000FF016FC059803F0C5F80CB080BDC04653
:10302000FFFF0000B0B594B0139012A900200690E5
:10303000087011A9059108800CA9887408820F9066
:103040000E900D900C9007A908740A9009900890B2
:10305000079041480521012208F0D6FDFFF7D8FC72
:10306000059906980880FFE7002111A8405E2328F3
:103070003CDCFFE7139B0022019211A80290815EC5
:103080005B181C46803480255B5D1B0164782343FC
:10309000CC0F09194C100CA9039164186370805E61
:1030A000C20F801840104018407818F0E7FC019AD1
:1030B0000399034602980493805EC20F8018401063
:1030C0004018407818F0E6FC019B0299039A0446E8
:1030D00004980019C95ECB0FC918491089184870A7
:1030E000FFE71198801C11A90880BDE711A90020F5
:1030F0000880FFE7002111A8405E1F2818DCFFE7C9
:103100001398002211A9895E08180246A432A4234C
:10311000C05C000152781043CA0F8918491007AAF1
:1031200089184870FFE71198801C11A90880E1E711
:1031300013990846C63080314422FDF76DF83E20D1
:103140000CA91322012319F037FE044807A9112204
:1031500001F000FD14B0B0BD081D024000040040A5
:1031600010B592B0119010A809900180012106912C
:1031700008460BF001FC06991C200BF0FDFB3E48B5
:10318000019004210BF024FE0198002108910BF01E
:103190000DFE069901980BF009FE089901980BF0B5
:1031A00029FE069901980BF025FE069A0720029049
:1031B0000321059101F088F802990AA804900FF004
:1031C0000FFA049A089850700221039101F08AF9CD
:1031D0000399069A089801F0F5F9049A0599069B57
:1031E0000898537001F07EF90599069A089801F045
:1031F000E9F90CA8079010210FF0F2F90698079949
:10320000089A4A80119A0F92400288800BF072FB54
:103210000899024609980E92405E022806D0FFE700
:10322000002110A8405E032812D1FFE7002110A85A
:10323000405E022804D1FFE70CA90420487003E097
:103240000CA908204870FFE70CA9C020087003E013
:103250000CA940200870FFE7074800900CA90BF06C
:1032600014FE009804210BF0B3FD012000210BF0A7
:1032700083FB12B010BDC0460001004080B50F2096
:1032800001210BF079FB00200C210BF0A9FE0BF0C3
:10329000C5FE80BD80B582B01020019001210BF0E9
:1032A0006BFBFEF733FF00F007F8019800210BF0ED
:1032B00063FB02B080BD000007490868022210408D
:1032C0000860704780B5044908680122104308600F
:1032D00002200FF0B5FA80BD0024004010B585B083
:1032E00000910146009804AA117003A9088002A861
:1032F0000023037012781202664BD21801920B88D9
:10330000019A1168114C2140C9181160007805B06C
:1033100010BDC04610B585B000910146009804AAC2
:10332000117003A9088002A800230370127812020A
:10333000584BD21801920B88019A5168034C2140D6
:10334000C9185160007805B010BDC0460000FFFFED
:1033500010B585B000910146009804AA117003A928
:10336000087002A80023037012781202494BD21889
:1033700001920B78019A116BDB07DB0C012424030B
:10338000A143C9181163007805B010BD83B002A92C
:10339000087001A800220270097809023D4A8918C4
:1033A0000091009AD16801231943D160007803B0DD
:1033B0007047C04683B002A9087001A800220270BD
:1033C00009780902334A89180091009AD1680123CB
:1033D0009943D160007803B07047C046B0B585B05E
:1033E00000910246009804A90A70039002A80022E6
:1033F000027009780902274A8918019103990B780C
:10340000019AD1689B079B0C03242403A143C9188C
:10341000D16003994B78019AD168DB079B0D012499
:103420006502A943C918D16003998B78019AD168C4
:10343000DB07DB0D2402A143C918D1600399CB78C7
:10344000019AD1685B075B0E7024A143C918D16053
:1034500003990B79019AD168DB071B0F0824A1435C
:10346000C918D16003994B79019AD168DB075B0FCA
:103470000424A143C918D16003998B79019AD168BA
:10348000DB079B0F0224A143C918D160007805B067
:10349000B0BDC046000C004080B5C046C04680BDEF
:1034A00084B0039002A8017001A900200870694649
:1034B00008700870FFE76846007802A9097888421A
:1034C0000EDAFFE7039869460978415C01984018D5
:1034D00001A90870FFE70098401C69460870EAE7F8
:1034E00001A8007804B0704784B0039002A801706E
:1034F00001A900200870694608700870FFE7684657
:10350000007802A9097888420EDAFFE70398694635
:103510000978415C0198401801A90870FFE70098FC
:10352000401C69460870EAE701A8007804B07047BB
:1035300085B0049003A8017002A95A20087001A95F
:1035400000200870049A00920870FFE701A8007834
:1035500003A9097888420EDAFFE7009801A90978E3
:10356000415C0298401802A90870FFE70198401CCE
:1035700001A90870EAE702A8007805B0704785B095
:10358000049003A8017002A95A20087001A9002024
:103590000870049A00920870FFE701A8007803A958
:1035A000097888420EDAFFE7009801A90978415CA2
:1035B0000298401802A90870FFE70198401C01A971
:1035C0000870EAE702A8007805B0704785B004905B
:1035D00003A8017002A95A20087001A900200870F0
:1035E000049A00920870FFE701A8007803A90978FF
:1035F00088420EDAFFE7009801A90978415C029839
:10360000401802A90870FFE70198401C01A9087042
:10361000EAE702A8007805B0704785B0049003A8D7
:10362000017002A95A20087001A900200870049AAC
:1036300000920870FFE701A8007803A90978884282
:103640000EDAFFE7009801A90978415C029840185A
:1036500002A90870FFE70198401C01A90870EAE779
:1036600002A8007805B0704785B0049003A80170E7
:1036700002A95A20087001A900200870049A00923B
:103680000870FFE701A8007803A9097888420EDADC
:10369000FFE7009801A90978415C0298401802A947
:1036A0000870FFE70198401C01A90870EAE702A82A
:1036B000007805B0704785B0049003A8017002A996
:1036C0005A20087001A900200870049A009208701E
:1036D000FFE701A8007803A9097888420EDAFFE71E
:1036E000009801A90978415C0298401802A9087065
:1036F000FFE70198401C01A90870EAE702A80078DA
:1037000005B0704785B0049003A8017002A95A2043
:10371000087001A900200870049A00920870FFE761
:1037200001A8007803A9097888420EDAFFE700981B
:1037300001A90978415C0298401802A90870FFE7C6
:103740000198401C01A90870EAE702A8007805B0BA
:103750007047000080B586B0049003A8017002AAEB
:10376000002111700078012804DCFFE705A9002082
:103770000870A8E004980078682804D0FFE705A93D
:10378000012008709FE003A800780A2804DCFFE706
:1037900005A90020087096E00498007A682804D0F3
:1037A000FFE705A9012008708DE00498407A002801
:1037B00009D0FFE70498407A012804D0FFE705A963
:1037C000012008707FE00498807A472804DBFFE737
:1037D00005A90120087076E00498407899281ED148
:1037E000FFE704988078992819D1FFE70498C078FA
:1037F000992814D1FFE704980079992805D0FFE7AC
:103800000498407999280AD1FFE70498807999288B
:1038100005D1FFE70498C079992821D0FFE702A9D4
:1038200000200870FFE702A80078062817DCFFE7F1
:10383000049802A90A7810184078264989183F226E
:103840001201895C884204D0FFE705A901200870B5
:1038500039E0FFE70298401C02A90870E3E7FFE7A0
:1038600003A800780499897A0D31884204DAFFE7C9
:1038700005A90020087026E00498817A0A18D27AF7
:1038800001920B31C9B2FFF70BFE01460198884245
:1038900004D0FFE705A90120087014E00499887A94
:1038A0004018007B162804D0FFE705A90120087006
:1038B00009E00749192008800499487A02F050FD70
:1038C00005A90870FFE705A8007806B080BDC046CE
:1038D000D40700207800002080B588B0069005A8A5
:1038E000017004A9002008709648807C4007C00F32
:1038F000002804D0FFE707A9002008701EE105A8F2
:103900000078002804DCFFE707A90020087015E113
:103910008C48007C012800D07EE08B488A21405CE6
:103920000390C02804D0FFE70398C1284CD06FE073
:1039300005A80078032804DCFFE707A90020087029
:10394000FCE0069800784F2818D1FFE706984078E9
:103950004B2813D1FFE7069880780D280ED1FFE79A
:103960000698C0780A2809D1FFE7774A8223D15CFC
:1039700004200143D15407A90870DFE006980078BD
:1039800045281CD1FFE706984078522817D1FFE759
:1039900006988078522812D1FFE70698C0784F2801
:1039A0000DD1FFE705A80078062804DCFFE707A98A
:1039B00000200870C2E007A907200870BEE0FFE7FA
:1039C00007A901200870B9E006980078C02804D043
:1039D000FFE707A901200870B0E005A800780528D6
:1039E00004DCFFE707A900200870A7E056498222FF
:1039F000885C04231843885472B608464030808897
:103A00008880086C086062B607A90620087095E0F7
:103A100007A90120087091E04A48007C022858D18B
:103A2000FFE705A80078022804DCFFE707A90020CB
:103A3000087083E00698007843499922895C88429F
:103A400009D0FFE706980078FF2804D0FFE707A910
:103A50000120087072E006984078002809D0FFE73E
:103A600006984078012804D0FFE707A901200870D4
:103A700064E006988078212804DBFFE707A901208D
:103A800008705BE005A8007806998978091D8842CE
:103A900004DAFFE707A9002008704FE00698817854
:103AA000C91C425C0292C9B2FFF71EFD0146029892
:103AB000884204D0FFE707A9012008703EE006997C
:103AC00048788A78121DD2B205F076F807A90870F6
:103AD00034E01C48007C00282AD1FFE71A488A21DC
:103AE000405C0190732804D0FFE7019874280AD045
:103AF0001AE0069800781349C8753C20088307A986
:103B0000012008701AE00F493C20088306980078CD
:103B1000FF2805D0FFE7069800780A498875FFE777
:103B200007A90120087009E007A90120087005E035
:103B3000FFE7FFE707A901200870FFE707A8007863
:103B400008B080BDE4070020E020002080B586B0EA
:103B5000049003A801700078012804DCFFE705A9A0
:103B600000200870B9E0049800785E49E122520014
:103B7000895C884209D0FFE704980078002804D0C7
:103B8000FFE705A901200870A7E004984078032802
:103B900013D0FFE70498407806280ED0FFE704987A
:103BA0004078102809D0FFE704984078112804D005
:103BB000FFE705A9012008708FE003A80078072817
:103BC00004DCFFE705A90020087086E0049840782F
:103BD000102830D1FFE70498807908280ED0FFE73D
:103BE00004988079042809D0FFE704988079022896
:103BF00004D0FFE705A9012008706EE00498417920
:103C000049008079884204D0FFE705A901200870A7
:103C100063E003A80078049989790931884204DABD
:103C2000FFE705A90020087057E004988079093063
:103C300002A908802FE004984078112826D1FFE7D8
:103C4000049880797B2804DBFFE705A90120087030
:103C500043E00498417949008079884204D0FFE725
:103C600005A90120087038E003A800780499897933
:103C70000931884204DAFFE705A9002008702CE02A
:103C800004988079093002A9088003E002A908207D
:103C90000880FFE7FFE70498002202A9895E0A185E
:103CA000521E12781202891E435CD218019289B208
:103CB00011F058FF01460198884204D0FFE705A99A
:103CC0000120087009E004994878002302AAD25E16
:103CD00004F0D6FF05A90870FFE705A8007806B034
:103CE00080BDC0467C21002080B5C046C04680BD56
:103CF00080B582B0014601A801800021405E002805
:103D000004D1FFE71F2014F04DF819E0002101A8AD
:103D1000405E012804D1FFE71F2014F043F80EE0B5
:103D2000002101A8405E032804D1FFE71F2014F002
:103D300039F803E01F2014F035F8FFE7FFE7FFE74D
:103D400002B080BD80B5B8B0379036A8018035A9E3
:103D500000201290088033903290319030902F9054
:103D60002E902D902C902A90299028902790269084
:103D7000259024902390EB482090EB481F90EB482F
:103D80001E90EB481D90EB481C9037981D99FCF74E
:103D900075FA3490349800282AD0FFE71D98FCF774
:103DA00098FA014634984018349034981BA9109121
:103DB0001AF00EFBE0491191FCF77FFBFCF73EFD8A
:103DC00010991A901B98401C1AF002FB1199FCF7ED
:103DD00074FBFCF733FD109919901B98401C1AF0E6
:103DE000F7FA1199FCF769FBFCF728FD1890FFE73B
:103DF00037981C99FCF742FA34903498002818D070
:103E0000FFE71C98FCF765FA014634984018349097
:103E10003498007830280BDBFFE734980078392895
:103E200006DCFFE73498FCF7E2FA16A90880FFE702
:103E3000FFE737982099FCF721FA3490349800284E
:103E400000D1FEE02098FCF744FA0146349840186F
:103E5000349034980078302828DBFFE734980078D5
:103E6000392823DCFFE73498FCF7C1FA1590159840
:103E7000B249884219DCFFE7B1480E900021418623
:103E800015991122920180180F90418015990171A6
:103E90000C21FFF7E9FB0E9902460F9802734522A9
:103EA00012018A5810219047FFE7FFE737981E99C3
:103EB000FCF7E4F93490349800284AD0FFE71E98C4
:103EC000FCF707FA01463498401834903498FCF710
:103ED0008EFA014614A801800088012838DBFFE72C
:103EE0009848DC21405C002815D1FFE714999448DC
:103EF0000C90954A80180D9041833921FFF7B4FB4F
:103F00000C9902460D98914BCA54492212018A58C5
:103F10003A2190471BE08B48DC21405C012815D1F9
:103F2000FFE7149986480A90874A80180B90C1864B
:103F30003921FFF799FB0A9902460B98834BCA5423
:103F4000492212018A583A219047FFE7FFE7FFE72D
:103F5000FFE737981F99FCF791F9349034980028BF
:103F60006ED0FFE71F98FCF7B4F90146349840186B
:103F7000349034987649FCF781F93499411A13A8A2
:103F800001800021405E072859DBFFE7002113A8CC
:103F9000405E192853DCFFE76A48DC21405C0028BA
:103FA00022D1FFE7664808906749002307934350F2
:103FB00040180990037643610361C36083604360E6
:103FC000349913AAD25EFCF727F909983921FFF733
:103FD0004BFB0899024609985C4BCA5449221201CE
:103FE0008A583A21904729E0F248DC21405C0128B8
:103FF00023D1FFE75248059053494018069000230B
:1040000004930363C362836243620362C3611C302F
:104010000376349913AAD25EFCF7FEF8069839218C
:10402000FFF722FB059902460698484BCA544922DD
:1040300012018A583A219047FFE7FFE7FFE7FFE7C1
:10404000FFE7444801218902FCF70DF900200290A6
:1040500033903290319030902F902E902D902C9064
:104060003748CD21890041182CA801901922FCF76E
:10407000D3F8019A029B379835A90391C95E40187D
:10408000354919F0F7FC029A03993798895E401870
:10409000FCF71FF9029A039903463598C018088067
:1040A0003798895E4018FEF7BDF8029A03990346D7
:1040B0003598C01808803798895E401836A90A8854
:1040C000264919F0D7FC029A03993798895E40185F
:1040D000FCF7FFF8029A039903463598C018088048
:1040E0003798895E40181E4919F0C4FC029A03995A
:1040F0003798895E4018FCF7ECF80299034603985C
:10410000359AD2180280405E012808DBFFE7359817
:10411000144908818878022210438870FFE7002044
:1041200038B080BD1EEB01000FEB010023EB010056
:1041300029EB010018EB010000007A44FFFF0000AA
:1041400078000020D8090020540400008D040000ED
:1041500036EC0100BC1700202FEB010090EB0100B2
:104160003EEB010084170020B0B582B001A9002009
:104170000870FFE7134801210902415C8030FFF716
:10418000E9FA014601A801700078012811DBFFE778
:1041900072B601A805780B4B1846803041190122F0
:1041A00014021A5D521B1A55D2B2FCF735F862B6EA
:1041B000FFE7FFE701A800780028DBDCFFE702B09B
:1041C000B0BDC046DC1F002010B584B003A900209C
:1041D0000870FFE715488021415C4030FFF77CFB09
:1041E000014603A801700078012816DBFFE772B6CC
:1041F00003A803780D4A029210464030C11880246B
:104200000194125DD21AFCF707F8019A0299039BF8
:10421000885CC01A885462B6FFE7FFE703A80078FD
:104220000028D7DCFFE704B010BDC046E020002026
:1042300080B582B001A900200870FFE71F48032164
:10424000C901415CC030FFF781FC014601A8017043
:10425000007801282ADBFFE772B601A80078174929
:104260000322D201895C884207DDFFE7134803215E
:10427000C901405C01A90870FFE7019B0F480321B9
:10428000C901425CD21A4254405C01280CDBFFE7B2
:1042900001A80178094A1046C03041180323DB0108
:1042A000D25CFBF7B9FFFFE762B6FFE7FFE701A8C3
:1042B00000780028C2DCFFE702B080BD7C2100202E
:1042C00080B5FEF77FFD80BD80B588B0034607A8A6
:1042D0000290037006AB0393197005A904910A704C
:1042E0000021019140560BF081F9019A029803993F
:1042F000805609780BF0C0F904980078012806D19F
:10430000FFE7002107A840560BF0A0F905E00021C7
:1043100007A840560BF080F9FFE708B080BD80B5D4
:1043200084B0019101460198039102A90880039885
:104330000022895E10F098FD04B080BD80B5C046B3
:10434000C046C046C04680BD82B001900091019831
:1043500000680099C8400121084002B07047000081
:1043600010B588B0079006A80190018005A90491B6
:10437000002000900870E9480D4940180290012182
:1043800003918902FBF76FFF009B019A029807993E
:10439000D25EFBF741FF03990498069AE04B1A811D
:1043A0001A78802422431A700170007808B010BD7A
:1043B0009A080000D809002010B586B0D7480079C7
:1043C000002807D1FFE717F0ABFA1B480A210AF0D3
:1043D0001DFC2FE0D2484089002803D1FFE700F000
:1043E0006DF926E015480DF0D9FD002820D0FFE733
:1043F00013480DF0D3FD05900598002815D0FFE770
:10440000059804A901910A220292FBF7ABFF0199DA
:10441000029AC34B0393962418550498401CFBF74B
:10442000A1FF039997228854FFE713F01BFFFFE7D2
:10443000FFE7FFE706B010BDF5E80100D5E8010091
:1044400092E9010080B584B00A46014603A80180C4
:1044500002A90A700088054A801809780022019292
:1044600007F0D2FB019804B080BDC046100E024098
:1044700080B586B0134600910146009805AA1180C8
:1044800004A9087003A803700078800012888018BF
:10449000134A80180290029809780022019207F0CE
:1044A000B3FB019806B080BD80B586B0134601917C
:1044B0000146019805AA118004A9087003A8037099
:1044C0000078800012888018054A801802900298AF
:1044D0000978012207F098FB002006B080BDC04695
:1044E000300D024010B586B00B46014605A800907D
:1044F000018004A901910B7003920088464A80183C
:1045000009780022029207F07FFB00980199029A35
:1045100003880C78A4001B19354C1A5100884A4AAC
:1045200080180978039A127807F06EFB00980199B9
:1045300000881E4A80180978039A527807F064FBB5
:104540000098019900881A4A80180978039A92788D
:1045500007F05AFB009801990088164A80180978DC
:10456000039AD27807F050FB009801990088124A0C
:1045700080180978039A127907F046FB0098019990
:1045800000880E4A80180978039A527907F03CFB9C
:10459000029803998B790A4A1168DB071B0C0124E6
:1045A000E403A143C918116006B010BD000D02401C
:1045B0001C0D0240200D0240240D02402C0D024033
:1045C000080F024084B0134600910246009803A9E8
:1045D0000A8002AA107001A8037000780988127876
:1045E00092008918024A8850002004B07047C046E3
:1045F000000C024080B582B00A46014601A8018045
:1046000069460A700088044A80180978012207F078
:10461000FBFA002002B080BD0C0D024080B584B0D2
:1046200013460A46014603A8018002A90A7001AA9E
:1046300013700088044BC0180978127807F0E4FA68
:10464000002004B080BDC046080D024080B533484C
:10465000407D002808DCFFE73049487D401C487554
:10466000322013F09FFB02E00DF03EFCFFE780BD1F
:1046700080B52A48407D002808DCFFE72749487DAF
:10468000401C4875322013F08DFB15E0234800894B
:10469000012807DBFFE712F043FA20490889401E92
:1046A000088108E01E490878202210430870FF2086
:1046B00013F078FBFFE7FFE780BDC04680B51748E1
:1046C0000221405E002807DCFFE714490020087142
:1046D0004888401C488008E01149087804221043AB
:1046E0000870FF2013F05EFBFFE780BD80B50B482C
:1046F0000089012807DBFFE712F012FA0749088951
:10470000401E088108E006490878202210430870FE
:10471000FF2013F047FBFFE780BDC046E00A002002
:10472000D809002081B000200090FFE70098002801
:1047300001D1FFE7FAE701B0704780B5C046C04637
:1047400080BD80B5C046C04680BD000080B584B045
:10475000A54801900B2100910022039207F054FA22
:104760000099039A9F4807F04FFA00F0BDF80198AE
:104770000A210291012207F047FA00F0B5F80198EA
:104780000299039A07F040FA00F0AEF804B080BD39
:1047900080B582B069460820087092480B2101223A
:1047A00007F032FAFFE70198400001A908708E482F
:1047B0000A21012207F028FA00F096F849480B2157
:1047C000FFF7C2FD012806D1FFE701980121084348
:1047D00001A90870FFE784480A21002207F014FAB3
:1047E00000F082F80098401E69460870FFE700213B
:1047F000684640560028D6DCFFE7002101A8405655
:1048000002B080BD80B58CB00AA9087009A9082043
:104810000870FFE709AA1078411E117000282ED0F9
:10482000FFE70AA800780006002806D5FFE76E48D3
:104830000B21012207F0E8F90CE06B480B210791EE
:104840000022089207F0E0F90799089A654807F0F6
:10485000DBF9FFE700F048F8634805900A2106916C
:10486000012207F0D1F900F03FF8059806990022DF
:1048700007F0CAF90A9840000AA90870CAE759481F
:104880000B2104910122039207F0BEF900F02CF8ED
:10489000039A55480A2107F0B7F900F025F8049962
:1048A0001048FFF751FD01280AD1FFE74E480A21C1
:1048B0000122029207F0A8F902980BA908700BE0F8
:1048C00049480A210022019207F09EF900F00CF8F5
:1048D00001980BA90870FFE700210BA840560CB007
:1048E00080BDC046440D024081B069460720087073
:1048F000FFE7002168464056012805DBFFE70098E6
:10490000401E69460870F4E701B0704780B584B076
:1049100034480B210122019207F076F9FFF7E4FFFA
:10492000019A314802900A21039107F06DF9FFF7CF
:10493000DBFF02980399002207F066F9FFF7D4FF26
:1049400004B080BD80B586B0274803900A21049149
:104950000122009207F058F9009A224801900B2199
:10496000029107F051F9FFF7BFFF02990398002267
:10497000059207F049F901980299059A07F044F960
:10498000FFF7B2FF03980499059A07F03DF906B0C6
:1049900080BDC04680B586B0124803900B210491BB
:1049A0000022019207F030F9019A04990E48029012
:1049B00007F02AF9FFF798FF02980A2101220592D1
:1049C00007F022F9FFF790FF03980499059A07F082
:1049D0001BF9FFF789FF03980499059A07F014F96A
:1049E00006B080BD400D0240480D024080B586B043
:1049F000009101460098059104A9087003AA02924B
:104A0000012010700598083009780022019207F003
:104A1000FBF8019902980170007806B080BD82B061
:104A20000190684601210170019A91680823994319
:104A3000916000210170007802B0704782B0009050
:104A4000009880680007002804D5FFE701A901202D
:104A5000087003E001A900200870FFE701A80078B2
:104A600002B0704782B00190684600210170019940
:104A700049690170007802B07047000080B586B0C7
:104A80000490039102A90120087004982F498842DC
:104A900009D1FFE72E490868102290430860086892
:104AA0001043086008E02A49086820229043086003
:104AB000086810430860FFE70499002088600398A5
:104AC000007A049988600398416809010068884267
:104AD00004D2FFE705A90120087033E00398007AAB
:104AE00040281DD1FFE70499012008600399086858
:104AF0004968FBF725FFC008411E01A80170007836
:104B0000082805DCFFE70498002100F03EF9FFE7E4
:104B1000049801A9097800F026F902A908700DE0AF
:104B20000499002008600399487A40008A7A10436B
:104B300048720398407A04990861FFE7029805A932
:104B40000870FFE705A8007806B080BD00040040AB
:104B50002820004080B58CB00A900991089200206E
:104B6000079006AA0121117005A9087004A9087010
:104B70000898002804D1FFE706980BA90870EEE01A
:104B80000A98052100F001F9FFE7FFE70A98FFF70F
:104B900055FF00280CD1FFE70798401C07900798A5
:104BA000652804DBFFE706980BA90870D7E0EDE75E
:104BB000002007900A98FFF755FF014603A80170EF
:104BC000007808380290302800D98DE002988100E2
:104BD00001A040588746C0469D4C0000E94C0000AB
:104BE000E94C0000E94C0000E94C0000E94C0000F1
:104BF000E94C0000E94C0000AF4C0000E94C00001B
:104C0000E94C0000E94C0000E94C0000E94C0000D0
:104C1000E94C0000E94C0000C14C0000E94C0000E8
:104C2000E94C0000E94C0000E94C0000E94C0000B0
:104C3000E94C0000E94C0000E74C0000E94C0000A2
:104C4000E94C0000E94C0000E94C0000E94C000090
:104C5000E94C0000E94C0000C14C0000E94C0000A8
:104C6000E94C0000E94C0000E94C0000E94C000070
:104C7000E94C0000E94C0000E74C0000E94C000062
:104C8000E94C0000E94C0000E94C0000E94C000050
:104C9000E94C0000E94C0000E74C00000A980521AF
:104CA000FFF7A4FE0A987C2100F086F836E00A9807
:104CB0000521FFF79BFE0A987C2100F07DF82DE08E
:104CC00005A800780899884208D2FFE70A98099950
:104CD00005AA1278895C00F06FF8FFE70598401C80
:104CE00005A908701AE0FFE704A80078012809DC8C
:104CF000FFE70498401C04A908700A98052100F0F9
:104D000044F80AE00A980521FFF770FE0A98FFF7B9
:104D100086FE06980BA9087021E0FFE70A98FFF7C6
:104D20007EFE05A800780899884210D9FFE70A9806
:104D30000421019100F029F801200DF081FD019975
:104D40000A98FFF753FE0A98FFF769FE00E01CE798
:104D500006A90020087006980BA90870FFE70BA8A9
:104D600000780CB080BD84B000910146009803919A
:104D700002A9087001A8012202700978039A516003
:104D800000210170007804B0704780B586B00191B1
:104D900001460198059104A9087003A80290012218
:104DA000027005980830097806F02EFF029800215D
:104DB0000170007806B080BD84B000910146009873
:104DC000039102A9087001A8012202700978039AD0
:104DD000D16000210170007804B0704780B5C046F2
:104DE000C04680BD80B500F0FBF800F047F980BDFB
:104DF00080B500F053F980BD80B500F06FF980BD3B
:104E000080B584B0009101460098039102A9087012
:104E10000398143009780022019206F0F5FE0198FB
:104E200004B080BD80B584B0009101460098039124
:104E300002A908700398001D09780022019206F06B
:104E4000E3FE019804B080BD80B584B000910146B6
:104E50000098039102A908700398001D09780022A8
:104E6000019206F0D1FE019804B080BD80B584B0F7
:104E7000019101460198039102A908700398001D51
:104E80000978012206F0C0FE002004B080BD80B584
:104E900084B0019101460198039102A9087003981A
:104EA000001D0978012206F0AFFE002004B080BD8D
:104EB00080B586B0019101460198059104A908705A
:104EC00003AA029200201070059810300978FFF7AD
:104ED0003BFA014602980170007806B080BD80B5AB
:104EE0008CB00A90099108A901200870022007904F
:104EF00003200690042005900020039009980028C4
:104F000004D1FFE70BA9042008704BE00A990020A8
:104F10004860099948884A781043CA8810438A88AB
:104F20001043097808430A99486009980078402896
:104F300005D0FFE709980078C0282CD1FFE7099831
:104F4000C088C1097F208000014005A8405804A9FD
:104F500000910880099801908068FBF754FC009943
:104F6000024601980292C06809888840FBF74BFC12
:104F700001460298FBF7DEFA039003983F210906E9
:104F8000FBF742FAFBF75AFC0A9988610A98042158
:104F9000FFF76CFFFFE708A90020087008980BA92D
:104FA0000870FFE70BA800780CB080BD81B00090BE
:104FB00000980068C0B201B0704782B001906846A6
:104FC0000170027801990868FF23984380180860EF
:104FD000002002B0704780B5C046C04680BD0000CA
:104FE00080B5234800F0E3F801283FD1FFE72048CF
:104FF00000F0B2F81F48A021425A521C4252405EB3
:10500000022832DBFFE71B48A022002181529821B1
:105010004058002819D0FFE7164898214258521EE0
:105020004250405800280FD1FFE71148002100F0FE
:105030009EF8114908680822904308600D49887E4F
:10504000BF2210408876FFE70EE00948002100F0FB
:105050008EF8094908680822904308600549887E4F
:10506000BF2210408876FFE7FFE7FFE780BDC0461C
:10507000000F0040780000200C0F004080B506486B
:1050800000F095F8012806D1FFE7034800F064F826
:105090000CF03EFEFFE780BD400F004080B50E489B
:1050A0000121FFF705FF002807D0FFE70A4801218B
:1050B000FFF7A6FE14F098FFFFE707480021FFF76F
:1050C000F7FE002807D0FFE703480021FFF798FE0E
:1050D00014F05EFFFFE780BD0002004080B50E487F
:1050E0000121FFF7E5FE002807D0FFE70A4801216C
:1050F000FFF786FE14F0DCFFFFE707480021FFF70B
:10510000D7FE002807D0FFE703480021FFF778FE0D
:1051100014F0A2FFFFE780BD0040004081B00146CF
:10512000684601700B4A1168042319431160007826
:10513000012806D1FFE707490868022210430860EA
:1051400005E004490868022290430860FFE730BF89
:1051500001B0704710ED00E080B582B00190019879
:1051600014300022114606F04FFD02B080BD80B51C
:1051700084B0019101460198039102A90870039837
:105180000C300A78002106F03FFD04B080BD80B5E8
:1051900084B0019101460198039102A90870039817
:1051A0000C300A780A2106F02FFD04B080BD80B5CE
:1051B00082B00190019810300021FFF7C5F802B0CD
:1051C00080BD000010B584B0029001917D20C00028
:1051D00069460880019802780299C8685207920CC3
:1051E0000723DB0298438018C8600198427802992F
:1051F000C8689207920E302398438018C8600198BF
:1052000082780299C868D207920D01235C02A043FC
:105210008018C8600198C2780299C868D207D20D78
:105220001B0298438018C860019802790299C868E7
:10523000D207120F082398438018C860019842795A
:105240000299C868D207520F042398438018C86097
:10525000019882790299C868D207920F0223984375
:105260008018C860FFE76A461088411E1180002838
:1052700012D0FFE70298C0680006C00F002801D0D6
:10528000FFE709E068460088002804D1FFE703A98A
:10529000092008700CE0E6E7019802890299486845
:1052A000054B18408018486003A900200870FFE7EC
:1052B00003A8007804B010BD0000FFFF0249086891
:1052C00001229043086070472C2400400C49086874
:1052D000012210430860704781B000900849002007
:1052E0000860009A107893881843D388184353783D
:1052F00018431389184392781043086001B070472F
:105300002824004010B581B06A461070E848014674
:1053100080310B7D012423400B7513781030C35C62
:105320001C090B7D23430B751278805C0F22104003
:10533000C87401B010BDC04610B582B001AB187082
:105340001A78DB48014610318A5C14090246803223
:1053500094741B78C95C0F23194051743B21405C45
:10536000012830D1FFE7D2486821405E401C002868
:1053700021D1FFE7F9486421405CC00700281AD01A
:10538000FFE7F6486421405C8007C00F002808D082
:10539000FFE7F2499222885C012318438854009069
:1053A00007E0EE499222885CFE2318408854009062
:1053B000FFE7009806E0F7499222885C0123184332
:1053C0008854FFE7FFE702B010BDC04610B582B0B9
:1053D00001AB18701A78EF48014610318A5C140945
:1053E0000246803214741B78C95C0F231940D173B4
:1053F0003B21405C022830D1FFE7F4486821405E41
:10540000401C002821D1FFE7F0486421405CC00720
:1054100000281AD0FFE7FB486421405C8007C00FDA
:10542000002808D0FFE7F7499022885C0123184341
:105430008854009007E0F3499022885CFE231840CE
:1054400088540090FFE7009806E0EE499022885CBF
:10545000012318438854FFE7FFE702B010BDC046A0
:1054600010B582B001AB18701A78E64801461031C9
:105470008A5C14090246803294731B78C95C0F233E
:10548000194051733B21405C032830D1FFE7DD48D0
:105490006821405E401C002821D1FFE7D9486421E3
:1054A000405CC00700281AD0FFE7FC486421405C3C
:1054B0008007C00F002808D0FFE7F8498E22885CDB
:1054C000012318438854009007E0F4498E22885C39
:1054D000FE23184088540090FFE7009806E0EF494B
:1054E0008E22885C012318438854FFE7FFE702B04F
:1054F00010BDC04610B582B001AB18701A78E748ED
:10550000014610318A5C14090246803214731B78FC
:10551000C95C0F231940D1723B21405C042830D173
:10552000FFE7DE486821405E401C002821D1FFE7EC
:10553000DA486421405CC00700281AD0FFE7FD4824
:105540006421405C8007C00F002808D0FFE7F949BC
:105550008C22885C012318438854009007E0F549A9
:105560008C22885CFE23184088540090FFE7009846
:1055700006E0F0498C22885C012318438854FFE739
:10558000FFE702B010BDC04610B582B001AB187085
:105590001A78E848014610318A5C140902468032C4
:1055A00094721B78C95C0F23194051723B21405CF7
:1055B000052830D1FFE7DF486821405E401C002805
:1055C00021D1FFE7DB486421405CC00700281AD0E6
:1055D000FFE7FE486421405C8007C00F002808D028
:1055E000FFE7FA498A22885C012318438854009017
:1055F00007E0F6498A22885CFE2318408854009010
:10560000FFE7009806E0F1498A22885C01231843ED
:105610008854FFE7FFE702B010BDC04610B582B066
:1056200001AB18701A78E948014610318A5C1409F8
:105630000246803214721B78C95C0F231940D17165
:105640003B21405C062830D1FFE7E0486821405EFE
:10565000401C002821D1FFE7DC486421405CC007E2
:1056600000281AD0FFE7FF486421405C8007C00F84
:10567000002808D0FFE7FB498822885C01231843F3
:105680008854009007E0F7498822885CFE23184080
:1056900088540090FFE7009806E0F2498822885C71
:1056A000012318438854FFE7FFE702B010BDC0464E
:1056B000AC060020B0B582B001AB1870F7480246C6
:1056C000803291790124214091711C78014610317A
:1056D0000C5D250994792C4394711B78C95C0F23C8
:1056E000194051718022815CF723194081543B217C
:1056F000405C072830D1FFE7E8486821405E401C45
:10570000002821D1FFE7E5486421405CC00700285C
:105710001AD0FFE7E1486421405C8007C00F0028F1
:1057200008D0FFE7DD498022885C082318438854AD
:10573000009007E0D9498022885CF72318408854FC
:105740000090FFE7009806E0FA498022885C082371
:1057500018438854FFE7FFE702B0B0BDAC06002055
:1057600010B581B06A461070F248014680310B795D
:10577000012423400B7113781030C35C1C090B7992
:1057800023430B711278805C0F221040C87001B067
:1057900010BDC046AC06002010B581B06A4610703E
:1057A000E448014680318B78012423408B701378C4
:1057B0001030C35C1C098B7823438B701278805C9B
:1057C0000F221040487001B010BDC046AC0600204A
:1057D000B0B581B06A461070FC49B924085D012358
:1057E00018400855137808461030C35C1D090B5D3E
:1057F0002B430B551278805C0F221040BA2288543C
:1058000001B0B0BDAC06002010B582B001AA107086
:105810001378EE4801461031CB5C1B09BB240355BD
:105820001278895C0F221140BC2281544221405CD5
:10583000012831D1FFE7E5486A21405E401C00287D
:1058400022D1FFE7E1486421405C4007C00F0028F7
:105850001AD0FFE7DD486421405C0007C00F002834
:1058600008D0FFE7D949BB22885C0123184388543C
:10587000009007E0FB49BB22885CFE231840885457
:105880000090FFE7009806E0F649BB22885C012300
:1058900018438854FFE7FFE702B010BDAC060020B4
:1058A00010B582B001AA10701378FC48014610317F
:1058B000CB5C1B09BD2403551278895C0F22114073
:1058C000BE2281544221405C022831D1FFE7F348D7
:1058D0006A21405E401C002822D1FFE7EF48642186
:1058E000405C4007C00F00281AD0FFE7EB48642156
:1058F000405C0007C00F002808D0FFE7E749BD2241
:10590000885C012318438854009007E0E349BD22D6
:10591000885CFE23184088540090FFE7009806E05A
:10592000DE49BD22885C012318438854FFE7FFE766
:1059300002B010BDAC06002010B582B001AA1070F4
:105940001378FC4801461031CB5C1B09BF2403557A
:105950001278895C0F221140C02281544221405CA0
:10596000032831D1FFE7F3486A21405E401C00283C
:1059700022D1FFE7EF486421405C4007C00F0028B8
:105980001AD0FFE7EB486421405C0007C00F0028F5
:1059900008D0FFE7E749BF22885C012318438854F9
:1059A000009007E0E349BF22885CFE23184088543A
:1059B0000090FFE7009806E0DE49BF22885C0123E3
:1059C00018438854FFE7FFE702B010BDAC06002083
:1059D00010B582B001AA10701378FC48014610314E
:1059E000CB5C1B09C12403551278895C0F2211403E
:1059F000C22281544221405C042831D1FFE7F348A0
:105A00006A21405E401C002822D1FFE7EF48642154
:105A1000405C4007C00F00281AD0FFE7EB48642124
:105A2000405C0007C00F002808D0FFE7E749C1220B
:105A3000885C012318438854009007E0E349C122A1
:105A4000885CFE23184088540090FFE7009806E029
:105A5000DE49C122885C012318438854FFE7FFE731
:105A600002B010BDAC060020B0B581B06A4610701F
:105A7000FC49A224085D0123184008551378084604
:105A80001030C35C1D090B5D2B430B551278805CF5
:105A90000F221040A122885401B0B0BDAC060020F6
:105AA00010B582B001AA10701378EE48014610318B
:105AB000CB5C1B09A02403551278895C0F2211408E
:105AC0009F2281544921405C012831D1FFE7E548FC
:105AD0006C21405E401C002822D1FFE7E148642190
:105AE000405CC006C00F00281AD0FFE7DD486421E3
:105AF000405C8006C00F002808D0FFE7D949A022EB
:105B0000885C012318438854009007E0FB49A022D9
:105B1000885CFE23184088540090FFE7009806E058
:105B2000F649A022885C012318438854FFE7FFE769
:105B300002B010BDAC06002010B582B001AB1870E9
:105B40001A78FC48014610318A5C140902468032FA
:105B500094771B78C95C0F23194051774921405C29
:105B6000022831D1FFE7F3486C21405E401C002839
:105B700022D1FFE7EF486421405CC006C00F002837
:105B80001AD0FFE7EB486421405C8006C00F002874
:105B900008D0FFE7E7499E22885C01231843885418
:105BA000009007E0E3499E22885CFE231840885459
:105BB0000090FFE7009806E0DE499E22885C012302
:105BC00018438854FFE7FFE702B010BDAC06002081
:105BD00010B582B001AB18701A78FC48014610313C
:105BE0008A5C14090246803214771B78C95C0F2343
:105BF0001940D1764921405C032831D1FFE7F348B1
:105C00006C21405E401C002822D1FFE7EF48642150
:105C1000405CC006C00F00281AD0FFE7EB486421A3
:105C2000405C8006C00F002808D0FFE7E7499C22AF
:105C3000885C012318438854009007E0E3499C22C4
:105C4000885CFE23184088540090FFE7009806E027
:105C5000DE499C22885C012318438854FFE7FFE754
:105C600002B010BDAC060020B0B581B06A4610701D
:105C7000FC49AE24085D01231840085513780846F6
:105C80001030C35C1D090B5D2B430B551278805CF3
:105C90000F221040AF22885401B0B0BDAC060020E6
:105CA00010B582B001AA10701378EE480146103189
:105CB000CB5C1B09B02403551278895C0F2211407C
:105CC000B12281545021405C012830D1FFE7E548E2
:105CD0006E21405E401C002821D1FFE7E14864218D
:105CE000405C4006C00F002819D0FFE7DD48642162
:105CF000405CC009002808D0FFE7DA49B022885C80
:105D0000012318438854009007E0FC49B022885CC6
:105D1000FE23184088540090FFE7009806E0F749FA
:105D2000B022885C012318438854FFE7FFE702B0E4
:105D300010BDC046AC06002010B582B001AA10709C
:105D40001378EE4801461031CB5C1B09B224035591
:105D50001278895C0F221140B32281545021405C9B
:105D6000022830D1FFE7E5486E21405E401C002844
:105D700021D1FFE7E1486421405C4006C00F0028C4
:105D800019D0FFE7DD486421405CC009002808D035
:105D9000FFE7DA49B222885C012318438854009057
:105DA00007E0D649B222885CFE2318408854009050
:105DB000FFE7009806E0D149B222885C012318432E
:105DC0008854FFE7FFE702B010BDC046AC060020D4
:105DD00010B582B001AA10701378C848014610317E
:105DE000CB5C1B09B42403551278895C0F22114047
:105DF000B52281545021405C032830D1FFE7BF48D1
:105E00006E21405E401C002821D1FFE7BB48642181
:105E1000405C4006C00F002819D0FFE7B748642156
:105E2000405CC009002808D0FFE7B449B422885C70
:105E3000012318438854009007E0B049B422885CDD
:105E4000FE23184088540090FFE7009806E0AB4915
:105E5000B422885C012318438854FFE7FFE702B0AF
:105E600010BDC046AC06002010B582B001AA10706B
:105E70001378A24801461031CB5C1B09B6240355A8
:105E80001278895C0F221140B72281545021405C66
:105E9000042830D1FFE799486E21405E401C00285D
:105EA00021D1FFE795486421405C4006C00F0028DF
:105EB00019D0FFE791486421405CC009002808D050
:105EC000FFE78E49B622885C01231843885400906E
:105ED00007E08A49B622885CFE2318408854009067
:105EE000FFE7009806E08549B622885C0123184345
:105EF0008854FFE7FFE702B010BDC046AC060020A3
:105F0000B0B581B06A4610707C49A524085D0123B4
:105F100018400855137808461030C35C1D090B5D06
:105F20002B430B551278805C0F221040A622885418
:105F300001B0B0BDAC06002010B582B001AA10704F
:105F400013786E4801461031CB5C1B09A72403551A
:105F50001278895C0F221140A82281545721405C9D
:105F6000012830D1FFE765487021405E401C0028C1
:105F700021D1FFE761486521405CC00700281AD0A5
:105F8000FFE75E486521405C8007C00F002808D00D
:105F9000FFE75A49A722885C0123184388540090E0
:105FA00007E05649A722885CFE23184088540090D9
:105FB000FFE7009806E05149A722885C01231843B7
:105FC0008854FFE7FFE702B010BDC046AC060020D2
:105FD00010B582B001AA10701378484801461031FC
:105FE000CB5C1B09A92403551278895C0F22114050
:105FF000AA2281545721405C022830D1FFE73F4854
:106000007021405E401C002821D1FFE73B486521FC
:10601000405CC00700281AD0FFE738486521405C83
:106020008007C00F002808D0FFE73449A922885C08
:10603000012318438854009007E03049A922885C66
:10604000FE23184088540090FFE7009806E02B4993
:10605000A922885C012318438854FFE7FFE702B0B8
:1060600010BDC046AC06002010B582B001AA107069
:106070001378224801461031CB5C1B09AB24035531
:106080001278895C0F221140AC2281545721405C68
:10609000032830D1FFE719487021405E401C0028DA
:1060A00021D1FFE715486521405CC00700281AD0C0
:1060B000FFE712486521405C8007C00F002808D028
:1060C000FFE70E49AB22885C0123184388540090F7
:1060D00007E00A49AB22885CFE23184088540090F0
:1060E000FFE7009806E00549AB22885C01231843CE
:1060F0008854FFE7FFE702B010BDC046AC060020A1
:1061000080B5C046C04680BD80B500F065F880BD52
:1061100080B5C046C04680BD80B5C046C04680BD83
:1061200080B500F01BF9C046C04680BD80B5C046B2
:10613000C046C046C04680BDB0B588B0079006A82E
:106140000290018005A904910020019008700B4C79
:1061500020469630039001218902FAF784F8019BCA
:10616000029A03980699064D61530799D25EFAF791
:1061700053F80498007808B0B0BDC046E00A00208B
:106180009604000081B00146684601700078012243
:106190008240034908689043086001B07047C046D8
:1061A0002854004080B584B0014603A801700278ED
:1061B000054801900021029105F026FD0198029901
:1061C000FEF7C2F804B080BD0054004001480068EA
:1061D00080B270471854004080B50020FFF7D2FF0E
:1061E00080BD000010B582B0019001984278364918
:1061F00000910868D207520E402398438018086027
:10620000019802780868D207920E202398438018DC
:1062100008600198827808689207120F0C2398434F
:10622000801808600198C278086803231A409843D0
:10623000801808600198C07803280BD0FFE7019808
:10624000427B21490868D207D20E10239843801858
:106250000860FFE7019802791C490868D207D20B51
:106260001B4B184080180860019842790868520753
:10627000120C07246403A043801808600198C288A8
:106280000868144C2240144C204080180860019883
:10629000027A12490868D207D20B184080180860A9
:1062A0000198428908680E4B1A400E4B184080181E
:1062B00008600198027B0C49086803231A40984340
:1062C0008018086002B010BD04540040085400401B
:1062D000FFFFFEFFFF1F000000E0FFFF0C54004027
:1062E000FF0F000000F0FFFF3454004083B0014670
:1062F00001A801807D21C9006A46118000881449E7
:10630000086014490868022210430860FFE76A46E3
:106310001088411E1180002812D0FFE70E48006847
:106320008007C00F002801D1FFE709E06846008818
:10633000002804D1FFE702A90920087004E0E6E77D
:1063400002A900200870FFE702A8007803B0704798
:10635000205400401054004030540040704700006A
:10636000F0B5FFB0FFB0CFB00246DC486844027021
:10637000DB4A6A4411600021DA4A6A441160DA4A51
:106380006A4409211170D64A6A441268D17A090216
:10639000127B8918D54A6A4411800078002801D000
:1063A00000F044FFCE4969440968D148779009223A
:1063B000F9F732FF7798CF493F2212018918401C24
:1063C0000722F9F729FFC94868440088CA494018DC
:1063D0007890102801D900F013FF7898810001A06F
:1063E00040588746D36800002964000077650000A4
:1063F000096700003B6C00000D680000017200009E
:10640000396C0000456A00002B6D00002B6E000007
:10641000C96E0000676F000029700000316B00003A
:10642000C770000063710000AD4868440068427A9C
:1064300080200243AC49694475910B78581C087060
:10644000AB487690C2540B785A1C0A700022C25492
:10645000A34A6A441268D27A0B785C1C0C70C2544E
:106460009F4A6A441268127B0B785C1C0C70C25401
:1064700009784018A1497391143110227292F9F7EA
:10648000CBFE729A7399759B7698974C6C442468EE
:1064900010341C701B78C0182831F9F7BDFE7399B1
:1064A000759A7698904B6B441B6810331370147870
:1064B000631C13701F2303551478651C1570035556
:1064C0001478651C15700355127880185531142204
:1064D0007492F9F7A1FE7399749A759B7698824C21
:1064E0006C44246814341C701B78C0183C31F9F7D4
:1064F00093FE759976987C4A6A44126814320A7041
:106500000E7884197B4A7E4BD55C8555D218D3789A
:10651000E3709378A37053786370734B6B441B687C
:106520001B1D0B70D37E0C78651C0D700355927E7D
:106530000B785C1C0C70C2546B4A6A4412680B3AAC
:1065400082720978FCF7ACFF759B76991A788854AB
:10655000654868440068401C18701A78501C187010
:1065600016208854674868440068401C654969449F
:10657000087000F04BFE5A4868440068417A802059
:106580000143594C6C446E942278501C207058483A
:10659000709081542278511C217000217191815496
:1065A0004F4969440968C97A2278531C2370815481
:1065B0004B4969440968097B2278531C2370815434
:1065C0004C493D22120189186F91CA7923785D1CCC
:1065D0002570C254CA8823785D1C2570C2544A684D
:1065E000120A23785D1C2570C2544A6823785D1C0A
:1065F0002570C254CA7A23785D1C2570C2544A891A
:1066000023785D1C2570C2548A68120A23785D1CA9
:106610002570C2548A6823785D1C2570C254CA7BD9
:1066200023785D1C2570C254CA8923785D1C2570AF
:10663000C254CA68120A23785D1C2570C254CA6805
:1066400023785D1C2570C254CA7C23785D1C25709C
:10665000C2544A8A23785D1C2570C2540A69120A02
:1066600023785D1C2570C2540A6923785D1C25704F
:10667000C2540A7D23785D1C2570C254CA7D2378DC
:106680005D1C2570C2548A7D23785D1C2570C25420
:106690004A7E23785D1C2570C254097E2278531CE3
:1066A000237081541049694409680B39817221783B
:1066B000FCF7F6FE709A014671982378D1540A4986
:1066C00069440968491C21702378591C21701621DE
:1066D000D1540C496944087000F098FD2C05000065
:1066E0002805000024050000200500001805000012
:1066F000DC1F002078000020E16FFFFFD809002098
:10670000540400001C050000CB4868440068417A2E
:1067100080200143C94C6C446B942278501C20703B
:10672000C7486C9081542278511C217000216D91D2
:106730008154C14969440968C97A2278531C23707D
:106740008154BD4969440968097B2278531C237030
:106750008154F44A11218B01D118D25C23785D1C3D
:106760002570C2544A7823785D1C2570C254CA78BB
:1067700023785D1C2570C2548A7823785D1C2570AF
:10678000C254CA7923785D1C2570C2548A79237853
:106790005D1C2570C2548968E34A6A441160E2496D
:1067A0006944CA7823785D1C2570C25449882278D0
:1067B000531C23708154DC4969440968090A227812
:1067C000531C23708154D849694409682278531CAA
:1067D000237081549949694409680B398172217881
:1067E000FCF75EFE6C9A01466D982378D15493496C
:1067F00069440968491C21702378591C21701621AD
:10680000D154CA496944087000F000FD8A486844C0
:106810000068417A80200143884C6C446894227857
:10682000501C20708648699081542278511C217038
:1068300000216A918154804969440968C97A2278A3
:10684000531C237081547C4969440968097B227870
:10685000531C23708154B349412212018B189D7936
:106860002678771C277085555D792678771C2770E8
:1068700085551D792678771C277085559D78267853
:10688000771C277085555B7825786E1C26704355DC
:10689000895C2278531C23708154684969440968D3
:1068A0000B3981722178FCF7FBFD699A01466A98E1
:1068B0002378D154614969440968491C21702378BF
:1068C000591C21701621D15498496944087000F070
:1068D0009DFC594868440068407A80210843574C21
:1068E0006C4462942278511C2170554966918854F9
:1068F0002278501C20700020679088544E486844CD
:106900000068C07A2278531C237088544A4868442F
:106910000068007B2278531C23708854814965915C
:10692000672080000858D92252006392895C0FF0DA
:10693000BDF8639A6599669B7B4D6D4428607A48E3
:1069400068446490C5782678771C27709D554088E8
:1069500025786E1C26705855734868440068000AF4
:1069600025786E1C267058556F4868440068257855
:106970006E1C26705855E8200858895C0FF096F870
:10698000649B659A679905466698674E6E443560C4
:10699000DD782678771C277085555B8825786E1CF6
:1069A00026704355604B6B441B681B0A25786E1C90
:1069B000267043555C4B6B441B6825786E1C267013
:1069C0004355FF23B433D35C0F252B4025786E1C31
:1069D00026704355A3235B00D5186D782678771C65
:1069E00027708555D35C25786E1C26704355382357
:1069F000D25C23785D1C2570C2542278531C23700E
:106A000081540E49694409680B3981722178FCF779
:106A100047FD669A014667982378D154074969442F
:106A20000968491C21702378591C21701621D15402
:106A30003E4969440870E9E328050000200500008C
:106A4000DC1F0020754868440068417A80200143BB
:106A5000734C6C445F942278501C20707148609095
:106A6000815421784A1C22700022619242546B4961
:106A700069440968C97A23785D1C2570C154674947
:106A800069440968097B23785D1C2570C1546649F7
:106A90008B685B8825786E1C267043558B681B6855
:106AA0001B0A25786E1C267043558B681B68257859
:106AB0006E1C2670435523785D1C2570C2542378C4
:106AC0005D1C2570C25423785D1C2570C2548B68F0
:106AD0005B7925786E1C2670435523785D1C2570E4
:106AE000C254896809792278531C237081544C4917
:106AF000694409680B3981722178FCF7D1FC609AEE
:106B0000014661982378D154454969440968491C74
:106B100021702378591C21701621D15403496944EE
:106B2000087073E378000020240500001C050000B5
:106B30003A4868440068417A80200143384C6C44EC
:106B40005C942278501C207036485D9081542278E5
:106B5000511C217000215E918154304969440968BB
:106B6000C97A2278531C237081542C4969440968DE
:106B7000097B2278531C2370815428496944096891
:106B8000497B2278531C237081542849E4228A5877
:106B9000274B6B441A60264A6A44D37825786E1CCA
:106BA00026704355528823785D1C2570C254204AB4
:106BB0006A441268120A23785D1C2570C2541C4A6C
:106BC0006A44126823785D1C2570C254A3225200C7
:106BD0008B185B7825786E1C26704355895C22786B
:106BE000531C237081540E49694409680B39817222
:106BF0002178FCF755FC5D9A01465E982378D154C4
:106C0000074969440968491C21702378591C21707F
:106C10001621D154074969440870F7E2280500009D
:106C200020050000DC1F0020E40700207800002081
:106C3000240500001C050000E8E2F24868440068F2
:106C4000417A80200143F04C6C4456942278501CC9
:106C50002070EE485A9081542278511C21700021F6
:106C60005B918154E74969440968C97A2278531CC9
:106C700023708154E34969440968097B2278531CD5
:106C80002370815421784018E1495991E14A8918CB
:106C9000579119225892F9F7BFFA579B589A599968
:106CA0005A98D94D6D442D6819352570DD7E2678AA
:106CB000771C277085559B7E25786E1C2670435562
:106CC0002378C01847231B01C918F9F7A5FA599969
:106CD0005A98CD4A6A44126819322270CE4A8B18EB
:106CE0005B7825786E1C26704355895C2278531C8E
:106CF00023708154C449694409680B398172217831
:106D0000FCF7CEFB5A9A01465B982378D154BE49D2
:106D100069440968491C21702378591C2170162187
:106D2000D154BE496944087070E2B64868440068AE
:106D3000417A80200143B44C6C4453942278501C17
:106D40002070B248549081542278511C2170002147
:106D500055918154AB4969440968C97A2278531C1A
:106D600023708154A74969440968097B2278531C20
:106D700023708154A649AD22D300CA18C958A84B24
:106D80006B441960A6496944CB7825786E1C26703F
:106D900043554B8825786E1C26704355A04B6B4499
:106DA0001B681B0A25786E1C267043559C4B6B4450
:106DB0001B6825786E1C267043555268984B6B44AF
:106DC0001A60CA7823785D1C2570C25449882278DD
:106DD000531C23708154924969440968090A227836
:106DE000531C237081548E49694409682278531CCE
:106DF000237081548449694409680B398172217870
:106E0000FCF74EFB549A014655982378D1547E499D
:106E100069440968491C21702378591C2170162186
:106E2000D1547E4969440870F0E1764868440068AE
:106E3000417A80200143744C6C4450942278501C59
:106E400020707248519081542278511C2170002189
:106E5000529181546B4969440968C97A2278531C5C
:106E600023708154674969440968097B2278531C5F
:106E700023708154217840186549CD2292008918E9
:106E80001922F9F7C9F951985F496944096819311C
:106E900021705D49694409680B3981722178FCF7DA
:106EA000FFFA519A014652982378D15456496944C1
:106EB0000968491C21702378591C21701621D1546E
:106EC000564969440870A1E14E4868440068417A17
:106ED000802001434C4C6C444D942278501C20700F
:106EE0004A484E9081542278511C217000214F91C4
:106EF0008154444969440968C97A2278531C237033
:106F00008154404969440968097B2278531C2370E5
:106F10008154217840183E49D522920089181922BF
:106F2000F9F77AF94E98384969440968193121709E
:106F30003549694409680B3981722178FCF7B0FA48
:106F40004E9A01464F982378D1542F4969440968D5
:106F5000491C21702378591C21701621D1542F49C6
:106F60006944087052E1274868440068417A8020EB
:106F70000143254C6C444A942278501C20702348CD
:106F80004B9081542278511C217000214C918154E6
:106F90001C4969440968C97A2278531C23708154BA
:106FA000184969440968097B2278531C237081546D
:106FB0002178401816491B4A89181922F9F72CF92B
:106FC0004B98114969440968193121700E49694487
:106FD00009680B3981722178FCF762FA4B9A0146F5
:106FE0004C982378D154084969440968491C217098
:106FF0002378591C21701621D1540849694408701E
:1070000004E1C0462805000020050000DC1F002028
:1070100078000020540400008A0400001C050000D1
:10702000240500006D030000F44868440068417ABC
:1070300080200143F24C6C4447942278501C20700D
:10704000F048489081542278511C217000214991C8
:107050008154EA4969440968C97A2278531C23702B
:107060008154FB4969440968097B2278531C2370C9
:10707000815421784018F949E32292008918192295
:10708000F9F7CAF84898F349694409681931217039
:10709000F049694409680B3981722178FCF700FADC
:1070A000489A014649982378D154EA4969440968C5
:1070B000491C21702378591C21701621D154F249A2
:1070C00069440870A2E0E24868440068417A802080
:1070D0000143E04C6C4444942278501C2070DE48FC
:1070E000459081542278511C217000214691815491
:1070F000D74969440968C97A2278531C237081549E
:10710000D34969440968097B2278531C2370815450
:1071100021784018DB49DD4A89181422F9F77CF8F8
:107120004598CC496944096814312170C9496944BA
:1071300009680B3981722178FCF7B2F9459A01464A
:1071400046982378D154C34969440968491C217081
:107150002378591C21701621D154CB4969440870F9
:1071600054E0BB4868440068417A80200143B94C30
:107170006C4441942278501C2070B748429081544E
:107180002278511C2170002143918154B0496944F7
:107190000968C97A2278531C23708154AC49694428
:1071A0000968097B2278531C237081542178401888
:1071B000B4499522D20089182022F9F72DF8429877
:1071C000A4496944096814312170A24969440968D5
:1071D0000B3981722178FCF763F9429A0146439892
:1071E0002378D1549B4969440968491C217023784C
:1071F000591C21701621D154A3496944087005E037
:10720000A34969440120087001F0BEFC914868441C
:107210000178914816F008FB8D4868440068807A30
:107220000D309B496944087001F0AEFC99486844F0
:107230000078012801D001F0A1FC9748684400883B
:10724000964988421CD0FFE79348684400889449D7
:10725000884215D0FFE790486844008891498842E9
:107260000ED0FFE78C48684400888F49884207D0D9
:10727000FFE78948684400888C4988420ED1FFE7BF
:107280008B4887214900405C042806D1FFE78049EC
:1072900069440120087001F077FC15E07E486844DD
:1072A0000088844988420ED1FFE781488721490040
:1072B000405C042806D0FFE7754969440120087046
:1072C00001F062FCFFE7FFE7614969440968624831
:1072D0003F900922F8F7A0FF3F986A493F22120128
:1072E0008918401C0722F8F797FF6B48684400880C
:1072F00040906B49884200D1F0E140986D49884246
:1073000001D101F016FA40986749884201D101F095
:107310008CF840986849884201D101F029F94098D9
:107320006049884200D197E240986449884201D17F
:1073300001F092F940986249884201D100F049FE7B
:1073400040986049884201D100F0CBFE40985E49E8
:10735000884201D100F02EFF40985C49884201D15B
:1073600000F091FF40985A49884201D100F0F5FFA2
:1073700040985849884200D116E3409856498842BF
:1073800000D187E340985549884200D1F9E34098FD
:107390005349884201D100F0A8FC409851498842E5
:1073A00001D100F01EFD40984F49884201D100F004
:1073B00094FD40983949884200D1FDE040983B490E
:1073C000884207D0FFE740984849884200D1C5E08D
:1073D00001F0A7FB2B48007EC007002814D0FFE770
:1073E0001B4868440068407A90210843194B6B445D
:1073F0001A78511C19701849885495E02805000026
:1074000020050000DC1F0020114868440068407A15
:10741000802108430F4B6B441A78511C19700E4998
:1074200088540B4868440068407B000915493E9128
:10743000B72252003D9288541D4809214901415804
:10744000002088473D993E98405C002852D107E0D3
:107450002805000020050000DC1F00207800002027
:10746000234868440068407B0F2108400549FD22FD
:10747000520088541E4868440068807BFF22FC321A
:10748000885450E0780000201C050000940400009F
:10749000300500002C0500001805000018900000C1
:1074A00001900000059000000390000055FA0000D4
:1074B000AC0600200290000004900000069000003E
:1074C0000790000008900000099000000A9000005A
:1074D0000B9000000C9000000D9000000E9000003A
:1074E0000F900000109000001190000099FA000029
:1074F00028050000E248B7214900405C012811D16D
:10750000FFE7E04868440068407B0F210840DC4901
:107510004322D20089180874DA4868440068807BE6
:107520004874FFE7FFE7FFE7D74C6C442278501C14
:107530002070D64900208854D24868440068C07A38
:107540002278531C23708854CE4868440068007B1E
:107550002278531C2370885401F0E8FAC948684423
:107560000068407A80210843C74C6C443A942278E2
:10757000511C2170C5493C918854C5484721890058
:10758000415800203B9088473B983C992278531CF7
:1075900023708854BB4868440068C07A2278531C22
:1075A00023708854B74868440068007B2278531CD5
:1075B0002370885401F0BAFAB148007EC007002851
:1075C0000ED0FFE7AF4868440068407A9021084336
:1075D000AD4B6B441A78511C1970AC49885459E072
:1075E000A84969440968CA7CAA48684439908271EC
:1075F0004B7C8A7C1202D21882804B7B8A7B1202DF
:10760000D218CB7B1B04097C0906C9188918A14A2A
:107610006A4411600721FBF7B2FF01463998C17136
:1076200097497F22D2008A580821904700280ED01F
:10763000FFE7944868440068407A90210843924BE1
:107640006B441A78511C19709049885421E08C4879
:107650003F21090140188F4969440822F8F7DCFDF1
:10766000884868440068407A80210843864B6B4410
:107670001A78511C1970854988548548872149001A
:10768000405C2C214143844841182822062088541C
:10769000FFE7FFE77A483F21090141187B4838900E
:1076A000401C0722F8F7B8FD3899774C6C442278D3
:1076B000501C207000208854724868440068C07ACA
:1076C0002278531C237088546E4868440068007BFD
:1076D0002278531C2370885401F028FA6848007EF1
:1076E000C00700280ED0FFE7664868440068407A6B
:1076F00090210843644B6B441A78511C19706349FC
:1077000088548FE05F4969440968487B00068A7B9A
:1077100012048018CA7B12028018097C40185F4945
:1077200069440860574969440968487C00068A7CB6
:1077300012048018CA7C12028018097D401858492A
:10774000694408604F4969440968487D00068A7D9C
:1077500012048018CA7D12028018097E401851490F
:1077600069440860474969440968487E00068A7E82
:1077700012048018CA7E12028018097F40184A49F4
:10778000694408603F4868440068417FFFA8F830BA
:10779000379081823B4A6A441268917F0902D27F06
:1077A0008918C182374A6A4412682021515C090253
:1077B0002123D25C891801831A21FBF7E0FE0146E0
:1077C000379881762E49FB2292008A581C219047D7
:1077D00000280ED0FFE72B4868440068407A9021CB
:1077E0000843294B6B441A78511C19702749885457
:1077F00017E023483D2109014018FFA9F8311CC9B1
:107800001CC03CC93CC01F4868440068407A8021C5
:1078100008431D4B6B441A78511C19701B4988543E
:10782000FFE7FFE7184C6C442278501C2070174982
:1078300000208854134868440068C07A2278531C9A
:10784000237088540F4868440068007B2278531CDA
:107850002370885401F06AF90948007EC0070028A7
:1078600024D0FFE7074868440068407A9021084325
:10787000054B6B441A78511C19700449885479E0FF
:10788000780000202805000020050000DC1F0020F3
:10789000AC0600201005000038080020F8040000A5
:1078A000FC0400000005000004050000FFA8BC3037
:1078B00036903A213591F8F7D6FC3698EA49694472
:1078C00009680D3119223392F8F7A6FC339A3698DD
:1078D000E54B6B441B682621595C090227241B5D7C
:1078E000C91841831C30E049694409682831F8F718
:1078F00093FC3698DC4A6A4412684121515C0902C3
:107900004223D25C8918C18639213491FBF737FEB6
:10791000349B359902463698C254D44A49231B01F8
:10792000D258904700280ED0FFE7CF48684400683F
:10793000407A90210843CE4B6B441A78511C197041
:10794000CC49885415E0C948CB494018FFA9BC313F
:107950003A22F8F761FCC44868440068407A802104
:107960000843C34B6B441A78511C1970C1498854A1
:10797000FFE7FFE7BE4C6C442278501C2070BD49E5
:1079800000208854B84868440068C07A2278531CA4
:1079900023708854B44868440068007B2278531CE4
:1079A0002370885401F0C2F8B048007EC007002858
:1079B0000ED0FFE7AC4868440068407A9021084345
:1079C000AB4B6B441A78511C1970AA49885447E094
:1079D000A6483090A9494118FFA88430329035223A
:1079E0003192F8F719FC32989F49694409680D31C2
:1079F0001422F8F711FC329834242146FBF7BFFD1E
:107A0000309A31990346329803559D4BD25890478E
:107A100000280ED0FFE7944868440068407A90211F
:107A20000843934B6B441A78511C19709149885440
:107A300015E08E4891494018FFA984313522F8F7A6
:107A4000EBFB894868440068407A80210843884BF2
:107A50006B441A78511C197086498854FFE7FFE778
:107A6000834C6C442278501C20708249002088543A
:107A70007D4868440068C07A2278531C237088547B
:107A8000794868440068007B2278531C237088542E
:107A900001F04CF87548007EC00700280ED0FFE7C3
:107AA000714868440068407A90210843704B6B44E9
:107AB0001A78511C19706F49885448E06B482D9012
:107AC0006E494118FFA84C302F9035222E92F8F7BE
:107AD000A3FB2F9814306449694409680D312022B2
:107AE000F8F79AFB2F9834242146FBF748FD2D9A8E
:107AF0002E9903462F980355614BD2589047002882
:107B00000ED0FFE7584868440068407A9021084347
:107B1000574B6B441A78511C19705649885415E01C
:107B2000524856494018FFA94C313522F8F774FBEA
:107B30004D4868440068407A802108434C4B6B44B0
:107B40001A78511C19704B498854FFE7FFE7484CDD
:107B50006C442278501C20704649002088544248CA
:107B600068440068C07A2278531C237088543E48C9
:107B700068440068007B2278531C2370885400F00E
:107B8000D5FF3A48007EC00700280ED0FFE73648F0
:107B900068440068407A90210843354B6B441A785A
:107BA000511C19703349885485E030482A904D2182
:107BB00009014118EDA82C9091222B92F8F72CFB8B
:107BC0002C980021F191F091EF91EE91ED912649E1
:107BD0006944096829914B7E8A7E1202D318CA7EB5
:107BE00014040A7F12061219D218F0924B7D8A7D76
:107BF0001202D318CA7D14040A7E12061219D21872
:107C0000EF924B7C8A7C1202D318CA7C14040A7D42
:107C100012061219D218EE924B7B8A7B1202D218EE
:107C2000CB7B1B04097C0906C9188918ED919024A7
:107C30002146FBF7A4FC2A9A2B9903462C9803555E
:107C4000104BD258904700281ED0FFE706486844E2
:107C50000068407A90210843054B6B441A78511C08
:107C600019700449885425E0280500007800002098
:107C700020050000DC1F00205404000094040000D4
:107C8000CC04000064050000FB484D2109014018A8
:107C9000EDA99122F8F7C0FAF84868440068407AE4
:107CA00080210843F64B6B441A78511C1970F54932
:107CB0008854FFE7FFE7F24C6C442278501C207098
:107CC000F04900208854ED4868440068C07A227862
:107CD000531C23708854E94868440068007B22786C
:107CE000531C2370885400F021FFE348007EC00736
:107CF00000280ED0FFE7E14868440068407A9021F0
:107D00000843DF4B6B441A78511C1970DD498854C5
:107D10004DE0D94826904D2109014118C8A8289066
:107D200091222792F8F778FA289814302590142198
:107D3000F8F799FA2598D149694409680D3110225C
:107D4000F8F76AFA289890242146FBF718FC269A3F
:107D50002799034628980355CB4BD25890470028C3
:107D60000ED0FFE7C54868440068407A9021084378
:107D7000C34B6B441A78511C1970C249885415E0E2
:107D8000BD484D2109014018C8A99122F8F744FACD
:107D9000BA4868440068407A80210843B84B6B4475
:107DA0001A78511C1970B7498854FFE7FFE7B44CA3
:107DB0006C442278501C2070B24900208854AF488F
:107DC00068440068C07A2278531C23708854AB48FA
:107DD00068440068007B2278531C2370885400F0AC
:107DE000A5FEA548007EC00700280ED0FFE7A348E7
:107DF00068440068407A90210843A14B6B441A788C
:107E0000511C19709F4988544DE09B4822904D2188
:107E100009014118A3A8249091222392F8F7FCF9B4
:107E20002498283021904421F8F71DFA219893498D
:107E3000694409680D314022F8F7EEF9249890243E
:107E40002146FBF79CFB229A23990346249803556D
:107E50008D4BD258904700280ED0FFE787486844E2
:107E60000068407A90210843854B6B441A78511C76
:107E700019708449885415E07F484D210901401844
:107E8000A3A99122F8F7C8F97C4868440068407AB1
:107E9000802108437A4B6B441A78511C1970794938
:107EA0008854FFE7FFE7764C6C442278501C207022
:107EB000744900208854714868440068C07A227868
:107EC000531C237088546D4868440068007B2278F6
:107ED000531C2370885400F029FE6748007EC007B9
:107EE00000280ED0FFE7654868440068407A90217A
:107EF0000843634B6B441A78511C197061498854CC
:107F00004DE05D481E904D21090141187EA820904A
:107F100091221F92F8F780F920986C301D9024214F
:107F2000F8F7A1F91D985549694409680D312022D7
:107F3000F8F772F9209890242146FBF720FB1E9A4F
:107F40001F990346209803554F4BD258904700285D
:107F50000ED0FFE7494868440068407A9021084302
:107F6000474B6B441A78511C19704649885415E0E8
:107F700041484D21090140187EA99122F8F74CF99A
:107F80003E4868440068407A802108433C4B6B447B
:107F90001A78511C19703B498854FFE7FFE7384CA9
:107FA0006C442278501C2070364900208854334895
:107FB00068440068C07A2278531C237088542F4884
:107FC00068440068007B2278531C2370885400F0BA
:107FD000ADFD2948007EC00700280ED0FFE72748E6
:107FE00068440068407A90210843254B6B441A7816
:107FF000511C19702349885459E020496944096883
:10800000487B00068A7B12048018CA7B1202801803
:10801000097C421818481B90AD21C90042504018F5
:108020001C90164A6A441268517C0906937C1B0412
:10803000C918D37C1B02C918127D891841600B2115
:10804000FBF79DFA1B9902461C98C2720F4A8A5888
:108050000C21904700281BD0FFE7084868440068BF
:10806000407A90210843064B6B441A78511C1970D2
:10807000044988541AE0C046780000202805000012
:1080800020050000DC1F00206405000074050000CE
:10809000F04868440068407A80210843EE4B6B4406
:1080A0001A78511C1970ED498854FFE7FFE7EA4C34
:1080B0006C442278501C2070E84900208854E54820
:1080C00068440068C07A2278531C23708854E148C1
:1080D00068440068007B2278531C2370885400F0A9
:1080E00025FDDF48007EC00700280ED0FFE7D948F5
:1080F00068440068407A90210843D74B6B441A7853
:10810000511C1970D54988543AE0D249694409682C
:108110000D31D3481990CD22920080181A9019225F
:108120001892F8F779F818991A98FBF728FA19991C
:1081300002461A984276352212018A581A2190472F
:1081400000280ED0FFE7C34868440068407A9021B9
:108150000843C14B6B441A78511C1970BF498854AD
:108160000DE0BC4868440068407A80210843BA4B5F
:108170006B441A78511C1970B8498854FFE7FFE71F
:10818000B54C6C442278501C2070B44900208854AF
:10819000B04868440068C07A2278531C2370885421
:1081A000AC4868440068007B2278531C23708854D4
:1081B00000F0BCFCAA48007EC00700280ED0FFE7F4
:1081C000A44868440068407A90210843A24B6B445D
:1081D0001A78511C1970A14988543AE09D496944A4
:1081E00009680D319E481690D5229200801817908C
:1081F0001922F8F711F817983221FBF7C0F91699F0
:1082000002461798974BCA547122D2008A583321DC
:10821000904700280ED0FFE78E4868440068407AF7
:10822000902108438C4B6B441A78511C19708B4970
:1082300088540DE0874868440068407A80210843EC
:10824000854B6B441A78511C197084498854FFE798
:10825000FFE7814C6C442278501C20707F4900203D
:1082600088547C4868440068C07A2278531C237084
:108270008854784868440068007B2278531C237037
:10828000885400F053FC7648007EC00700280ED0CA
:10829000FFE7704868440068407A902108436E4BBD
:1082A0006B441A78511C19706C4988543CE0694938
:1082B000694409680D316A4814906B4A8018192284
:1082C000F7F7AAFF1498D52189004018159032219C
:1082D000FBF755F9149902461598624BCA5471225E
:1082E000D2008A583321904700280ED0FFE7594822
:1082F00068440068407A90210843574B6B441A78D1
:10830000511C1970554988540DE052486844006862
:10831000407A80210843504B6B441A78511C1970E5
:108320004E498854FFE7FFE74B4C6C442278501CC1
:1083300020704A4900208854464868440068C07A42
:108340002278531C23708854424868440068007B9C
:108350002278531C23708854E8E34148007EC0070C
:1083600000280ED0FFE73B4868440068407A90211F
:108370000843394B6B441A78511C1970374988549B
:108380003AE03449694409680D3135481290E322D6
:1083900092008018139019221192F7F73DFF11995E
:1083A0001398FBF7ECF8129902461398427675225F
:1083B000D2008A581A21904700280ED0FFE725489E
:1083C00068440068407A90210843234B6B441A7834
:1083D000511C1970214988540DE01E4868440068FA
:1083E000407A802108431C4B6B441A78511C197049
:1083F0001A498854FFE7FFE7174C6C442278501C59
:108400002070164900208854124868440068C07AD9
:108410002278531C237088540E4868440068007BFF
:108420002278531C2370885480E30D48007EC007D7
:1084300000281BD0FFE7074868440068407A902175
:108440000843054B6B441A78511C19700349885432
:1084500075E0C0462805000020050000DC1F002054
:1084600078000020860300006D030000E2486844A5
:108470000068417B7AA810900170DF49694409685F
:10848000897B4170DC4A6A441268D17B0902127C04
:1084900089184180D84969440968C97B0171D64A65
:1084A0006A441268517C0902927C8918C180D24AC0
:1084B0006A441268D17C0906137D1B04C918537DD8
:1084C0001B02C918927D89187C910C21FBF757F883
:1084D000014610980173C949452212018A5810219A
:1084E000904700280ED0FFE7C34868440068407AF0
:1084F00090210843C24B6B441A78511C1970C14932
:1085000088541BE0BD48002141867A9A11218901D7
:10851000425041187D98C8607C9888607B9848607C
:10852000B54868440068407A80210843B44B6B44E6
:108530001A78511C1970B3498854FFE7FFE7B04C13
:108540006C442278501C2070AE4900208854AA4800
:1085500068440068C07A2278531C23708854A64867
:1085600068440068007B2278531C23708854DDE245
:10857000A248007EC00700280ED0FFE79E4868444E
:108580000068407A902108439D4B6B441A78511C37
:1085900019709C49885446E0974868440068417BBC
:1085A000964A0E9241200301D0180F908171924992
:1085B00069440968897B41718F4969440968C97BAD
:1085C00001718D4969440968097C81708A4969444F
:1085D0000968497C4170884969440968897CD1549B
:1085E0000721FAF7CCFF0E9902460F98C271832239
:1085F000D2008A58082190470E990F98824A8958CC
:1086000088470F988149896888477B486844006893
:10861000407A802108437A4B6B441A78511C1970B8
:1086200078498854FFE7764C6C442278501C2070BF
:10863000744900208854704868440068C07A2278E1
:10864000531C237088546C4868440068007B22786F
:10865000531C2370885469E26848007EC0070028D4
:108660000ED0FFE7644868440068407A90210843D0
:10867000634B6B441A78511C1970624988543FE06F
:108680005D4969440968487B00048A7B12028018AE
:10869000C97B41185E48826811605749694409687E
:1086A000C97C82685171544969440968497D82686E
:1086B0001171C068804700280ED0FFE74E4868441B
:1086C0000068407A902108434D4B6B441A78511C46
:1086D00019704C49885412E0474868440068407A51
:1086E00080210843464B6B441A78511C1970454948
:1086F00088544749887C102210438874FFE7FFE7BD
:108700003F4C6C442278501C20703E490020885415
:10871000394868440068C07A2278531C2370885412
:10872000354868440068007B2278531C23708854C5
:10873000FCE13248007EC007002818D1FFE7354829
:1087400087214900405C042811D1FFE73148872187
:108750004900405C2C2141432F4840182821405CAF
:10876000254969440968497B88420ED0FFE72248C1
:1087700068440068407A90210843214B6B441A7882
:10878000511C19701F498854A9E11B4969440968A3
:10879000887B0006CA7B120480180A7C12028018AB
:1087A000497C40187990144868440068407A8021D8
:1087B0000843134B6B441A78511C1970F7498854BD
:1087C000F748B7214900405C002800D0E2E0F748B4
:1087D00068440068407B0D90032800D9D4E00D98D0
:1087E000810001A0405887461D8800005388000082
:1087F00089880000BF88000028050000780000205C
:1088000020050000DC1F0020A40500008C060020CD
:10881000E4070020AC06002038080020E048E421EE
:1088200042583721C9004250411879980862DA4904
:1088300087204000085C2C224243DA488218282313
:10884000D05C401CD0546622885C20231843885496
:108850009FE0D349E42008583722D20089184860A5
:1088600079984862CC4987204000085C2C2242431A
:10887000CC4882182823D05C401CD0546622885CE7
:1088800020231843885484E0C549E420085837223F
:10889000D2008918886079988862BF498720400093
:1088A000085C2C224243BF4882182823D05C401C1D
:1088B000D0546622885C20231843885469E0B84A63
:1088C0000B92E42011583720C00010180C90C160A2
:1088D0007999C1627F218B0001210A91D1544521F0
:1088E000FAF74DFE0A9A0B9903460C98FF24FE34C2
:1088F0000B5552028A5848219047002820D0FFE7A4
:10890000AA4868440068407A90210843A84969440D
:108910000A78A2498854A04A87204000105C2C2184
:108920004143A048411828230020C8546623D15C45
:1089300020242143D1549A497F229200885422E076
:10894000974908911720000108183722D20089188A
:108950004822F7F761FC0898944969440968497A04
:1089600080221143924A6A4413788C4AD154FC21E4
:10897000415800200990884709988749472292006A
:1089800089588847FFE704E08A4969440120087054
:10899000FAE0A3E08248B7214900405C012800D0FA
:1089A00096E0824868440068407B0790002804D025
:1089B000FFE7079801281CD084E079482721C900E7
:1089C00042584321C9004250411879988860724941
:1089D00087204000085C2C224243724882182823DA
:1089E000D05C401CD0546622885C202318438854F5
:1089F0006DE06B4805902721C90041584322D20001
:108A00008018069041607999C160634A87214900C6
:108A1000515C2C234B436349CB182824195D491C16
:108A200019556623D15C20242143D1541321FAF730
:108A3000A6FD059902460698C2748B2292008A58B8
:108A40001421904700281FD0FFE758486844006869
:108A5000407A90210843564969440A784F4988541E
:108A60004D4A87204000105C2C2141434D4841185D
:108A700028230020C8546623D15C20242143D154EC
:108A80004749494A88541CE045484321C9004118D8
:108A90008122920080180CC90CC01CC91CC043481C
:108AA00068440068407A80210843414969440A7853
:108AB0003A4988543848472189004158002088475E
:108AC000FFE704E03B496944012008705CE004E0F2
:108AD000384969440120087056E0FFE7FFE7344C4D
:108AE0006C4404942278501C20702C490020885437
:108AF0002E4868440068C07A2278531C237088543A
:108B00002A4868440068007B2278531C23708854EC
:108B1000264868440068407B2278531C23708854A0
:108B200004E024496944012008702DE0204969448B
:108B300009680B391948039081721D4969440291F3
:108B40000978FAF7ADFC0299024603980B78C254F3
:108B5000174A6A441268521C0A700B785A1C0A7031
:108B60001622C254097814F05FFE10486844006869
:108B7000807A0D300F496944087005E0FFE70D4920
:108B8000694401200870FFE70A48684400787FB014
:108B90007FB04FB0F0BDC046AC060020DC1F002007
:108BA00078000020380800202A0200002805000074
:108BB000200500003005000080B588B0034606A8F7
:108BC0000370059104A90A7003AA00211170059A87
:108BD000D17809021279891802AA11800078002838
:108BE0003CD1FFE702A800880190204988420BD0C1
:108BF000FFE701981E494018032805D3FFE70198B5
:108C00001C49884226D1FFE705980078FF2808D143
:108C1000FFE719499920085CC0000D308622885270
:108C200004E0154986220D208852FFE70CF0B4FBC2
:108C300011498620085A8822885206988E22885424
:108C400002988C2288520D4900208882049807A936
:108C5000087007E007A90120087003E007A90120B8
:108C60000870FFE707A8007808B080BD1F900000DB
:108C7000DA6FFFFF30900000E0200020E4070020C2
:108C8000F0B5FFB09AB0034697A80370969195A9E6
:108C90000A8094AA0021118090AA11808AAA1170DA
:108CA000969A91780902D278891889AA1180007859
:108CB000032801D001F026F9969908790002497934
:108CC000401888A9088089A80088412801DD00F0A3
:108CD000E2FE88A8008889A909884018422801DD99
:108CE00000F0D9FE584AE1204000115C002094AD0C
:108CF0002B5E5C1C2C80D15497992B5E5C1C2C80C5
:108D0000D154889949002B5E5C1C2C80D15493A9C6
:108D10000880FFE7002193A8405E88A9098888425F
:108D200001DB00F099FE89A800888690412801D9CE
:108D300000F07BFE8698810001A040588746C0461F
:108D40004D8E0000898E0000D18E00003B8F000008
:108D5000A58F0000F18F00003D900000879000007B
:108D6000D190000003910000359100007F91000038
:108D7000C99100001B920000799200000B93000043
:108D80009D930000ED9300003D9400006D94000061
:108D90009D940000E59400002D9500007F95000053
:108DA000D1950000219600002B9A00002B9A00001C
:108DB0002B9A00002B9A00002B9A00002B9A00009F
:108DC00075960000A5960000D9960000099700004E
:108DD0003997000039970000399700003997000053
:108DE0003997000039970000399700003997000043
:108DF000399700005997000085970000C59700003B
:108E0000F39700001398000059980000879800001D
:108E1000B5980000E3980000119900004199000006
:108E20006F9900009D9900002B9A00002B9A00007A
:108E30002B9A00002B9A00002B9A00002B9A00001E
:108E4000CD990000FD9900007C2100201D48A32140
:108E50004900405EF7F7CCFC1B49F7F76BFB8F909E
:108E6000002194A88590415E184840188F990CF015
:108E700013FF859902469498801808808998401CB1
:108E800089A9088000F0E1FDF848A3214900405E6F
:108E9000F7F7AEFCF649F7F74DFB8F90002194A849
:108EA0008490415EF34840188F990CF00BFF849931
:108EB00002469498801808808998401C89A90880E7
:108EC00000F0C3FD78000020000020417C2100203C
:108ED000E64A8020145884201058B1218900515C42
:108EE0002D231B01D25A8CAB00938BAB8193A047EF
:108EF00091909198F7F77CFC0146819882910078D7
:108F000010F080FEF7F774FC014682980CF0A4FC88
:108F10008F90002194A88390415ED64840188F9985
:108F20000CF0BAFE839902469498801808808998BC
:108F3000401C89A9088000F088FDCC4A8020145884
:108F400084201058B1218900515C2D231B01D25A75
:108F50008CAB00938BAB7E93A04791909198F7F7E1
:108F600047FC01467E987F91007810F04BFEF7F7A2
:108F70003FFC01467F980CF06FFC8F90002194A875
:108F80008090415EBB4840188F990CF09BFE809901
:108F900002469498801808808998401C89A9088006
:108FA00000F053FDB1489021405E91909198F7F701
:108FB0001FFC7C90022010F025FEF7F719FC0146FB
:108FC0007C980CF049FC8F90002194A87D90415E24
:108FD000A84840188F990CF05FFE7D99024694983E
:108FE000801808808998401C89A9088000F02DFD10
:108FF0009E489021405E91909198F7F7F9FB7A9006
:10900000022010F0FFFDF7F7F3FB01467A980CF011
:1090100023FC8F90002194A87B90415E95484018D6
:109020008F990CF04FFE7B99024694988018088027
:109030008998401C89A9088000F007FD8B48406F83
:1090400091909198F7F7D4FB7890012010F0DAFD19
:10905000F7F7CEFB014678980CF0FEFB8F900021CD
:1090600094A87990415E834840188F990CF014FEC3
:10907000799902469498801808808998401C89A99B
:10908000088000F0E2FC7948406F91909198F7F7E2
:10909000AFFB7690012010F0B5FDF7F7A9FB014674
:1090A00076980CF0D9FB8F90002194A87790415EC0
:1090B000704840188F990CF005FE779902469498F5
:1090C000801808808998401C89A9088000F0BDFCA0
:1090D0006648B92189004058919091A8C378002230
:1090E00094ACA55E691C218062494B554088A25E04
:1090F000531C238088548998401C89A9088000F05B
:10910000A4FC5A48B9218900405891909198000ACE
:10911000002294ACA35E591C21805649C8549198F2
:10912000A25E531C238088548998401C89A908801A
:1091300000F08BFC4D48BB218900405875900320FE
:1091400010F060FDF7F754FB014675980CF0B6FB84
:10915000F7F774FB919091A8C378002294ACA55EB8
:10916000691C218043494B554088A25E531C2380D3
:1091700088548998401C89A9088000F066FC3B4807
:10918000BB21890040587490032010F03BFDF7F795
:109190002FFB014674980CF091FBF7F74FFB919071
:1091A0009198000A002294ACA35E591C2180314999
:1091B000C8549198A25E531C238088548998401CFF
:1091C00089A9088000F041FC284A80201458842096
:1091D0001058B1218900515C2D231B01D25A8CAB50
:1091E000729300938BABA04772980088F7F70BFB44
:1091F0008F90002194A87390415E1E4840188F996B
:109200000CF04AFD7399024694988018088089985A
:10921000401C89A9088000F018FC144A80201458CA
:1092200084201058B1218900515C2D231B01D25A92
:109230008CAB709300938BABA04770980088F7F7C6
:10924000E2FA8F90002194A87190415E094840187D
:109250008F990CF037FD7199024694988018088018
:109260008998401C89A90880EFE3C0467800002057
:10927000000020417C210020FD486F90E8214058EB
:10928000F7F7B6FA01466F986E91D9214900405C14
:1092900010F0B8FCF7F7ACFA01466E980CF0DCFA67
:1092A00001466F988F91FF21B431405C002819D19D
:1092B000FFE7EF486C90E82141587D20C00048430B
:1092C000F7F796FA01466C986D91D9214900405CF8
:1092D00010F098FCF7F78CFA01466D980CF0BCFA88
:1092E0008F90FFE7002194A86B90415EF9484018E9
:1092F0008F990CF0D1FC6B990246949880180880E5
:109300008998401C89A908809FE3D9486A90E82180
:109310004058F7F76DFA01466A986991D9214900DA
:10932000405C10F06FFCF7F763FA014669980CF0A7
:1093300093FA01466A988F91FF21B431405C00286E
:1093400019D1FFE7CA486790E82141587D20C00045
:109350004843F7F74DFA014667986891D9214900CB
:10936000405C10F04FFCF7F743FA014668980CF0A8
:1093700073FA8F90FFE7002194A86690415ED5486C
:1093800040188F990CF09EFC6699024694988018BC
:1093900008808998401C89A9088056E3B4486390E6
:1093A00088214058F7F724FA014663986491B12167
:1093B0008900405C10F026FCF7F71AFA0146649821
:1093C0000CF04AFA8F90002194A86590415EC14844
:1093D00040188F990CF060FC6599024694988018AB
:1093E00008808998401C89A908802EE3A0486090D5
:1093F00088214058F7F7FCF9014660986191B12146
:109400008900405C10F0FEFBF7F7F2F90146619825
:109410000CF022FA8F90002194A86290415EAD4832
:1094200040188F990CF04EFC62990246949880186F
:1094300008808998401C89A9088006E38C485D2132
:10944000C9004058919091A8C378002294ACA55EC1
:10945000691C21809F494B554088A25E531C238084
:1094600088548998401C89A90880EEE280485D21D3
:10947000C900405891909198000A002294ACA35ED4
:10948000591C21809349C8549198A25E531C238093
:1094900088548998401C89A90880D6E274482F21F5
:1094A000090140585F90032010F0ACFBF7F7A0F9DA
:1094B00001465F980CF002FAF7F7C0F9919091A875
:1094C000C378002294ACA55E691C218081494B556C
:1094D0004088A25E531C238088548998401C89A927
:1094E0000880B2E262482F21090140585E900320B3
:1094F00010F088FBF7F77CF901465E980CF0DEF976
:10950000F7F79CF991909198000A002294ACA35E21
:10951000591C21806F49C8549198A25E531C238026
:1095200088548998401C89A908808EE250485B9035
:109530008521C9004058F7F75BF901465B985C91BB
:10954000B1218900405C10F05DFBF7F751F901464D
:109550005C980CF081F98F90002194A85D90415E99
:109560005C4840188F990CF097FB5D9902469498DF
:10957000801808808998401C89A9088065E23C48C9
:1095800058908521C9004058F7F732F9014658989C
:109590005991B1218900405C10F034FBF7F728F9AC
:1095A000014659980CF058F98F90002194A85A90D0
:1095B000415E484840188F990CF084FB5A99024646
:1095C0009498801808808998401C89A908803CE2FA
:1095D0002748559077494058F7F70AF901465598BA
:1095E0005691B1218900405C10F00CFBF7F700F9AF
:1095F000014656980CF030F98F90002194A85790AE
:10960000415E344840188F990CF046FB579902464A
:109610009498801808808998401C89A9088014E2D1
:109620001348529063494058F7F7E2F801465298C0
:109630005391B1218900405C10F0E4FAF7F7D8F8B3
:10964000014653980CF008F98F90002194A854908B
:10965000415E204840188F990CF034FB5499024623
:109660009498801808808998401C89A90880ECE1AA
:10967000780000205048432109014058919091A85A
:10968000C378002294ACA55E691C218011494B551A
:109690004088A25E531C238088548998401C89A965
:1096A0000880D2E1444843210901405891909198A3
:1096B000000A002294ACA35E591C21800549C854BD
:1096C0009198A25E531C238088548998401C89A9D4
:1096D0000880BAE17C2100203748B5218900405834
:1096E000919091A8C378002294ACA55E691C21805A
:1096F00032494B554088A25E531C23808854899878
:10970000401C89A90880A0E12B48B5218900405858
:1097100091909198000A002294ACA35E591C21807C
:109720002649C8549198A25E531C23808854899876
:10973000401C89A9088088E1002094AC225E511C5D
:1097400021801E498854225E531C238088548998A6
:10975000401C89A9088078E1194881888DA801807A
:109760004078002294ACA35E591C21801349C85450
:109770008D98A25E531C238088548998401C89A927
:10978000088062E10C48C7218900415A8DA80180F8
:109790004078002294ACA35E591C21800749C8542C
:1097A0008D98A25E531C238088548998401C89A9F7
:1097B00008804AE12C040000780000207C21002071
:1097C0000C080020FB48FC49415A8DA801804078D4
:1097D000002294ACA35E591C2180F849C8548D988E
:1097E000A25E531C238088548998401C89A9088054
:1097F0002BE1002094AC225E511C2180EF4988545B
:10980000225E531C238088548998401C89A90880B3
:109810001BE1E84A8020145884201058B1218900A7
:10982000515C2D231B01D25A8CAB519300938BAB0F
:10983000A04751984078002294ACA35E591C218027
:10984000DE49C8548C98A25E531C238088548998A2
:10985000401C89A90880F8E0D648D949415A8DA80A
:1098600001804078002294ACA35E591C2180D3492A
:10987000C8548D98A25E531C238088548998401C3C
:1098800089A90880E1E0CB48CE49415A8DA80180E2
:109890004078002294ACA35E591C2180C749C8546B
:1098A0008D98A25E531C238088548998401C89A9F6
:1098B0000880CAE0C149E12040000A5C8DA802800E
:1098C0004078002294ACA35E5D1C2580C8548D981E
:1098D000A25E531C238088548998401C89A9088063
:1098E000B3E0B649FF20C4300A5C8DA802804078FE
:1098F000002294ACA35E5D1C2580C8548D98A25EA6
:10990000531C238088548998401C89A908809CE0B6
:10991000A8486321C900415A8DA8018040780022DF
:1099200094ACA35E591C2180A449C8548D98A25EB2
:10993000531C238088548998401C89A9088084E09E
:109940009C48A149415A8DA801804078002294ACDE
:10995000A35E591C21809949C8548D98A25E531C5E
:10996000238088548998401C89A908806DE091481B
:109970009649415A8DA801804078002294ACA35E9C
:10998000591C21808D49C8548D98A25E531C238098
:1099900088548998401C89A9088056E08548C521CB
:1099A0008900415A8DA801804078002294ACA35EC2
:1099B000591C21808149C8548D98A25E531C238074
:1099C00088548998401C89A908803EE079485B2129
:1099D000C900415A8DA801804078002294ACA35E52
:1099E000591C21807549C8548D98A25E531C238050
:1099F00088548998401C89A9088026E06D487449DC
:109A0000415A8DA801804078002294ACA35E591C75
:109A100021806A49C8548D98A25E531C23808854C3
:109A20008998401C89A908800FE0002094AC225E30
:109A3000511C218061498854225E531C2380885424
:109A40008998401C89A90880FFE7FFE79398401C8C
:109A500093A90880FFF75EF994A84F9001885748B2
:109A600050900CF07FF84F990346509892AA1380BB
:109A7000929C0023CD5E6E1C0E8044555278CB5EC6
:109A80005C1C0C80C254098813F0FAFE959898A9C2
:109A9000087001F066F989A800884E4988423CD1D7
:109AA000FFE746484E90E1214A00845C00234C9336
:109AB00094A94D91CD5E6E1C0E804455979CCD5E51
:109AC0006E1C0E804455889C6400CD5E6E1C0E801A
:109AD0004455CC5E651C0D800355825CCB5E5C1CDE
:109AE0000C80C25409880CF03DF84C9B4D990446FB
:109AF0004E9892AA1480929CCD5E6E1C0E804455A6
:109B00005278CB5E5C1C0C80C254098813F0B8FEFE
:109B1000959898A9087001F024F989A80088032174
:109B20000903884200DAE1E189A800882A498842CD
:109B300000DDDBE12149E1204000085C002294AC1B
:109B4000A35E5D1C2580C8549798A25E531C238099
:109B5000885489A80088214940184B90112800D9C1
:109B6000A0E14B98810001A040588746E19B00008E
:109B70000F9C0000AB9C0000099D00003B9D000075
:109B80006B9D00009D9D0000CD9D0000A59E0000E6
:109B9000A59E0000A59E0000A59E0000A59E0000B9
:109BA000A59E0000A59E0000A59E0000FF9D000050
:109BB000779E0000780000201E0300007C2100201A
:109BC00034040000D20200001A0300001603000053
:109BD000DA020000012000001130000000D0FFFF79
:109BE000002294ACA35E581C2080EC490220C8548B
:109BF000EB48EC4BC35CA55E6E1C26804B55B12335
:109C00009B00C05CA25E531C238088544FE100205F
:109C100094AD2B5E591C2980E04A7A21D154E04949
:109C2000F64BC95C91919199090A2B5E5C1C2C80C2
:109C3000D15491992B5E5C1C2C80D15493A908803F
:109C4000FFE7002193A8405E13282DDCFFE70022E8
:109C500093ACA05ED24923231B01CB184000185AB5
:109C600091909198050A94A94A918E5E701C088083
:109C7000CA488555919D8E5E771C0F808555A45EE0
:109C8000A4001B199B6A8E93895E40188E990CF074
:109C90002EF84A990246949880180880FFE7939816
:109CA000401C93A90880CCE701E1002094AA135E30
:109CB000591C1180B94A1421D15493A90880FFE797
:109CC000002193A8405E04281DDCFFE7002193A833
:109CD000405E8200B24880185522D20080588E9093
:109CE00094A84990415EAD4840188E990BF0FFFF53
:109CF00049990246949880180880FFE79398401C81
:109D000093A90880DCE7D2E0002294A948918C5EF8
:109D1000601C0880A14804230355A14BAF24A40074
:109D20001B598E93895E40188E990BF0E0FF48997D
:109D30000246949880180880B9E0002294ACA35E93
:109D4000581C208095490220C8549548AC4BC05CF3
:109D500091909198000AA35E5D1C2580C85491984B
:109D6000A25E531C23808854A1E0002294ACA35E21
:109D7000581C208089490220C85489480B239B0124
:109D8000C05A91909198000AA35E5D1C2580C8542A
:109D90009198A25E531C2380885488E0002294ACE2
:109DA000A35E581C20807D490220C8547C48954BF6
:109DB000C05A91909198000AA35E5D1C2580C854FA
:109DC0009198A25E531C2380885470E0002294ACCA
:109DD000A35E581C208071490220C8547048592342
:109DE000DB00C05C91909198000AA35E5D1C258009
:109DF000C8549198A25E531C2380885457E00022D7
:109E000094AC4794A35E581C208064490420C85435
:109E10006348406E919091A8C378A55E6E1C268021
:109E20004B554088A35E5D1C2580C8549198000A5C
:109E3000A35E5D1C2580C8549198A25E531C2380AC
:109E4000885488A80088032814D1FFE753490620C6
:109E500088705348C06E91909198000A002294AC8B
:109E6000A35E5D1C2580C8549198A25E531C23807C
:109E70008854FFE71BE0002294ACA35E581C2080AE
:109E800046490220C8544648C06E91909198000AF5
:109E9000A35E5D1C2580C8549198A25E531C23804C
:109EA000885404E098A90120087000F05AFF94A893
:109EB00045900188394846900BF054FE4599034679
:109EC000469892AA1380929C0023CD5E6E1C0E8051
:109ED00044555278CB5E5C1C0C80C254098813F048
:109EE000CFFC959898A9087000F03BFF97A80178DF
:109EF000002295A8825E03200FF03CFB98A9087011
:109F000000F02FFF97A80078062800D09FE289A8CC
:109F1000008834280AD1FFE796984079002194AB55
:109F20005A5E511C19801D4988540AE01B49E120E2
:109F30004000085C002294ACA25E531C238088542D
:109F4000FFE79798002294AC4394A35E591C2180AC
:109F50001249C85496988078A35E5D1C2580C85429
:109F60009698C078A35E5D1C2580C85496980079A9
:109F7000A35E5D1C2580C85496984079A25E531C50
:109F80002380885489A800882D384490142800D94B
:109F90004AE14498810004A0405887467C21002073
:109FA00078000020C502000009A000003BA00000CE
:109FB00061A0000085A00000C7A00000E7A000008D
:109FC00005A1000023A1000043A100006FA1000033
:109FD0008FA10000ADA10000CBA1000029A20000CC
:109FE00029A2000029A2000029A2000029A2000045
:109FF00029A20000EBA100000BA20000C702000094
:10A00000C6020000C2020000969908790002497950
:10A0100041188DA8018000883D2803DBFFE73C2024
:10A02000429003E08DA800884290FFE7429894494F
:10A0300088808AA90020087002E1969908790002B8
:10A04000497940188DA908808D988E49C7229200C1
:10A0500088528B49012088808AA907200870EFE088
:10A06000969908790002497940188DA908808D9841
:10A070008449854A88528249012088808AA907201C
:10A080000870DDE0969908790002497941188DA899
:10A0900001800088002815D1FFE77A49B9208200A5
:10A0A0000020419088508A18BF239B00C850C918CF
:10A0B0005060486090608860D060C8608AA90620BF
:10A0C0000870FFE7BCE096990879000249794018CA
:10A0D0008DA908808D986B492D22120188528AA97A
:10A0E00001200870ACE0969908790002497940187F
:10A0F0008DA908808D986349DD4A88528AA9092074
:10A1000008709DE0969908790002497940188DA958
:10A1100008808D985B49D74A88528AA90120087027
:10A120008EE0969908790002497940188DA9088037
:10A130008D98FD49E122520088548AA902200870B6
:10A140007EE0969908790002497941188DA801802E
:10A15000028803200240F448FF21C4314254405C8D
:10A1600000210DF055FD8AA90220087068E096993B
:10A1700008790002497940188DA908808D984149D5
:10A180006322D20088528AA90720087058E0969965
:10A1900008790002497940188DA908808D983949BD
:10A1A000F14A88528AA90720087049E096990879EF
:10A1B0000002497940188DA908808D983149EB4AF1
:10A1C00088528AA9072008703AE096990879000217
:10A1D000497940188DA908808D982A49C522920096
:10A1E00088528AA9072008702AE096990879000207
:10A1F000497940188DA908808D9822495B22D200A8
:10A2000088528AA9092008701AE0969908790002F4
:10A21000497940188DA908808D981A49D44A8852E6
:10A220008AA9012008700BE097A80178002295A860
:10A23000825E03200FF09EF998A9087000F091FD4E
:10A240008AA80078401E4090092800D9DFE0409895
:10A25000810001A0405887468DA20000B3A20000F3
:10A26000BBA20000CFA20000F5A200001FA30000C7
:10A2700069A300008FA30000B3A30000D7A30000D0
:10A280000C080020780000201E030000B9483E9012
:10A290002D21090140183F900C21F9F797F93E99BB
:10A2A00002463F980273172252018A5810219047A4
:10A2B000AEE0B14880698047AAE0B0483D90C068F0
:10A2C00080473D99887C102210438874A0E0A948FB
:10A2D0003B90AB4940183C903921F9F777F93B990D
:10A2E00002463C98A74BCA54492212018A583A2187
:10A2F00090478DE09F4839900021418611218901C6
:10A3000040183A900C21F9F761F9399902463A98C8
:10A310000273452212018A581021904778E095482F
:10A320003690B9218900401835901021F9F74EF97F
:10A3300036990246359802745F22D2008A58142159
:10A34000379190473698BF218900401838901221E4
:10A35000F9F73CF9369A37990346389883743123D4
:10A360001B01D258904753E082483390C5218900A1
:10A37000401834901821F9F729F933990246349896
:10A380000276332212018A581C21904740E0794816
:10A390003190AD21C900401832900B21F9F716F920
:10A3A000319902463298C272774A8A580C219047F6
:10A3B0002EE070482F90212149014018309018213B
:10A3C000F9F704F92F990246309802766F4A8A58B5
:10A3D0001C2190471CE067482D904121090140183D
:10A3E0002E900721F9F7F2F82D9902462E98C271A6
:10A3F0008322D2008A58082190472D992E98644ACA
:10A40000895888472E98634989688847FFE7FFE79E
:10A4100094A82B90018844482C900BF0A3FB2B9917
:10A4200003462C9892AA1380929C0023CD5E6E1C4A
:10A430000E8044555278CB5E5C1C0C80C254098857
:10A4400013F01EFA959898A9087000F08AFC97A856
:10A450000078102800D02FE389A8008816382A90A9
:10A460002B2800D9EEE12A98810003A040588746A6
:10A4700034040000D20200002DA5000045A8000011
:10A4800099A5000045A8000045A8000045A80000C7
:10A4900045A8000045A8000045A8000045A8000008
:10A4A000D3A5000045A80000FDA5000045A80000B8
:10A4B00045A8000045A8000045A8000045A80000E8
:10A4C00045A8000045A8000045A8000045A80000D8
:10A4D00045A8000027A6000059A600007FA600009E
:10A4E000A3A60000E5A6000005A7000023A7000022
:10A4F00041A700005FA700008BA70000ABA70000EA
:10A50000C9A70000E7A7000045A8000045A8000073
:10A5100045A8000045A8000045A8000045A8000087
:10A5200007A8000027A800007C2100209698C01DE5
:10A530000BF0FFFB28900F482990B1218900405C67
:10A540000FF060FBF6F754F901462898F5F7B5FFD0
:10A55000F6F774F92999919091988522D200885044
:10A560008AA90920087078E11A0300001603000088
:10A57000DA020000780000200C080020E407002028
:10A58000540400008D040000740500003C04000029
:10A59000A40500008C0600209698C01D0BF0C9FB96
:10A5A0002690BE482790B1218900405C0FF02AFB1D
:10A5B000F6F71EF901462698F5F77FFFF6F73EF904
:10A5C000279991909198B64A88508AA909200870D5
:10A5D00043E19699C87900060A7A120480184A7AEB
:10A5E00012028018897A401891909198AB494322C1
:10A5F000120188508AA9092008702EE19699C8791D
:10A6000000060A7A120480184A7A12028018897A9F
:10A61000401891909198A149B522920088508AA93A
:10A620000120087019E19699C8790002097A411849
:10A630008DA8018000883D2803DBFFE73C202590A2
:10A6400003E08DA800882590FFE72598954988802C
:10A650008AA90020087000E19699C8790002097A59
:10A6600040188DA908808D988C49C7229200885285
:10A670008C49012088808AA907200870EDE096990E
:10A68000C8790002097A40188DA908808D988349FD
:10A69000854A88528349012088808AA9072008704A
:10A6A000DBE09699C8790002097A41188DA80180EB
:10A6B0000088002815D1FFE77849B92082000020E2
:10A6C000249088508A18BF239B00C850C918506036
:10A6D000486090608860D060C8608AA906200870D1
:10A6E000FFE7BAE09699C8790002097A40188DA967
:10A6F00008808D9869492D22120188528AA901206B
:10A700000870AAE09699C8790002097A40188DA9C4
:10A7100008808D986149FB4A88528AA909200870EF
:10A720009BE09699C8790002097A40188DA90880A3
:10A730008D985A49F44A88528AA9012008708CE001
:10A740009699C8790002097A40188DA908808D98D9
:10A750005449896808708AA9022008707DE096999A
:10A76000C8790002097A41188DA801800188032068
:10A7700001404C4882685170C2698068407800216D
:10A7800090478AA90220087067E09699C87900026C
:10A79000097A40188DA908808D9840496322D2001B
:10A7A00088528AA90720087057E09699C879000254
:10A7B000097A40188DA908808D983849D34A885263
:10A7C0008AA90720087048E09699C8790002097A9A
:10A7D00040188DA908808D983049CD4A88528AA9A1
:10A7E0000720087039E09699C8790002097A401864
:10A7F0008DA908808D982949C522920088528AA97E
:10A800000720087029E09699C8790002097A401853
:10A810008DA908808D9821495B22D20088528AA98F
:10A820000920087019E09699C8790002097A401841
:10A830008DA908808D981949B64A88528AA90120A5
:10A8400008700AE097A80178002295A8825E03208C
:10A850000EF090FE98A9087083E28AA80078401E46
:10A860002390092800D9E2E02398810001A04058F4
:10A870008746C046ADA80000D3A80000DBA80000B2
:10A88000EFA8000015A900003FA9000089A9000059
:10A89000AFA90000D3A90000F7A9000078000020AC
:10A8A0002C0400000C0800201E0300009A48219090
:10A8B0002D210901401822900C21F8F787FE2199DB
:10A8C000024622980273172252018A58102190479B
:10A8D000AEE0924880698047AAE091482090C06825
:10A8E00080472099887C102210438874A0E08A4811
:10A8F0001E908C4940181F903921F8F767FE1E9969
:10A9000002461F98884BCA54492212018A583A219C
:10A9100090478DE080481C900021418611218901DB
:10A9200040181D900C21F8F751FE1C9902461D9805
:10A930000273452212018A581021904778E0764828
:10A940001990B9218900401818901021F8F73EFE9F
:10A9500019990246189802745F22D2008A5814216D
:10A960001A9190471998BF21890040181B90122115
:10A97000F8F72CFE199A1A9903461B988374312311
:10A980001B01D258904753E0F9481690C521890021
:10A99000401817901821F8F719FE169902461798D3
:10A9A0000276332212018A581C21904740E0F04879
:10A9B0001490AD21C900401815900B21F8F706FE40
:10A9C000149902461598C272F34A8A580C2190478E
:10A9D0002EE0E748129021214901401813901821D8
:10A9E000F8F7F4FD1299024613980276E94A8A585C
:10A9F0001C2190471CE0DE481090412109014018BD
:10AA000011900721F8F7E2FD109902461198C271E2
:10AA10008322D2008A580821904710991198DB4A66
:10AA2000895888471198DA4989688847FFE7FFE71E
:10AA3000D5480F90E1214900425C00230D9394A971
:10AA40000E91CC5E651C0D800255979ACC5E651CFC
:10AA50000D800255969A9278CC5E651C0D80025549
:10AA6000969AD278CC5E651C0D800255969A127922
:10AA7000CC5E651C0D800255969A5279CB5E5C1CAB
:10AA80000C80C25409880BF06DF80D9B0E9904469A
:10AA90000F9892AA1480929CCD5E6E1C0E80445535
:10AAA0005278CB5E5C1C0C80C254098812F0E8FE20
:10AAB000959898A9087054E197A80078112800D0BB
:10AAC00044E187A90120088089A80088A749401887
:10AAD0000C90072800D9CBE00C98810001A04058C9
:10AAE0008746C0462DAB00003BAB0000D5AB000055
:10AAF0001FAC000031AC00003DAC000051AC0000C8
:10AB000063AC000034040000D20200001A0300000D
:10AB100016030000DA020000780000200C08002074
:10AB2000E4070020540400008D0400009699C879C1
:10AB30000002097A40189190A1E09698007A9190CD
:10AB400091A800788A498D4A885490A9088093A9D1
:10AB500000200880FFE7002193A8405E132838DC1E
:10AB6000FFE7002190A8405E01282BDBFFE7969CC1
:10AB70000023099393AA0A92D55E062001466943F1
:10AB80000C19617A0902A47A091991919199D55EFB
:10AB9000774C23263601A4190B946D0061539699C6
:10ABA000D25E504340180B300BF0C3F8099B0A9A51
:10ABB0000B99D25E9200891888629098401E90A9E5
:10ABC000088000E005E0FFE79398401C93A9088007
:10ABD000C1E754E093A900200880FFE7002193A873
:10ABE000405E04281ADCFFE796990022079293A89A
:10ABF0000890805E80004018C01D0BF09AF8079AFC
:10AC00000899895E8A005A4989185522D2008850CD
:10AC1000FFE79398401C93A90880DFE72FE0969800
:10AC2000C01D0BF086F85249AF229200885026E0F2
:10AC30009698007A4E49504A885420E09699C879EF
:10AC40000002097A40184A490B229201885216E004
:10AC50009699C8790002097A40184549454A8852B0
:10AC60000DE09698007A42495922D200885406E0B5
:10AC700087A90020088098A90120087071E087A8A2
:10AC8000008800281ED0FFE73948049023210901DD
:10AC9000401805909921F8F799FC04990246059807
:10ACA000374BCA54B32292008A589C2190473548AA
:10ACB000472189004158002006908847069887A9B7
:10ACC0000880FFE730480390E1214900425C0023FF
:10ACD000019394A90291CC5E651C0D800255979A50
:10ACE000CC5E651C0D800255969A9278CC5E651CF0
:10ACF0000D800255969AD278CC5E651C0D80025567
:10AD0000969A1279CC5E651C0D800255969A5279FE
:10AD1000CB5E5C1C0C80C25409880AF023FF019BA7
:10AD200002990446039892AA1480929CCD5E6E1CF0
:10AD30000E8044555278CB5E5C1C0C80C25409884E
:10AD400012F09EFD959898A908700AE097A80178DE
:10AD5000002295A8825E01200EF00CFC98A90870D4
:10AD6000FFE798A800787FB01AB0F0BD00D0FFFFD1
:10AD700078000020C2020000C6020000C7020000E6
:10AD8000C9020000AC0600207C210020A4050000C0
:10AD90008C0600203C0400007405000080B5C0460D
:10ADA000C04680BD83B0029001A801806A460021A0
:10ADB00011800088002804D1FFE7694681200880BF
:10ADC00009E0074900200880019806490880029898
:10ADD00005490860FFE700216846405E03B0704700
:10ADE0007E1F0020801F0020AC1F002010B586B001
:10ADF000059004A8018003AA002111800088002882
:10AE000004D1FFE703A9812008801DE00598114CBB
:10AE10002060049810490091088037480290012171
:10AE20000191FAF711F8029821680978FAF7C5F844
:10AE3000009B019902982268521C22601A88521EB7
:10AE40001A80FAF724F8FFE7002103A8405E06B055
:10AE500010BDC046B01F0020821F002080B584B006
:10AE600002200121029103F087FD23480390002175
:10AE70000191F9F7C5FF02990398F9F7C1FF01990C
:10AE80000398FAF704F802990398FAF700F8029A7F
:10AE900008200321F9F718FA03980421F9F7E6FFCF
:10AEA00004B080BD80B584B00220039001210091E0
:10AEB00003F062FD104801900421F9F7B3FF0198F7
:10AEC00000210291F9F7C0FF00990198F9F7BCFF42
:10AED000029A08200321F9F7F7F901980299F9F786
:10AEE0008FFF00990198F9F78BFF0299039803F0FF
:10AEF00043FD04B080BDC0460002004083B0029014
:10AF000001A801806A46002111800088002804D130
:10AF1000FFE769468120088009E007490020088092
:10AF2000019806490880029805490860FFE700215A
:10AF30006846405E03B07047841F0020861F0020D3
:10AF4000B41F002010B586B0059004A8018003AAA4
:10AF5000002111800088002804D1FFE703A9812087
:10AF600008801DE00598114C20600498104900915C
:10AF700008803848029001210191F9F765FF029895
:10AF800021680978FAF719F8009B0199029822685C
:10AF9000521C22601A88521E1A80F9F778FFFFE7C8
:10AFA000002103A8405E06B010BDC046B81F0020B7
:10AFB000881F002080B584B00320019001210291F8
:10AFC00003F0DAFC2348039000210091F9F718FF01
:10AFD00002990398F9F714FF00990398F9F757FFBE
:10AFE00002990398F9F753FF0199029A0920F9F79A
:10AFF0006BF903980421F9F739FF04B080BDC0460E
:10B0000080B584B0032003900121009103F0B4FCCB
:10B01000104801900421F9F705FF019800210291E1
:10B02000F9F712FF00990198F9F70EFF0399029AB8
:10B030000920F9F749F901980299F9F7E1FE009919
:10B040000198F9F7DDFE0299039803F095FC04B02E
:10B0500080BDC0460040004080B5F7F7B3FAF7F76F
:10B0600049FBF7F757FCF6F7E7FEF7F705FDF8F7AA
:10B0700005F9F7F773FFF8F70DF9F7F76BFD62B60F
:10B0800080BD000083B0029001A801806A460021C3
:10B0900011800088002804D1FFE7694681200880DC
:10B0A00009E00749002008800198064908800298B5
:10B0B00005490860FFE700216846405E03B070471D
:10B0C0008A1F00208C1F0020BC1F002083B002902C
:10B0D00001A801806A46002111800088002804D15F
:10B0E000FFE769468120088009E0074900200880C1
:10B0F000019806490880029805490860FFE7002189
:10B100006846405E03B07047901F0020921F0020E9
:10B11000C41F002010B586B0059004A8018003AAC2
:10B12000002111800088002804D1FFE703A98120B5
:10B1300008801DE00598114C20600498104900918A
:10B140000880344802900121019103F053FE0298D7
:10B150002168097803F003FF009B01990298226897
:10B16000521C22601A88521E1A8003F066FEFFE706
:10B17000002103A8405E06B010BDC046C81F0020D5
:10B18000941F002080B584B001210291084603F08D
:10B19000F3FB204803900021019103F007FE029980
:10B1A000039803F003FE0199039803F046FE029909
:10B1B000039803F042FE029A07200321F9F784F86E
:10B1C0000398042103F028FE04B080BD80B584B04C
:10B1D00001210391084603F0CFFB0E4801900421A2
:10B1E00003F0F6FD01980021029103F003FE03999C
:10B1F000019803F0FFFD0299019803F0D7FD039930
:10B20000019803F0D3FD0299039803F0B5FB04B055
:10B2100080BDC0460001004083B0029001A80180BB
:10B220006A46002111800088002804D1FFE76946A2
:10B230008120088009E0074900200880019806491C
:10B240000880029805490860FFE700216846405ED3
:10B2500003B07047961F0020981F0020CC1F0020CD
:10B2600083B0029001A801806A4600211180008805
:10B27000002804D1FFE769468120088009E00749DA
:10B280000020088001980649088002980549086056
:10B29000FFE700216846405E03B070479C1F002016
:10B2A0009E1F0020D41F002081B001466846017017
:10B2B0000278104908689043086001B07047C046A2
:10B2C0000C4900200860704782B069460870094840
:10B2D00000680978084204D0FFE701A9012008703E
:10B2E00003E001A900200870FFE701A8007802B080
:10B2F0007047C0461C20004080B582B0014601A8BE
:10B3000001700278CB48072100F07EFC02B080BDBE
:10B3100083B0024601A802806A46117000880121AC
:10B320004902884204DBFFE702A90420087018E004
:10B33000684602780D490868D207120C0123DB0326
:10B3400098438018086001A802880868084B1A40D2
:10B35000084B184080180860FFE702A90020087019
:10B36000FFE702A8007803B07047C04630140040E1
:10B37000FF01000000FEFFFF80B582B001900020B9
:10B38000FFF7BAFF01980278AA490868D207120F9E
:10B3900008239843801808600198401C00F090F83A
:10B3A00001980279A44908685207520D07231B022D
:10B3B0009843801808600199C8884979FFF7A8FF69
:10B3C0000198083000F0C4F802B080BD83B001904D
:10B3D000984800680006C00F00281BD0FFE7964A77
:10B3E000116801200143116000030090FFE79248BB
:10B3F00000688007C00F00280BD1FFE70098411EAE
:10B400000091002804D1FFE702A90920087053E049
:10B41000EDE7FFE7894800680199087088480068EF
:10B4200001994870834800680007C00F002805D0C4
:10B43000FFE7844800680199887006E08148006849
:10B440001F21084001998870FFE77F480068019933
:10B450000871804800680199C8707C4800680199AB
:10B4600048717B4800680199887173490868012216
:10B47000904308606F4800680006C00F002817D08E
:10B48000FFE7012000030090FFE76B48006880079A
:10B49000C00F00280BD0FFE70098411E0091002844
:10B4A00004D1FFE702A90920087005E0EDE7FFE7F6
:10B4B00002A900200870FFE702A8007803B07047D7
:10B4C00083B00190684601230370019802785949BE
:10B4D0000868D207520C9B039843801808600198B3
:10B4E000007800280AD1FFE701988278514908685E
:10B4F00007231A409843801808601EE001980078DE
:10B50000012818D1FFE701984078402807DBFFE7C2
:10B51000694604200870009802A9087014E0019898
:10B520004278444908689206920C3F231B029843D4
:10B530008018086000E0FFE7FFE769460020087018
:10B54000009802A90870FFE702A8007803B07047CE
:10B5500084B0029001A900200870364800680006F7
:10B56000C00F00281BD0FFE7334A116801200143B8
:10B57000116000030090FFE72F4800688007C00FAC
:10B5800000280BD1FFE70098411E0091002804D14C
:10B59000FFE703A90920087047E0EDE7FFE70298FD
:10B5A000007826490860029840782549086002988A
:10B5B000807824490860029800792349086002983D
:10B5C00040792249086002988079214908600298F0
:10B5D000C078204908601849086801229043086033
:10B5E000144800680006C00F002817D0FFE70120AC
:10B5F00000030090FFE7104800688007C00F002894
:10B600000BD0FFE70098411E0091002804D1FFE70E
:10B6100003A90920087008E0EDE7FFE701A9002071
:10B620000870019803A90870FFE703A8007804B028
:10B630007047C04600140040041400400814004045
:10B640000C14004010140040181400401C1400405A
:10B65000201400401414004080B5C046C04680BD90
:10B6600080B5C046C04680BD80B586B005A90870CB
:10B6700003A8002202920270EB48052100F0C4FAF0
:10B68000029804A90870FFE704A8007807283DDCA9
:10B69000FFE7E5480521002200F0B6FA05A800788A
:10B6A0000006002806D5FFE7DF480521012200F04B
:10B6B000ABFA05E0DC480521002200F0A5FAFFE71F
:10B6C0000598400005A90870012011F06FFA039851
:10B6D000400003A90870D5480521F8F735FE012878
:10B6E00005D1FFE70398401C03A90870FFE7CE4887
:10B6F00005210122019200F087FA019811F056FA13
:10B70000FFE70498401C04A90870BDE7C64805215E
:10B71000012200F079FA03A8007806B080BDC04687
:10B7200080B584B0039002A8017001A900200880B0
:10B730000880FFE701A8008802A9097888420DDA8D
:10B74000FFE70020FFF790FF03994A1C039208705F
:10B75000FFE70198401C01A90880EBE7002004B036
:10B7600080BD80B584B0039002A8017001A90020BB
:10B7700008800880FFE701A8008802A909788842AC
:10B780000CDAFFE70398411C03910078FFF76CFF88
:10B79000FFE70198401C01A90880ECE7002004B0F5
:10B7A00080BD000080B584B0D5480190092100918A
:10B7B0000022039200F028FA0099039AD14800F081
:10B7C00023FA00F035F9019808210291012200F0D6
:10B7D0001BFA00F02DF901980299039A00F014FA6F
:10B7E00000F026F904B080BD80B582B0694608201B
:10B7F0000870ED480921012200F006FAFFE70198E0
:10B80000400001A90870E9480821012200F0FCF974
:10B8100000F00EF94A480921F8F796FD012806D1F3
:10B82000FFE701980121084301A90870FFE7DF48FD
:10B830000821002200F0E8F900F0FAF80098401E14
:10B8400069460870FFE70021684640560028D6DCAC
:10B85000FFE7002101A8405602B080BD80B58CB042
:10B860000AAA107009A8017008A908200870FFE74B
:10B8700008AA1078411E117000282ED0FFE70AA8F0
:10B8800000780006002806D5FFE7C84809210122F4
:10B8900000F0BAF90CE0C548092106910022079290
:10B8A00000F0B2F90699079ABF4800F0ADF9FFE73A
:10B8B00000F0BEF8BD48049008210591012200F077
:10B8C000A3F900F0B5F804980599002200F09CF95E
:10B8D0000A9840000AA90870CAE7B34809210391F1
:10B8E0000122029200F090F900F0A2F8029AAF480B
:10B8F000082100F089F900F09BF803991048F8F747
:10B9000023FD01280AD1FFE709A80078002804D008
:10B91000FFE70BA9012008700CE0FFE7A34808210E
:10B920000022019200F070F900F082F801980BA952
:10B930000870FFE700210BA840560CB080BDC04640
:10B94000440D024080B58CB00AAA107009A801709D
:10B9500008A908200870FFE708AA1078411E117096
:10B9600000282ED0FFE70AA800780006002806D598
:10B97000FFE7A4480A21012200F046F90CE0A148A3
:10B980000A2106910022079200F03EF90699079AD3
:10B990009B4800F039F9FFE700F05CF89948049003
:10B9A00009210591012200F02FF900F053F80498C5
:10B9B0000599002200F028F90A9840000AA90870A9
:10B9C000CAE78F480A2103910122029200F01CF974
:10B9D00000F040F8029A8B48092100F015F900F0B8
:10B9E00039F803991148F8F7AFFC01280AD1FFE7AD
:10B9F00009A80078002804D0FFE70BA901200870EF
:10BA00000CE0FFE77F4809210022019200F0FCF8DA
:10BA100000F020F801980BA90870FFE700210BA89F
:10BA200040560CB080BDC046C80D0240C40D024057
:10BA300081B0694608200870FFE70021684640563B
:10BA4000012805DBFFE70098401E69460870F4E70F
:10BA500001B0704781B0694608200870FFE70021F7
:10BA600068464056012805DBFFE70098401E6946FE
:10BA70000870F4E701B0704780B584B04A480921E6
:10BA80000122019200F0C0F8FFF7D2FF019A474867
:10BA900002900821039100F0B7F8FFF7C9FF029860
:10BAA0000399002200F0B0F8FFF7C2FF04B080BD98
:10BAB00080B586B03D480390082104910122009290
:10BAC00000F0A2F8009A384801900921029100F094
:10BAD0009BF8FFF7ADFF029903980022059200F052
:10BAE00093F801980299059A00F08EF8FFF7A0FFED
:10BAF00003980499059A00F087F806B080BDC04607
:10BB0000480D0240400D024080B586B03D4803908C
:10BB1000092104910122009200F076F8009A384839
:10BB200001900A21029100F06FF8FFF793FF02994C
:10BB300003980022059200F067F801980299059A8F
:10BB400000F062F8FFF786FF03980499059A00F069
:10BB50005BF806B080BDC04680B586B01248039041
:10BB6000092104910022019200F04EF8019A0499F3
:10BB70000E48029000F048F8FFF75AFF029808219B
:10BB80000122059200F040F8FFF752FF0398049954
:10BB9000059A00F039F8FFF74BFF03980499059ACE
:10BBA00000F032F806B080BD400D0240480D024062
:10BBB00080B586B0124803900A21049100220192B8
:10BBC00000F022F8019A04990E48029000F01CF847
:10BBD000FFF740FF029809210122059200F014F8B6
:10BBE000FFF738FF03980499059A00F00DF8FFF766
:10BBF00031FF03980499059A00F006F806B080BD5D
:10BC0000C00D0240C80D024083B002900191684609
:10BC100002700078012808D1FFE7019801228240D4
:10BC2000029908681043086007E0019801228240E9
:10BC30000299086890430860FFE703B0704700006E
:10BC4000B0B5FFB0FFB0A6B0FFA86430369006488C
:10BC500040793790FF2801D902F0C0FA3798810067
:10BC600002A040588746C046E00A00206DC0000090
:10BC700075C00000DDE100007DC00000ABC0000029
:10BC80003DC100007FC10000DDC100000BC200000B
:10BC900087C30000C9C300000BC4000039C4000002
:10BCA0003DC50000EDC50000C1C6000073C700001F
:10BCB000A1C70000A9C7000031C80000BDC800002E
:10BCC00085C9000065CA000071CC00002DCE0000BF
:10BCD00099CE0000EFCE000045CF0000AFD00000AD
:10BCE000F1D000004DD100008BD20000E1D2000065
:10BCF000E9D2000061D30000BFD30000EDD3000003
:10BD0000DBD400001FD50000DDE10000DDE1000014
:10BD1000DDE10000DDE10000DDE10000DDE100002B
:10BD2000DDE10000DDE10000DDE10000DDE100001B
:10BD3000DDE10000ABE10000DDE10000DDE100003D
:10BD4000DDE10000DDE10000DDE10000DDE10000FB
:10BD5000DDE10000DDE10000DDE10000DDE10000EB
:10BD6000DDE10000DDE10000DDE10000DDE10000DB
:10BD7000DDE10000DDE10000DDE10000DDE10000CB
:10BD8000DDE10000DDE10000DDE10000DDE10000BB
:10BD9000DDE10000DDE10000DDE10000DDE10000AB
:10BDA000DDE10000DDE10000DDE10000DDE100009B
:10BDB000DDE10000DDE10000DDE10000DDE100008B
:10BDC000DDE10000DDE10000DDE10000DDE100007B
:10BDD000DDE10000DDE10000DDE10000DDE100006B
:10BDE000DDE10000DDE10000DDE10000DDE100005B
:10BDF000DDE10000DDE10000DDE10000DDE100004B
:10BE0000DDE10000DDE10000DDE10000DDE100003A
:10BE1000DDE10000DDE10000DDE10000DDE100002A
:10BE2000DDE10000DDE10000DDE10000DDE100001A
:10BE3000DDE10000DDE10000DDE10000DDE100000A
:10BE4000DDE10000DDE1000067D6000091D60000D2
:10BE5000E7D600003DD7000093D7000021D80000AE
:10BE600033D800006BD80000F7D90000DDE10000F6
:10BE7000DDE10000DDE10000DDE10000DDE10000CA
:10BE8000DDE10000DDE10000DDE10000DDE10000BA
:10BE9000DDE10000DDE10000DDE10000DDE10000AA
:10BEA000DDE10000DDE10000DDE10000DDE100009A
:10BEB000DDE10000DDE10000DDE10000DDE100008A
:10BEC000DDE100003DDA0000F9DA0000D9DB000016
:10BED000EFDC000019DD0000A5DD0000F7DD00004B
:10BEE000FDDD000075DE000067DF0000A7DF000059
:10BEF000D7E00000DDE10000DDE10000DDE1000051
:10BF0000DDE10000DDE10000DDE10000DDE1000039
:10BF1000DDE10000DDE10000DDE10000DDE1000029
:10BF2000DDE10000DDE10000DDE10000DDE1000019
:10BF3000DDE10000DDE10000DDE10000DDE1000009
:10BF4000DDE10000DDE10000DDE10000DDE10000F9
:10BF5000DDE10000DDE10000DDE10000DDE10000E9
:10BF6000DDE10000DDE10000DDE10000DDE10000D9
:10BF7000DDE10000DDE10000DDE10000DDE10000C9
:10BF8000DDE10000DDE10000DDE10000DDE10000B9
:10BF9000DDE10000DDE10000DDE10000DDE10000A9
:10BFA000DDE10000DDE10000DDE10000DDE1000099
:10BFB000DDE10000DDE10000DDE10000DDE1000089
:10BFC000DDE10000DDE10000DDE10000DDE1000079
:10BFD000DDE10000DDE10000DDE10000DDE1000069
:10BFE000DDE10000DDE10000DDE10000DDE1000059
:10BFF000DDE10000DDE10000DDE10000DDE1000049
:10C00000DDE10000DDE10000DDE10000DDE1000038
:10C01000DDE10000DDE10000DDE10000DDE1000028
:10C02000DDE10000DDE10000DDE10000DDE1000018
:10C03000DDE10000DDE10000DDE10000DDE1000008
:10C04000DDE10000DDE10000DDE10000DDE10000F8
:10C05000DDE10000DDE10000DDE10000DDE10000E8
:10C06000DDE10000DDE10000DBE100000FF068FC35
:10C0700002F0B5F80DF078F902F0B1F8FB4800795C
:10C08000002807D1FFE7FA4902204881F74901203B
:10C09000087108E0FD484089002803D1FFE70CF053
:10C0A000E1F8FFE7FFE702F09AF8F7480079002887
:10C0B00007D1FFE70FF034FCF5480A2102F0A6FD96
:10C0C0003AE0F2484089002803D1FFE7F8F7F6FA92
:10C0D00031E0F04805F062FF00282BD0FFE7EE4882
:10C0E000EE49405C012819D1FFE7EB4857210901CF
:10C0F000405C8007C00F00280BD0FFE7E6495720BF
:10C100000201885CFD231840885405200BF04AFE8C
:10C1100003E00B200BF046FEFFE70AE0DE49572064
:10C120000201885CFD23184088540B200BF03AFE76
:10C13000FFE7FFE7FFE7FFE702F051F8D248007999
:10C14000002807D1FFE70FF0EBFBD5481E2102F0D6
:10C150005DFD12E0CD484089002803D1FFE7F8F7E4
:10C16000ADFA09E0CB4805F019FF002803D0FFE73E
:10C170000CF078F8FFE7FFE7FFE702F030F8C2487D
:10C180000079002807D1FFE70FF0CAFBC5480A2154
:10C1900002F03CFD20E0BD484089002803D1FFE7C4
:10C1A000F8F78CFA17E0BB4805F0F8FE002811D02C
:10C1B000FFE70CF057F8B449BB4A00208854B64951
:10C1C00057200201885CFE2318408854AF490220A2
:10C1D0008870FFE7FFE7FFE702F001F8AA4800795F
:10C1E000002807D1FFE7A9490A204881A649012074
:10C1F000087108E0A5484089002803D1FFE70CF04A
:10C2000031F8FFE7FFE701F0EAFF9F4800790028D7
:10C2100007D1FFE70FF084FBA4480A2102F0F6FCE7
:10C22000AFE09A484089002819D1FFE796489E4917
:10C23000425C521C4254405C10280BDBFFE70CF0C0
:10C2400011F89149984A00208854904988896430AF
:10C25000888103E007200BF0A5FDFFE790E08D4803
:10C2600005F09CFE002800D189E0914805F096FE7B
:10C2700001463698C162C06A00287CD0FFE7369933
:10C280000020359048620862C86188614861086191
:10C29000C8608860FFA968310870FFA98C310870F8
:10C2A000FFE7FFA88C3000781F2833D8FFE73698C7
:10C2B000C06A00782C280DD0FFE73699C86A00784C
:10C2C000FFAA8C321378FFAA6C32D054C86A401C83
:10C2D000C86217E036984068411CFFA868300170BA
:10C2E0000078022801DBFFE714E03699C86A00787D
:10C2F000FFAA8C321378FFAA6C32D054C86A401C53
:10C30000C862FFE7FFE73698806A401CFFA98C31BE
:10C310000870C6E76048AF21C9004158FFA86C30DB
:10C320008847002819D0FFE757485F49425C521CF4
:10C330004254405C1F280BDBFFE70BF093FF524990
:10C34000594A00208854514988896430888103E023
:10C3500007200BF027FDFFE70CE04F4957200201B3
:10C36000885C0123184388540BF07CFF47499620D2
:10C370008881FFE702E0F8F7A1F9FFE7FFE7FFE7B1
:10C38000FFE701F02CFF40480079002807D1FFE7C4
:10C390000FF0C6FA47480A2102F038FC12E03B4889
:10C3A0004089002803D1FFE7F8F788F909E0394808
:10C3B00005F0F4FD002803D0FFE70BF053FFFFE783
:10C3C000FFE7FFE701F00BFF2F480079002807D1B6
:10C3D000FFE70FF0A5FA38481E2102F017FC12E023
:10C3E0002A484089002803D1FFE7F8F767F909E0F8
:10C3F000284805F0D3FD002803D0FFE70BF032FFFB
:10C40000FFE7FFE7FFE701F0EAFE1F480079002899
:10C4100007D1FFE71D49022048811B49012008710F
:10C4200008E01A484089002803D1FFE70BF01AFF03
:10C43000FFE7FFE701F0D3FE13480079002807D19A
:10C44000FFE70FF06DFA1D480A2102F0DFFB73E0F1
:10C450000E484089002803D1FFE7F8F72FF96AE07A
:10C460000C4805F09BFD002864D003E0E00A0020A2
:10C47000D8090020124805F091FD01463698C162A6
:10C48000C06A002853D01DE0E00A0020D80900202F
:10C4900078E70100D5E80100780000207105000070
:10C4A0006AE7010019E801009D0C00007AEA01002A
:10C4B0002AEA0100ADE80100FBE70100C8E801003D
:10C4C00099E90100FC4855301921F3F7CCFEFFA98A
:10C4D0008C3100200870FFE7FFA88C300078182806
:10C4E00024D8FFE73698C06A00780D2815D0FFE7FA
:10C4F0003699C86A0078FFAB8C331C78F54A143241
:10C50000141941256055C86A00781B78D2185A233F
:10C51000D054C86A401CC86200E007E0FFE73698C4
:10C52000806A401CFFA98C310870D5E7FFE70BF04B
:10C5300099FEFFE7FFE7FFE701F051FEE6480079CB
:10C54000002807D1FFE70FF0EBF9E4480A2102F0D9
:10C550005DFB49E0DF484089002803D1FFE7F8F799
:10C56000ADF840E0DE4805F019FD00283AD0FFE7BD
:10C57000DC4805F013FD01463698C162C06A002808
:10C580002DD0FFE7D349002048620862C861886166
:10C590004861FFA98C310870FFE7FFA88C30007854
:10C5A00013281BD8FFE73698C06A00780D280CD0F6
:10C5B000FFE7369AD06A411CD1620078FFA98C311E
:10C5C0000A78C4498918087500E007E0FFE7369843
:10C5D000806A401CFFA98C310870DEE7FFE70BF092
:10C5E00041FEFFE7FFE7FFE701F0F9FDBA480079F8
:10C5F000002807D1FFE70FF093F9BB480A2102F0AA
:10C6000005FB5BE0B3484089002803D1FFE7F8F75A
:10C6100055F852E0B54805F0C1FC002803D0FFE70B
:10C62000F8F726F848E0AE4805F0B8FC002842D0FC
:10C63000FFE7AF4805F0B2FC01463698C162C06A18
:10C64000002835D0FFE7A349002034900865C8646E
:10C65000886448640864C8633C310876FFA98C315B
:10C660000870FFE7FFA88C30007818281CD8FFE777
:10C670003698C06A00780D280DD0FFE7369AD06A48
:10C68000411CD1620078FFA98C310A789149891840
:10C690003C22885400E007E0FFE73698806A401C9F
:10C6A000FFA98C310870DDE78A4903208870FFE715
:10C6B0000BF0D8FDFFE7FFE7FFE7FFE701F08FFD95
:10C6C00085480079002807D1FFE70FF029F989484C
:10C6D0000A2102F09BFA4AE07E484089002803D1F3
:10C6E000FFE7F7F7EBFF41E07D4805F057FC002836
:10C6F0003BD0FFE77B4805F051FC01463698C1620C
:10C70000C06A00282ED0FFE7724900208863486382
:10C710000863C8628862FFA98C310870FFE7FFA830
:10C720008C30007813281CD8FFE73698C06A007850
:10C730000D280DD0FFE7369AD06A411CD1620078EF
:10C74000FFA98C310A78634989182822885400E0AF
:10C7500007E0FFE73698806A401CFFA98C3108701B
:10C76000DDE7FFE70BF07EFDFFE7FFE7FFE701F006
:10C7700036FD59480079002807D1FFE755490220C6
:10C78000488155490120087108E052484089002835
:10C7900003D1FFE70BF066FDFFE7FFE701F01FFDA8
:10C7A000F7F70AFE01F01BFD4B480079002807D17E
:10C7B000FFE70FF0B5F850480A2102F027FA35E0FC
:10C7C00044484089002803D1FFE7F7F777FF2CE0C2
:10C7D000434805F0E3FB002826D0FFE7474805F073
:10C7E000DDFB002808D0FFE73B4908780122104311
:10C7F00008700BF037FD16E0414805F0CFFB00282C
:10C8000008D0FFE7344908780122104308700BF084
:10C8100029FD07E030490878FE22104008700BF02F
:10C8200021FDFFE7FFE7FFE7FFE7FFE701F0D7FCA8
:10C8300029480079002807D1FFE70FF071F8314847
:10C840000A2102F0E3F935E022484089002803D1AB
:10C85000FFE7F7F733FF2CE0214805F09FFB0028A6
:10C8600026D0FFE7284805F099FB002808D0FFE70D
:10C87000194908780222104308700BF0F3FC16E007
:10C88000224805F08BFB002808D0FFE71249087802
:10C890000222104308700BF0E5FC07E00E4908780F
:10C8A000FD22104008700BF0DDFCFFE7FFE7FFE71B
:10C8B000FFE7FFE701F093FCD80900200648007964
:10C8C000002827D1FFE70FF02BF811480A2102F0CA
:10C8D0009DF955E0D8090020E00A0020DAE80100BF
:10C8E000D5E801005FE90100A0E80100E0EA0100ED
:10C8F00062E90100BCE8010067E8010057EA0100B5
:10C900009FEA010082E801006EEA0100B6EA010038
:10C9100074E80100FD484089002803D1FFE7F7F7DC
:10C92000CDFE2CE0FA4805F039FB002826D0FFE7C1
:10C93000F84805F033FB002808D0FFE7F6490878EF
:10C940000422104308700BF08DFC16E0F34805F04C
:10C9500025FB002808D0FFE7EF49087804221043A0
:10C9600008700BF07FFC07E0EB490878FB221040D1
:10C9700008700BF077FCFFE7FFE7FFE7FFE7FFE753
:10C9800001F02DFCE4480078C007002812D1FFE731
:10C99000E148E349425C521C4254405C652808DB94
:10C9A000FFE7F7F7A3FEDC49DD4A0020885401F0D9
:10C9B00016FC33E0D84800788007C00F002811D15A
:10C9C000FFE7D548817A491C8172807A152808DBF7
:10C9D000FFE7D149002088720878022210430870CE
:10C9E000FFE71AE0CC4800784007C00F002813D1B9
:10C9F000FFE7C948CB49425C521C4254405C1528B1
:10CA000009DBFFE7C449C74A00208854087804229C
:10CA100010430870FFE7FFE7FFE7FFE7BE48007835
:10CA2000C007002818D0FFE7BB4800788007C00F78
:10CA3000002811D0FFE7B84800784007C00F002851
:10CA40000AD0FFE7B44900208872B54A8854B54A35
:10CA500088540BF007FC03E010200BF0A3F9FFE76C
:10CA600001F0BDFBAC480079002807D1FFE70EF0CC
:10CA700057FFAD480A2102F0C9F8F7E0A348408902
:10CA8000002803D1FFE7F7F719FEEEE0A04805F014
:10CA900085FA002800D1E7E0A44805F07FFA0146B6
:10CAA0003698C162C06A002800D1DAE036990020C9
:10CAB0000860F8A9C867FFA95C3108700870FFE733
:10CAC000FFA85C30007805281ADCFFE73698C16AB9
:10CAD000FFA85C30027803235343C818CB5C303B7B
:10CAE0000A215943407840183038FFA960318854F2
:10CAF000FFE7F7A8C06F401CFFA95C310870DFE7B3
:10CB00003698C26AFFA95C310D78032423466B4333
:10CB1000D218521E1378FFAA60329371C36A087844
:10CB2000444318191C5D303C0A2363434078C01805
:10CB30003038D07100200870FFE7FFA85C30007823
:10CB4000052826DCFFE7FFA85C3001783191FFA8BB
:10CB500060303390405C30906421F3F7F1FE08467A
:10CB60000A212F91F3F7ECFE2F990246309812011B
:10CB70003292F3F7E5FE319A32980B463399184317
:10CB80008854FFE7F7A8C06F401CFFA95C3108700C
:10CB9000D3E7FFA860300078172861DBFFE7FFA824
:10CBA000603000784F285BDCFFE7FFA860304078FA
:10CBB000122855DCFFE7FFA86030407801284FDBE2
:10CBC000FFE7FFA860308078312849DCFFE7FFA845
:10CBD00060308078012843DBFFE7FFA86030C07831
:10CBE00023283DDCFFE7FFA8603000795F2837DCB1
:10CBF000FFE7FFA8603040795F2831DCFFE7369C13
:10CC0000F8A9C96F4A4A2D9241200301D0182E90ED
:10CC10008171FFA960314D7845718D780571CD78AE
:10CC20008570246844704979D1540721F6F7F5FCE2
:10CC30002D9902462E98C2718322D2008A5808216B
:10CC400090472D992E983B4A895888472E983A4903
:10CC5000896888472D494878202210434870FFE7AB
:10CC6000FFE70BF0FFFAFFE7FFE7FFE701F0B7FA96
:10CC700029480079002807D1FFE70EF051FE2F4820
:10CC80000A2101F0C3FFCFE020484089002803D1EA
:10CC9000FFE7F7F713FDC6E01D4805F07FF9002810
:10CCA00000D1BFE0264805F079F901463698C16207
:10CCB000C06A002800D1B2E01449982200202C90CC
:10CCC00088500A4698321061D06090605060AC2263
:10CCD00088500A46AC321061D06090605060C0222B
:10CCE0008850C0310861C86088604860FFA98C31F5
:10CCF0000870FFE7FFA88C300078122838D8FFE7CB
:10CD00003698C06A00782C2829D01BE0D80900206A
:10CD1000D5E8010062EA0100E00A0020AAEA010069
:10CD20009C0C00009B0C000059E801004CEA01003B
:10CD300078000020A40500008C060020E6E8010031
:10CD40007DE90100369AD06A411CD1620078FFA9C2
:10CD50008C310A78FC4989189822885400E007E051
:10CD6000FFE73698806A401CFFA98C310870C1E744
:10CD70003699C86A401CC862FFA98C31002008702F
:10CD8000FFE7FFA88C30007812281CD8FFE7369800
:10CD9000C06A00782C280DD0FFE7369AD06A411C73
:10CDA000D1620078FFA98C310A78EB498918AC224E
:10CDB000885400E007E0FFE73698806A401CFFA92E
:10CDC0008C310870DDE73699C86A401CC862FFA93B
:10CDD0008C3100200870FFE7FFA88C300078122803
:10CDE0001CD8FFE73698C06A00782C280DD0FFE7E2
:10CDF000369AD06A411CD1620078FFA98C310A783A
:10CE0000D5498918C022885400E007E0FFE736982A
:10CE1000806A401CFFA98C310870DDE7FFE70BF04A
:10CE200021FAFFE7FFE7FFE701F0D9F9CB480079E6
:10CE3000002807D1FFE70EF073FDC9480A2101F071
:10CE4000E5FE27E0C4484089002803D1FFE7F7F753
:10CE500035FC1EE0C34805F0A1F8002818D0FFE714
:10CE6000C14805F09BF801463698C162C06A0028A7
:10CE700001D0FFE7FFE70BF0F5F9BC48BC49405C87
:10CE8000022804D1FFE777200AF08CFFFFE7FFE7D5
:10CE9000FFE7FFE701F0A3F9B0480079002807D1C8
:10CEA000FFE70EF03DFDB348962101F0AFFE1CE018
:10CEB000A9484089002803D1FFE7F7F7D9FB13E021
:10CEC000A84805F06BF8002803D0FFE70BF0CAF97B
:10CED00009E0A94805F062F8002803D0FFE7F7F75A
:10CEE000C7FBFFE7FFE7FFE7FFE701F078F99B48A3
:10CEF0000079002807D1FFE70EF012FD9F48962128
:10CF000001F084FE1CE094484089002803D1FFE72B
:10CF1000F7F7AEFB13E0934805F040F8002803D084
:10CF2000FFE70BF09FF909E0934805F037F8002878
:10CF300003D0FFE7F7F79CFBFFE7FFE7FFE7FFE71B
:10CF400001F04DF98448DC21405C012800DDA3E0BC
:10CF500082480079002823D1FFE78949FFA81C30C7
:10CF60002B904022F3F758F92B98F3F7B2F90146CA
:10CF70002B984018784ADD32824910F07BFD2B98BF
:10CF8000F3F7A7F901462B9840187F497F4A10F024
:10CF900071FD0EF0C5FC2B98782101F037FE7AE088
:10CFA0006D484089002806D1FFE70BF05BF96A491C
:10CFB000042088706EE06B4804F0F0FF00285BD01E
:10CFC000FFE7734804F0EAFF002849D0FFE7714803
:10CFD00004F0E4FF01463698C162C06A00283ED0E2
:10CFE000FFE73698C06A6949F3F748F9002836D058
:10CFF000FFE73698C06AFFA9183127910A222892C4
:10D00000F3F7B0F92799289A034653482A90D82471
:10D010000355D8302990E6A8C06F401CF3F7A2F959
:10D020002799289A299B5870E6A8C06F401CF3F7EF
:10D0300099F92799289A299B9870E6A8C06F401CF7
:10D04000F3F790F9299A2A99D0704878082210436A
:10D0500048700EF065FC2A9901204881FFE70AE03C
:10D060004D4804F09BFF002804D0FFE73A49012017
:10D070004881FFE7FFE70CE03F4804F08FFF0028FE
:10D0800006D0FFE70EF04CFC334901204881FFE752
:10D09000FFE7FFE7FFE708E0FF200AF083FE2E49E5
:10D0A0000878082210430870FFE701F098F82B4831
:10D0B0000079002807D1FFE70EF032FC37480A213B
:10D0C00001F0A4FD12E024484089002803D1FFE7C5
:10D0D000F7F7F4FA09E0234804F060FF002803D0D2
:10D0E000FFE70BF0BFF8FFE7FFE7FFE701F077F896
:10D0F0001A480079002807D1FFE70EF011FC2848F4
:10D10000052101F083FD1CE013484089002808D167
:10D11000FFE70BF0A7F810494878FD22104048704F
:10D120000EE0104804F03AFF002808D0FFE70BF0AB
:10D1300099F809494878FD2210404870FFE7FFE759
:10D14000FFE701F04CF8C046D809002003480079F9
:10D15000002856D126E0C046D8090020E00A002069
:10D1600009E80100D5E8010088E901007800002005
:10D170007105000027E80100E0EA010038E801003D
:10D1800084E40100D1E90100FFEA01005FE9010048
:10D190002CEA0100BEE901008CEA01004AE7010027
:10D1A00059E70100FD49F5A826904022F3F734F82D
:10D1B0002698F3F78EF8014626984018FD4A2592E6
:10D1C000DD32FD4910F056FC2698F3F782F82599D8
:10D1D000024626988018FE228A5AF84910F04AFC26
:10D1E0002698F3F776F8014626984018F449F54A50
:10D1F00010F040FC0EF094FB2698962101F006FDFD
:10D2000041E0EC484089002803D1FFE7F7F756FAE0
:10D2100038E0ED4804F0C2FE002828D0FFE7EB48D4
:10D2200004F0BCFE002811D0FFE70BF01BF8E14929
:10D23000487802221043487048780422104348700E
:10D24000E349887E2022104388760FE0E14804F00D
:10D25000A5FE002806D1FFE7DF4804F09FFE002866
:10D2600003D0FFE7F7F7F2F9FFE7FFE709E0DB4854
:10D2700004F094FE002803D0FFE7F7F7E7F9FFE793
:10D28000FFE7FFE7FFE700F0AAFFD5480079002895
:10D2900009D1FFE70EF044FBD14901200871C549CF
:10D2A000022048811AE0C3484089002815D1FFE7D1
:10D2B000CC4880788007C00F002809D0FFE7C94913
:10D2C00048680822895EF8F737FF0AF0CBFF03E0D1
:10D2D00025200AF067FDFFE7FFE7FFE700F07FFF8B
:10D2E000F7F76AF800F07BFFBD480079002818D1F5
:10D2F000FFE700202390F490F390F290F190F090EB
:10D30000EF90EE90ED90B7480289B749EDA82490D0
:10D3100010F0B0FB0EF004FB24980A2101F076FC1B
:10D320001CE0A4484089002803D1FFE7F7F7C6F9BD
:10D3300013E0AE4804F032FE002803D0FFE70AF005
:10D3400091FF09E0A54804F029FE002803D0FFE77B
:10D35000F7F77CF9FFE7FFE7FFE7FFE700F03FFFA4
:10D360009F48007900280BD1FFE70EF0D9FA9C48BE
:10D3700096300A2101F074FC8E49052088701CE06B
:10D380008C484089002803D1FFE7F7F797F913E0AD
:10D39000974804F003FE002803D0FFE70AF062FF7D
:10D3A00009E08E4804F0FAFD002803D0FFE7F7F704
:10D3B0004DF9FFE7FFE7FFE7FFE700F010FF8848C0
:10D3C0000079002807D1FFE78549012008717949D4
:10D3D0000220488108E077484089002803D1FFE710
:10D3E0000AF040FFFFE7FFE700F0F9FE7C48007914
:10D3F000002807D1FFE70EF093FA7E480A2101F0DA
:10D4000005FC68E06B484089002803D1FFE7F7F787
:10D4100055F95FE06C4804F0C1FD00284FD0FFE7EC
:10D42000754804F0BBFD01463698C162C06A002809
:10D4300044D0FFE73698C06AECA921910A222292D3
:10D44000F2F790FF2199229AEC98401CF2F78AFF9C
:10D450002199229AEC98401CF2F784FFEB90EB980C
:10D46000002810D1FFE75F498878FD2210408870BE
:10D4700050494878102210434870604900200880C5
:10D480000AF0F0FE19E000215C48405E022808DC4A
:10D49000FFE732200AF086FC58490888401C0880C3
:10D4A0000AE050498878FD221040887053490020D6
:10D4B00008800AF0D7FEFFE7FFE7FFE709E04748EB
:10D4C00004F06CFD002803D0FFE7F7F7BFF8FFE793
:10D4D000FFE7FFE7FFE700F082FE41480079002800
:10D4E00007D1FFE73E4901200871324902204881F7
:10D4F00013E03048408900280ED1FFE72D4800781E
:10D50000C009002803D1FFE70AF0ACFE03E01F20AA
:10D510000AF048FCFFE7FFE7FFE700F060FE304855
:10D520000079002807D1FFE70EF0FAF934480A2104
:10D5300001F06CFB95E01F484089002803D1FFE70C
:10D54000F7F7BCF88CE0204804F028FD002800D153
:10D5500085E0EAA9002008802A4804F01FFD014662
:10D560003698C162C06A002870D0FFE73698C06A5A
:10D57000F2F730FF0146EAA801800021405E012851
:10D5800007DBFFE70021EAA8405E1F49884207DB6E
:10D59000FFE713490020087557E0C046C4E40100C6
:10D5A000FFE73698C06A017800200A29209034D01D
:10D5B0002CE0C046D8090020D6E9010027EA010086
:10D5C000FFEA010014E70100D5E801003FEA01008D
:10D5D00078000020C2EA0100D1EA0100E0EA01007F
:10D5E000E00A0020841700203BE90100A4E90100C3
:10D5F000D0E8010008E701006BE90100601D002090
:10D6000047E8010075E90100010200003698C06A90
:10D610000078411E88412090FFE72098C00700282D
:10D6200005D0FFE73699C86A401CC862B9E736984A
:10D63000C06A401C0022EAA9895EF6F791FEFD4906
:10D640000875FD4906208870FFE703E0F9490320CB
:10D650000875FFE7F748007DF6F74AFBFFE7FFE7AD
:10D66000FFE700F0BCFDFA49FB4A00208854FB4B61
:10D67000572214011A5DFE252A401A55F54B022245
:10D680009A70087148804879401C487100F0A7FDE5
:10D69000EF480079002807D1FFE70EF041F9F04884
:10D6A0000A2101F0B3FA1CE0EA484089002808D1B9
:10D6B000FFE7E7490020087148804879401C48711D
:10D6C0000EE0E84804F06AFC002808D0FFE7E049D3
:10D6D0000020087148804879401C4871FFE7FFE747
:10D6E000FFE700F07CFDDA480079002807D1FFE76A
:10D6F0000EF016F9DC480A2101F088FA1CE0D54842
:10D700004089002808D1FFE7D149002008714880EE
:10D710004879401C48710EE0D24804F03FFC0028D4
:10D7200008D0FFE7CA490020087148804879401CAA
:10D730004871FFE7FFE7FFE700F051FDC4480079BB
:10D74000002807D1FFE7C34904204881C0490120D0
:10D7500008711CE0C34804F021FC002808D0FFE752
:10D76000BB490020087148804879401C48710DE091
:10D77000B8484089002808D1FFE7B5490020087162
:10D7800048804879401C4871FFE7FFE7FFE700F059
:10D7900026FDAF480079002823D1FFE7DAA81F90C3
:10D7A0004021F2F760FD1F981630AC49AF4A891846
:10D7B0001422F2F731FD1F98AD491622F2F72CFD25
:10D7C0001F98F2F786FD01461F984018A949AA4AFA
:10D7D00010F050F90EF0A4F81F980A2101F016FA83
:10D7E0001CE09C484089002808D1FFE798490020A8
:10D7F000087148804879401C48710EE0994804F04F
:10D80000CDFB002808D0FFE791490020087148802F
:10D810004879401C4871FFE7FFE7FFE700F0DFFCB5
:10D820008B490020087148804879401C487100F0FD
:10D83000D6FC87480079002807D1FFE785490420F6
:10D8400048818349012008710DE082484089002801
:10D8500008D1FFE77E490020087148804879401CC4
:10D860004871FFE7FFE700F0BAFC7948007900282B
:10D8700007D1FFE70EF054F88048042101F0C6F903
:10D88000B8E07448408900281DD1FFE7704872490C
:10D89000425C521C4254405C10280CDBFFE76C4891
:10D8A0006D4A002181546B4A91893C319181807984
:10D8B0000AF078FA06E066490020087148807D2069
:10D8C0004871FFE795E0674804F068FB002800D145
:10D8D0008EE06B4804F062FB01463698C162C06A74
:10D8E00000287DD0FFE73698C06AD9A90A22F2F74E
:10D8F00039FD014663484843D890D89800280DD593
:10D90000FFE7D8981E90D998401CD9A90A22F2F7AF
:10D9100029FD01461E98401AD8900CE0D8981D9019
:10D92000D998401CD9A90A22F2F71CFD01461D987E
:10D930004018D890FFE7D998401CD9A90A22F2F7DD
:10D9400011FD01464F484843D790D79800280DD580
:10D95000FFE7D7981C90D998401CD9A90A22F2F762
:10D9600001FD01461C98401AD7900CE0D7981B90F7
:10D97000D998401CD9A90A22F2F7F4FC01461B9859
:10D980004018D790FFE7D8980A211891F2F7F8FFCE
:10D990001899034631481990AD22D200835080185F
:10D9A0001A90D798F2F7ECFF01461A9841600B21C4
:10D9B000F5F733FE199902461A98C272324A8A580C
:10D9C0000C2190471A99087A0122104308722048C6
:10D9D0002149405C82001F49888980188881FFE7BF
:10D9E0001B490020087148804879401C4871FFE7B6
:10D9F000FFE7FFE7F3E316480079002807D1FFE7C8
:10DA000014490220488112490120087111E011488F
:10DA1000408900280CD1FFE7104957200201885C9B
:10DA2000FE23184088540A4880790AF0BBF9FFE7C2
:10DA3000FFE7D4E3E00A0020D80900200448007979
:10DA4000002834D1FFE71148007803282BD81FE0C5
:10DA5000E00A0020D80900209D0C0000780000207A
:10DA600093E60100D5E801002EE7010094040000D0
:10DA7000A7E90100FEEA01005FE9010008E90100F1
:10DA800002EA010040420F0074050000412300201B
:10DA90000DF046FFFA4800788100FA4840580A2104
:10DAA00001F0B4F802E00AF0DDFBFFE723E0F648FE
:10DAB0004089002803D1FFE7F6F700FE1AE0F3489B
:10DAC00004F06CFA002814D0FFE7ED480178491CF7
:10DAD00001700078042806D1FFE7E94900200870AA
:10DAE0000AF0C0FB04E0EA49002008714880FFE723
:10DAF000FFE7FFE7FFE772E3E548007900282FD151
:10DB0000FFE7E449B7A817908022F2F785FB179842
:10DB1000F2F7DFFB014617984018DB4A1692DD3218
:10DB2000DD490FF0A7FF1798F2F7D3FB16990246CD
:10DB300017988018FE228A5AD8490FF09BFF179831
:10DB4000F2F7C7FB014617984018D549D54A0FF0A0
:10DB500091FF0DF0E5FE1798962101F057F83AE095
:10DB6000C9484089002803D1FFE7F6F7A7FD31E057
:10DB7000C64804F013FA002821D0FFE7CA4804F091
:10DB80000DFA01463698C162C06A002816D0FFE738
:10DB90003698C06AC349F2F771FB00280DD0FFE741
:10DBA000C24804F0FBF9002803D0FFE70AF05AFB53
:10DBB00002E0F6F74BFDFFE7FFE7FFE709E0BC48AF
:10DBC00004F0ECF9002803D0FFE7F6F751FDFFE77A
:10DBD000FFE7FFE7FFE702E3AD48007900283CD10B
:10DBE000FFE7B44997A815908022F2F715FB159826
:10DBF000F2F76FFB014615984018AF491491AF4AF0
:10DC00008A18A54913910FF035FF1598F2F761FBBB
:10DC10001399024615988018A94A0FF02BFF159802
:10DC2000F2F757FB14990246159880189F22D200EC
:10DC30008A18A4490FF01EFF1598F2F74AFB014617
:10DC4000159840189649974A0FF014FF0DF068FE9A
:10DC50001598962100F0DAFF48E08B4840890028AB
:10DC600003D1FFE7F6F72AFD3FE0884804F096F974
:10DC700000282FD0FFE7944804F090F90146369829
:10DC8000C162C06A002824D0FFE73698C06A85497F
:10DC9000F2F7F4FA00281BD0FFE78C4804F07EF975
:10DCA000002811D0FFE70AF0DDFA77494878022210
:10DCB0001043487048780422104348707E49887E9B
:10DCC00020221043887602E0F6F7D2FCFFE7FFE758
:10DCD000FFE709E0764804F061F9002803D0FFE788
:10DCE000F6F7C6FCFFE7FFE7FFE7FFE777E26848E4
:10DCF0000079002806D1FFE7634901204881644983
:10DD0000087108E060484089002803D1FFE70AF065
:10DD1000A9FAFFE7FFE762E25D480079002815D124
:10DD2000FFE777A812908021F2F79DFA12986849D0
:10DD30000A68521C0A600A6866490FF09BFE0DF0E3
:10DD4000EFFD12980A2100F061FF2AE04E48408959
:10DD5000002803D1FFE70AF085FA21E05E4804F0CD
:10DD60001DF9002811D0FFE7594802685B496FA8E8
:10DD700011900FF07FFE119804F010F9002803D0E5
:10DD8000FFE70AF06FFAFFE709E0494804F006F9F7
:10DD9000002803D0FFE7F6F759FCFFE7FFE7FFE7AE
:10DDA000FFE71CE23A480079002808D1FFE70DF0B0
:10DDB000B7FD374901200871334948811AE03248DC
:10DDC0004089002815D1FFE7454880788007C00FBB
:10DDD000002809D0FFE7424948680822895EF8F721
:10DDE000ABF90AF03FFA03E0A02009F0DBFFFFE700
:10DDF000FFE7FFE7F3E1F6F7DFFAF0E1FA48007931
:10DE0000002819D1FFE74FA810908021F2F72BFAD4
:10DE100010982F490A68521C0A600A68FE4B19893B
:10DE200000910A33FD490FF025FE0DF079FD1098A1
:10DE30000A2100F0EBFE1CE0EC484089002803D1E9
:10DE4000FFE7F6F73BFC13E0F54804F0A7F80028DD
:10DE500003D0FFE70AF006FA09E0EC4804F09EF868
:10DE6000002803D0FFE7F6F7F1FBFFE7FFE7FFE746
:10DE7000FFE7B4E1DC48007900283ED132E0C0463B
:10DE800041230020C4090020D8090020D5E8010062
:10DE9000E00A002004E50100D6E9010002EB0100E0
:10DEA000FFEA01005FE90100E8E90100ADE60100D9
:10DEB000E0EA010084E50100780000203C05000054
:10DEC000F5EA0100D1E90100F5E90100D5E601001C
:10DED000D409002081E70100DCE90100C7E7010067
:10DEE000841700200DF01CFDBF4896300A2100F079
:10DEF000B7FEBE490520887034E0BC484089002840
:10DF000003D1FFE7F6F7DAFB2BE0BF4804F046F851
:10DF100000281BD0FFE7BE480268BE4947A80F9003
:10DF20000FF0A8FD0F9804F039F800280DD0FFE796
:10DF3000B9498878FD2210408870AC494878102291
:10DF4000104348700AF08EF9FFE709E0AF4804F08B
:10DF500025F8002803D0FFE7F6F778FBFFE7FFE797
:10DF6000FFE7FFE73BE1A0480079002806D1FFE783
:10DF70009D49012008719D49488113E09B484089D3
:10DF800000280ED1FFE799480078C009002803D186
:10DF9000FFE70AF067F903E09B2009F003FFFFE7C2
:10DFA000FFE7FFE71BE190480079002807D1FFE772
:10DFB0000DF0B6FC9248052100F028FE8AE08B485F
:10DFC0004089002803D1FFE7F6F778FB81E08A4813
:10DFD00003F0E4FF00287BD0FFE7884803F0DEFF72
:10DFE00001463698C162C06A00286CD0FFE73698B7
:10DFF0007F4A0B9200210C911170C06A42AA131D36
:10E000001146083114460C3415461035029501941A
:10E0100000917C49F2F788F9429901200D9000297E
:10E020000E9001DC0C980E900D980B9A0E9B1178B7
:10E03000FE242140C9181170439900290A9001DC7F
:10E040000C980A900D980B9A0A9B11785B00FD249E
:10E050002140C918117044990029099001DC0C98DD
:10E0600009900D980B9A099B11789B00FB24214085
:10E07000C918117045990029089001DC0C98089086
:10E080000D980B9A089B1178DB00F7242140C918E2
:10E09000117046990029079001DC0C9807900B98A5
:10E0A000079A01781201EF2319408918017000784E
:10E0B000012803DBFFE70AF0D5F803E09B2009F015
:10E0C00071FEFFE703E09B2009F06CFEFFE7FFE72E
:10E0D000FFE7FFE783E00020409041A90870FFE7D9
:10E0E000002141A84056042815DCFFE7404800788D
:10E0F000002241A98956C840C007002805D0FFE783
:10E10000002141A84056409005E0FFE74198401C9F
:10E1100041A90870E4E734480079002817D1FFE7E7
:10E12000002005903F903E903D903C903B903A906F
:10E1300039903890409A2F4938A806900FF09AFCF1
:10E140000DF0EEFB0698052100F060FD2CE0CF48B5
:10E150004089002803D1FFE7F6F7B0FA23E026480C
:10E1600003F01CFF00281DD0FFE7244803F016FF32
:10E1700001463698C162C06A00280FD0FFE7369882
:10E18000C06A0490F2F7A5F801460498891F09B205
:10E19000F6F7E6F8BD4906208870FFE79B2009F0F6
:10E1A00001FEFFE7FFE7FFE719E00F4800790028CD
:10E1B00007D1FFE7B549032048810B4901200871C9
:10E1C0000AE0B2484089002805D1FFE70648807977
:10E1D00009F0E8FDFFE7FFE701E000E0FFE77FB0BF
:10E1E0007FB026B0B0BDC046E00A0020D8090020AC
:10E1F000422300204EE90100D5E801000CEA0100AD
:10E2000090E80100E6EA010019EA0100E0EA0100F5
:10E21000D40900201AE70100841700201AE9010040
:10E22000A4E9010010B588B007A90880954801212C
:10E230008902405C002832D1FFE7944840784007CB
:10E24000C00F01282ADBFFE78F4880788007C00FC6
:10E25000002822D1FFE78B48059001218902049113
:10E26000F2F701F80598002207A9895EF6F757F83A
:10E2700001468548039001810A3086490FF0FAFB78
:10E28000039B049A059998780224204398700A20E9
:10E290005885885C401C8854FFE7FFE7A5E0794873
:10E2A00001218902405C012807D1FFE7754901205F
:10E2B0008202885C401C885496E0724801218902E1
:10E2C000405C022800D085E06F4880788007C00F4E
:10E2D00000282CD1FFE76D480078C009002826D01F
:10E2E000FFE76A49019108787F221040087065486D
:10E2F000029001218902F1F7B6FF019A0298516854
:10E300001289F1F789FF019902980A895E490A8109
:10E31000098906AAF4F70CF9002806D1FFE75A4844
:10E3200001895848F5F70EFD00E0FFE751E0564837
:10E33000408D00284CD1FFE754484078C006C00FFC
:10E3400000282DD1FFE74F485149405E01281BDBD3
:10E35000FFE74C484E49425A521E4252405E002846
:10E360000BD1FFE7484A917801200143917045495C
:10E370008202885C401C885405E0424901208202E8
:10E3800000208854FFE70AE03F4A917801200143CA
:10E3900091703C498202885C401C8854FFE70AE087
:10E3A000394A917801200143917036498202885C94
:10E3B000401C8854FFE734488078C007002806D006
:10E3C000FFE731498878082210438870FFE7FFE7AC
:10E3D000FFE708E02B4801218902405C032801D1B6
:10E3E000FFE7FFE7FFE7FFE7FFE728480078400780
:10E3F000C00F002822D1FFE7244800788007C00F13
:10E4000000281BD1FFE7214800788006C00F0028B4
:10E4100014D1FFE71D4800780007C00F00280DD178
:10E42000FFE7194880784007C00F002806D1FFE7B2
:10E4300015488078C007002821D0FFE713490091D4
:10E4400008781022104308700878FB2318400870E1
:10E450000878FD22104008700878DF22104008700C
:10E460000878F72210400870074A9078184090709A
:10E470009078FE231840907000208881FFE708B054
:10E4800010BDC046BC17002084170020D80900200A
:10E490000404000006EB010080B5C046C04680BD04
:10E4A00080B586B005A9049100200390087004206F
:10E4B000029000F09BFA03980121019100F01EF8F0
:10E4C000039800F001FB0399019800F017F80399F5
:10E4D000022000F013F80399032000F00FF80399CD
:10E4E000029800F00BF8039800F018FA039800F077
:10E4F0002BFA0498007806B080BD000080B58CB07F
:10E500000BAA069210700AA80590017009A90020B4
:10E51000087001F05FF8059A069811784B1E994132
:10E52000117074490968089100780790042800D98F
:10E53000D4E00798810001A04058874651E50000CB
:10E540008FE50000EBE500002BE6000083E600000D
:10E550000AA80278F049086801231A4098438018F5
:10E560000860FFE70AA8017800200029049007D07E
:10E57000FFE7DE480068C00A012148400490FFE739
:10E580000498C007002801D0FFE7EBE7AAE059494B
:10E59000086801221207104308605A4908680322DC
:10E5A000104308600AA80278F2490868D207920F5F
:10E5B0000223984380180860FFE70AA8017800202A
:10E5C0000029039007D0FFE74F4800688009012128
:10E5D00048400390FFE70398C007002801D0FFE7F9
:10E5E000EBE70A2004F06CF97CE00AA80278E14924
:10E5F0000868D207520F0423984380180860FFE789
:10E600000AA8017800200029029007D0FFE7B84847
:10E610000068000B012148400290FFE70298C00704
:10E62000002801D0FFE7EBE75CE0ED490868012234
:10E63000120710430860314908680322920310430F
:10E6400008600AA80278CB490868D207120F08238D
:10E65000984380180860FFE70AA801780020002985
:10E66000019007D0FFE72648006880090121484053
:10E670000190FFE70198C007002801D0FFE7EBE712
:10E6800030E0D749086801221304184308601A498A
:10E69000086810430860142004F0D2F80AA8027831
:10E6A000B4490868D207D20E102398438018086036
:10E6B000FFE70AA8017800200029009007D0FFE7B3
:10E6C00088480068800C012148400090FFE70098CE
:10E6D000C007002801D0FFE7EBE703E009A9042009
:10E6E0000870FFE70898BE49086009A800780CB0D8
:10E6F00080BDC04620200040002400408C0D024018
:10E70000182000404C1D024010200040B0B58CB0D5
:10E7100000200B906D4A06A918CA18C138CA38C122
:10E720006B49059101A9088102900190CF480088AA
:10E73000088168480088C8806748008888806748E2
:10E7400000884880664800880880EE480068000617
:10E75000410F04A8017000780090042800D9A8E0B7
:10E760000098810001A040588746C04681E700001C
:10E77000EFE70000F5E7000019E8000021E80000DD
:10E78000A4480068A449084001A90989884203D126
:10E79000FFE70A980B9029E09E4800689E490840D0
:10E7A00001A9C988884203D1FFE709980B901CE0B2
:10E7B000984800689849084001A98988884203D18F
:10E7C000FFE708980B900FE09248006892490840D4
:10E7D00001A94988884203D1FFE707980B9002E01E
:10E7E00006980B90FFE7FFE7FFE7FFE764E03E488E
:10E7F0000B9061E001A80088EF490968EF4A1140D9
:10E80000884204D1FFE705A840880B9003E005A8E3
:10E8100000880B90FFE74FE00120C0030B904BE016
:10E820003048006803210840032837D1FFE701A8DA
:10E830000089E5490968E54A1140884203D1FFE7AC
:10E840000A980B9029E001A8C088DF490968DF4ACF
:10E850001140884203D1FFE709980B901CE001A802
:10E860008088D9490968D94A1140884203D1FFE715
:10E8700008980B900FE001A84088D3490968D34A53
:10E880001140884203D1FFE707980B9002E00698F9
:10E890000B90FFE7FFE7FFE7FFE702E012480B906E
:10E8A000FFE70B990F480068C005000F48430B9025
:10E8B00002E000200B90FFE70B9892490968490598
:10E8C000490FC8400B900B980CB0B0BD04E6010096
:10E8D00000800096020C1000040C1000060C1000C2
:10E8E000200C10003C2000400024F4000C200040CC
:10E8F0001420004080B582B000200190FFF706FF91
:10E90000019001987F490968C904890FC8400190A6
:10E91000019802B080BDC0460020004080B582B0A2
:10E9200001A90091087000F055FE00980278754921
:10E9300008685207520D07231B029843801808608D
:10E94000002002B080BDC04680B582B001A9009110
:10E95000087000F03FFE009802786A490868920744
:10E96000D20C0323DB02984380180860002002B019
:10E9700080BDC0460020004080B584B0024603A898
:10E98000027002AA11700078800600281DD5FFE7EA
:10E9900003A801900178DF2211400170017802A8DC
:10E9A00002781048FDF730F901980078032804D167
:10E9B000FFE702980C49087006E00B480278094806
:10E9C0000321FDF721F9FFE707E003A8017802A87A
:10E9D00002780348FDF718F9FFE7002004B080BD76
:10E9E0002020004024200040781F002081B00146F4
:10E9F00068460170007840001C49425A7249086814
:10EA0000724B1A40724B184080180860002001B009
:10EA10007047C0460C200040FF07000010B582B0D0
:10EA200001A908706846002202700B78624A1168DA
:10EA30009B071B0D0324A402A143C9181160007891
:10EA400002B010BD81B001466846017000784000F8
:10EA50000649425A58490868584B1A40584B1840C2
:10EA600080180860002001B07047C046000C1000FC
:10EA700080B582B001A90091087000F0ABFD00984C
:10EA80000278064908685207120D07235B02984373
:10EA900080180860002002B080BDC04604200040FD
:10EAA00010B582B001A908706846002202700B7888
:10EAB000254A11689B079B0E3024A143C918116099
:10EAC000007802B010BDC04680B586B005A90870B8
:10EAD00004A9029100200870059803A9019108700B
:10EAE00000F078FD01980278064908685207120E76
:10EAF000E02398438018086000F028F80298007816
:10EB000006B080BD00200040B0B584B00091014641
:10EB1000009803AA117002A9087001A800230370CD
:10EB20001478094A1368A407240F0C25AB431B195A
:10EB300013600B78116803242340A143C9181160A6
:10EB4000007804B0B0BDC0461820004080B5FFF783
:10EB5000DDFD0649086006490648086006490020B0
:10EB6000086006490520086080BDC04608000020F6
:10EB700014E000E0FFFFFF0018E000E010E000E01C
:10EB800080B50C4802880C4908680C4B1A400C4BA5
:10EB90001840801808600B4802880B4908680B4B26
:10EBA0001A400B4B184080180860FFF7CFFF00F0A9
:10EBB000B9FC80BD220C100014200040FF030000AF
:10EBC00000FCFFFF080C10000C200040FF070000B5
:10EBD00000F8FFFF80B5C046C04680BD80B5C04686
:10EBE000C04680BD80B5C046C04680BD80B5C04629
:10EBF000C04680BD80B5C046C04680BD80B5C04619
:10EC0000C04680BD80B5C046C04680BD80B584B0DA
:10EC1000039002A8018001A900200870FFE7039873
:10EC2000007800280DD0FFE70398411C039100787D
:10EC300001A90B78154AD21890750198401C0870EC
:10EC4000EDE70298104948811048012101716521C2
:10EC50004901425801A909781630904704B080BD97
:10EC600080B582B0019068460180009806494881CD
:10EC7000064901200871652040010A580198044B9B
:10EC8000C95A904702B080BDD8090020E00A002090
:10EC90009604000080B500F009F800F047F880BD48
:10ECA00080B500F023F800F061F880BD80B5012048
:10ECB0008007002100F0D2F8002808D0FFE70120EB
:10ECC0008007002100F072F80BF022FAFFE7012123
:10ECD000880700F0C3F8002807D0FFE70121880764
:10ECE00000F064F80BF046FAFFE780BD80B50E48EF
:10ECF000002100F0B3F8002807D0FFE70A48002100
:10ED000000F054F80BF07CFAFFE70748012100F00F
:10ED1000A5F8002807D0FFE70348012100F046F8D6
:10ED20000BF09EFAFFE780BD0001004080B50E4861
:10ED3000002100F093F8002807D0FFE70A480021DF
:10ED400000F034F80BF0BCFAFFE70748012100F0AF
:10ED500085F8002807D0FFE70348012100F026F8D6
:10ED60000BF0DEFAFFE780BD0060004080B50E4882
:10ED7000002100F073F8002807D0FFE70A480021BF
:10ED800000F014F80BF0FCFAFFE70748012100F04F
:10ED900065F8002807D0FFE70348012100F006F8D6
:10EDA0000BF01EFBFFE780BD0064004080B584B01F
:10EDB000009101460098039102A90870039814304D
:10EDC000097800220192FCF71FFF019804B080BD72
:10EDD00080B584B0009101460098039102A90870A3
:10EDE0000398001D097800220192FCF70DFF01989D
:10EDF00004B080BD80B584B00091014600980391B5
:10EE000002A908700398001D097800220192FCF7FE
:10EE1000FBFE019804B080BD80B584B0019101462D
:10EE20000198039102A908700398001D0978012236
:10EE3000FCF7EAFE002004B080BD80B584B00191EB
:10EE400001460198039102A908700398001D0978F2
:10EE50000122FCF7D9FE002004B080BD80B586B049
:10EE6000019101460198059104A9087003AA029234
:10EE700000201070059810300978F5F765FA014602
:10EE800002980170007806B080BD80B58CB00A9001
:10EE9000099108A90120087003200790042006901A
:10EEA000002004900998002804D1FFE70BA9042052
:10EEB000087049E00A9900204860099948884A7812
:10EEC00010438A881043097808430A9948600998D2
:10EED0000078402805D0FFE709980078C0282CD199
:10EEE000FFE709988088C1097F208000014006A8BB
:10EEF000405805A901910880099802908068F1F7AF
:10EF000082FC0199024602980392C06809888840F1
:10EF1000F1F779FC01460398F1F70CFB0490049893
:10EF20003F210906F1F770FAF1F788FC0A99886128
:10EF30000A980421FFF770FFFFE708A90020087076
:10EF400008980BA90870FFE70BA800780CB080BDEB
:10EF500081B0009000980068C0B201B0704782B0E4
:10EF6000019068460170027801990868FF23984370
:10EF700080180860002002B0704780B5C046C046C7
:10EF800080BD80B5C046C046C046C04680BD0000BA
:10EF900080B58AB0099000200890079006900590EF
:10EFA0000490039002900190E4483F210901411828
:10EFB00001A80090072200F0D5FE009909980E22C2
:10EFC000F1F79CF9C0B20AB080BDC04680B5C0461A
:10EFD000C04680BD14491E200860E12008607047CB
:10EFE00010B586B005AA0192107004A8017003AA9A
:10EFF000029201211170007800F018F8019902982E
:10F000000B78114A1168DB079B0E2024A143C91815
:10F01000116000210170007806B010BD02491E2069
:10F020000860E12008607047800F004081B0014611
:10F03000684601700278044908680F231A40984313
:10F040008018086001B07047840F004070B584B02C
:10F05000FFF7C0FFB84887214900405C072800D16E
:10F0600067E1B648818E491C81863421405E0228C2
:10F0700000DA52E10021B248405E012815DBFFE7CB
:10F08000AD4887214900405C04280ED0FFE7AC481A
:10F090000188491E01800021405E002804D1FFE75D
:10F0A000A74880688047FFE7FFE7A64880880128D7
:10F0B00021DBFFE7A3480079800700280CD1FFE798
:10F0C0009E490A7F0120024050424241087FFE23B0
:10F0D000184080180877FFE79A488188491E818088
:10F0E0008088002806D1FFE79449087FFE2210405F
:10F0F0000877FFE7FFE793480068002816D0FFE78E
:10F100008D4887214900405C04280FD0FFE78D48D7
:10F110000168491E01600068002806D1FFE78749A1
:10F12000487EFE2210404876FFE7FFE782488721AD
:10F130004900405C012807D0FFE77F48872149004C
:10F14000405C002824D1FFE77B4887214900405CD0
:10F150002C2141437C4840182921405C012816DBC2
:10F16000FFE7754B87204400185D2C221146414370
:10F17000754846182921755C6D1E75541B5D5A43F0
:10F180008018405C002801D1FFE7FFE7FFE7FFE7B9
:10F19000694843218900405E012811DBFFE766488A
:10F1A00043218900425A521E4252405E002806D135
:10F1B000FFE766480D210022FCF726FDFFE7FFE789
:10F1C00006F0C8FD0146D54801875B4A6623D15C3D
:10F1D00080242143D1543621405E012820DBFFE703
:10F1E0005B484078C007002819D1FFE7594805213E
:10F1F0000122FCF709FDC948C18E491EC186C08E97
:10F2000000280BD1FFE7534805210022FCF7FCFC46
:10F21000C249C87E7F221040C876FFE7FFE7FFE7BC
:10F220004B4840788006C00F002816D1FFE7BB4846
:10F23000007EC006C00F002807D1FFE7B748412174
:10F2400009014018FCF7C2F8FFE743484168B3489A
:10F25000412212018018884705E03D494878DF22A5
:10F2600010404870FFE734496622885C0423184345
:10F270008854AA483949405C212815D1FFE7A7489E
:10F280003749405C21280FD1FFE7A44841210901FB
:10F29000405C212808D1FFE7A04957200201885C83
:10F2A000022318438854FFE79C4841210901405C30
:10F2B000302813D1FFE799480290412109014018F5
:10F2C00003900721F4F734F9029902460398C271BA
:10F2D0008322D2008A5808219047FFE7214808215D
:10F2E000F5F732F802468D490191C87ED207920E99
:10F2F000DF2318408018C8761B480721F5F724F84B
:10F300000199024650424241C87E9201BF231840F3
:10F310008018C87600208886FFE70D480A21405EE5
:10F32000012805DBFFE70A494889401E4881FFE7BD
:10F33000FFE704B070BDC046AC0600207800002096
:10F34000D40700200C08002038080020880D024057
:10F35000D8090020C80D02408C06002012040000CD
:10F3600011040000C40D0240840D024010B58EB09F
:10F37000109C0C900B910A92099307A90020888099
:10F380000790069005A90880049003A9062008703C
:10F39000464884687F2001231A46A047014602A8F8
:10F3A00001700078002809D0FFE70C990020086060
:10F3B0001099088002980DA908705EE03B48C46867
:10F3C0007F2007A903220123A047014602A801705C
:10F3D0000078002809D0FFE70C99002008601099F8
:10F3E000088002980DA9087047E007A90878000472
:10F3F0004A781202801889784018069006980121F0
:10F40000C905884206DBFFE70698FF210906401878
:10F410000690FFE70698C1171A4A00230193F0F7F8
:10F420009DFE019BCA17520A80185941C00D4A021D
:10F430008018C915144AF0F791FE019B134A801AEF
:10F4400099417D229201F0F763FE04900498002810
:10F4500003D5FFE700200490FFE704980C990860AB
:10F460000B99012008700A99032008700999064831
:10F47000086002980DA90870FFE70DA800780EB08B
:10F4800010BDC0461027000060AE0A000027B92951
:10F4900010B582B0A320000101A908800348846848
:10F4A0007F2002220123A04702B010BD201C0020B3
:10F4B00080B582B019483E21405E01281CDBFFE781
:10F4C00016483C21405CC007002807D1FFE71349DC
:10F4D0003C22885C0123184388540CE00F48C18FFC
:10F4E000491EC187C08F002804D1FFE70B48406C3C
:10F4F0008047FFE7FFE7FFE70949C888401CC8804D
:10F5000080B20B2808DBFFE70548019000698047BF
:10F5100001990020C880FFE702B080BD780000207C
:10F520000C080020B0B581B01A490868009008683E
:10F530000122120710430860174A1068174B184041
:10F540001060174A1068174B18401060164A106870
:10F55000164B18401060164A1068164D284310606C
:10F56000154A1068154C20431060154A1068154B59
:10F5700018431060144A106828431060134A10683A
:10F5800020431060124A1068184310600098086009
:10F5900001B0B0BD20200040CC0D02401F0F000084
:10F5A0000C1D02403C7800004C1D0240F3F90000A5
:10F5B000C00D0240E0F00000001D0240C3870000C3
:10F5C000401D02400C060000E00D0240201D0240DC
:10F5D000601D024002490348086003480860704704
:10F5E000082000405A5A0000A5A5000081B001463D
:10F5F0006846017000214056002809D4FFE768469C
:10F6000001781F2001400120884002490860FFE77F
:10F6100001B0704780E200E081B0014668460170A9
:10F620000021405600280DD4FFE7684601781F20CE
:10F6300001400120884004490860BFF34F8FBFF3A9
:10F640006F8FFFE701B0704780E100E081B00146B5
:10F650006846017000214056002809D4FFE768463B
:10F6600001781F2001400120884002490860FFE71F
:10F6700001B0704700E100E070B582B0024601A819
:10F680000270009100214056002816D4FFE70024A4
:10F6900001A908570322D3431840174A8058095735
:10F6A0008C07E50EFF24AC40A043009CA401E4B20B
:10F6B000AC402043194088501AE001A908780F2473
:10F6C000204008380322D34318400A4A80580025B6
:10F6D00049578D07EE0EFF25B540A843009DAD01AB
:10F6E000EDB2B54028432140083919408850FFE762
:10F6F00002B070BD1CED00E000E400E0BFF34F8FEE
:10F70000034904480860BFF34F8FFFE700BFFDE7E0
:10F710000CED00E00400FA0580B582B00190019A7A
:10F720000D495058401C505001984058022809DBA0
:10F73000FFE701992120420102208854019809F035
:10F7400059FF06E00199054A885CDF231840885478
:10F75000FFE702B080BDC0462C0400001E0400007C
:10F7600080B582B001900199212042010120885486
:10F77000019809F03FFF02B080BD80B584B003ABB3
:10F78000188002A8018001A90A800022805E895E9B
:10F79000F2F728FA4142484104B080BD80B582B0FA
:10F7A00001900020009003210846F2F7CEF9009066
:10F7B0000098054940180090009806F05BF90199FF
:10F7C0000860012002B080BD000080FF80B584B0D9
:10F7D00003900291019203980299019AF2F710FBAB
:10F7E000034805210022FCF70FFA04B080BDC04693
:10F7F000C80D02407047000080B582B03C48007BD5
:10F80000C007002871D0FFE739480621405E002874
:10F8100012D1FFE73748C421405A05280BDCFFE727
:10F820003448C423C15A4A1CC25289004018AC3023
:10F83000FFF7B4FFFFE72AE02D480621405E0128CC
:10F8400015D1FFE72B48E021405A05280EDCFFE7E1
:10F8500028482321CB00C15A4A1CC25289004018B3
:10F86000012109024018FFF799FFFFE70EE0204849
:10F870000621405E022808D1FFE71E48C421405AF5
:10F88000052801DCFFE7FFE7FFE7FFE7FFE718498F
:10F89000C888401CC8800622885EC30FC3185B0856
:10F8A0005B00C01AC8800420085E895E884208D1C7
:10F8B000FFE7FFF79FFF0E49087BFD22104008730A
:10F8C0000DE00B4A01920620105E0821515E0A23CA
:10F8D000D25EFFF77BFF0198006A8047FFE704498B
:10F8E000087BFE2210400873FFE702B080BDC046CF
:10F8F0004C00002078000020F0B59BB01AAB1870C7
:10F9000019A812900180189217AD0F950320288036
:10F9100000211191169115AA107014911391EB48C2
:10F920000246943210921279189B1A70189A5170EC
:10F93000942140587D21C900F1F702F81099119BDC
:10F94000024612980C791219E14C1219189CA270F7
:10F950004979189AEC5E661C2E8011551A998022FE
:10F960001143189AEC5E661C2E8011551899EA5EB8
:10F97000541C2C808B544178189AEC5E661C2E80A7
:10F9800011551999189AEB5E5C1C2C80D154008893
:10F99000D049884200D04DE1CF480E908421405894
:10F9A000F0F726FF01460E980991B1218900405CCD
:10F9B0000AF0F0F9F0F71CFF0146099805F060FF26
:10F9C0000E99139013A816901698C078189A0023D1
:10F9D0000D9317AD0A95EC5E661C2E801055169897
:10F9E0008078189AEC5E661C2E8010551698407828
:10F9F000189AEC5E661C2E80105516980078189A9E
:10FA0000EC5E661C2E801055B9208200881889583B
:10FA1000149114A90C91CA78189CEE5E771C2F8063
:10FA2000A2554988189AEC5E661C2E8011551499CF
:10FA3000090A189AEC5E661C2E8011551499189AC2
:10FA4000EB5E5C1C2C80D15480680B9003200AF084
:10FA5000A1F9F0F7CDFE01460B9805F043FFF0F752
:10FA6000EDFE0C990D9B02460E981492CA78189CD4
:10FA7000EE5E771C2F80A2554988189AEC5E661CB2
:10FA80002E8011551499090A189AEC5E661C2E8076
:10FA900011551499189AEB5E5C1C2C80D154FF21EF
:10FAA000B431405C002808D1FFE7E248D921490081
:10FAB000405CC01E15A9087006E0DE48D921490047
:10FAC000405C15A90870FFE7DA480590E821405826
:10FAD000F0F78EFE019015A800780AF05BF9F0F7B8
:10FAE00087FE0146019805F0CBFE0146059813916B
:10FAF00013A9049116911699C978189A00230793AF
:10FB000017AC0294E55E6E1C2680515516998978D3
:10FB1000189AE55E6E1C2680515516994978189AF8
:10FB2000E55E6E1C2680515516990978189AE35E99
:10FB30005D1C2580D15488214058F0F759FE0146BC
:10FB400005980391B1218900405C0AF023F9F0F790
:10FB50004FFE0146039805F093FE0499079B024669
:10FB60000598139216911699C978189AE55E6E1C3D
:10FB70002680515516998978189AE55E6E1C268064
:10FB8000515516994978189AE55E6E1C2680515594
:10FB900016990978189AE55E6E1C26805155B92190
:10FBA000890040184168149114A90891CA78189DD9
:10FBB000E65E771C2780AA554988189AE55E6E1C78
:10FBC000268051551499090A189AE55E6E1C268004
:10FBD00051551499189AE35E5D1C2580D154C06874
:10FBE000069003200AF0D6F8F0F702FE01460698C8
:10FBF00005F078FEF0F722FE079A01460898149166
:10FC0000C178189BA55E6E1C2680595540881899AE
:10FC1000A35E5D1C2580C8541498000A1899A35E41
:10FC20005D1C2580C85414981899A25E531C23802B
:10FC3000885400E0FFE7A848A32149004218537800
:10FC4000189D002217ACA65E771C2780AB55415C3F
:10FC5000189BA55E6E1C268059553821405C18996A
:10FC6000A25E531C2380885418489921405CC00729
:10FC700000280AD1FFE71948C07D1899002217AC67
:10FC8000A25E531C2380885409E01448807D189993
:10FC9000002217ACA25E531C23808854FFE71798FC
:10FCA000801F189948711898C01C1799C91EC9B2AD
:10FCB000F3F71AFC0246189B002117A8445E1A5558
:10FCC000179A521C0280405E1BB0F0BDE02000205D
:10FCD00066FEFFFF3090000078000020E40700205F
:10FCE000B0B584B0039002A801801D480190694618
:10FCF00000200880FFE76846008802A9098888423A
:10FD00002CDAFFE7019801214902405AFF280ED85A
:10FD1000FFE7039869460988405C019C012255026F
:10FD2000635BE1185B1C63531202885410E0019975
:10FD30000122550200204853039869460988405C17
:10FD4000019C635BE1185B1C635312028854FFE75C
:10FD5000FFE70098401C69460880CCE704B0B0BDBE
:10FD6000681D0020F0B586B00590049103A80280BC
:10FD700002A90020088001A90880059A0092088045
:10FD8000FFE7002201A8805E03A9895E88421FDA8E
:10FD9000FFE70498002201AB995E405C01090E4820
:10FDA000415C009D02ACA65E771C2780A955049992
:10FDB0009B5EC95C0F231940405C0099A25E531CF6
:10FDC00023808854FFE70198401C01A90880D8E7E8
:10FDD000059806B0F0BDC04638EC010080B582B091
:10FDE000014601A80170007804F000FD3A48B721EF
:10FDF0004900405C002807D0FFE73748B721490099
:10FE0000405C012806D1FFE7022004F0B3FF03F0B5
:10FE1000BFFD0DE03048B7214900405C042806D101
:10FE2000FFE7022004F0A6FF03F0B2FDFFE7FFE7C3
:10FE300002B080BD7800002080B586B08C48872154
:10FE40004900405C2C2141438A4840182821405CED
:10FE500005A908802048B7214900405C002807D048
:10FE6000FFE71D48B7214900405C012810D1FFE79A
:10FE70007F486821415E4018049031210391405C25
:10FE8000401C0A21F0F75CFD039A0498815421E09C
:10FE90001148B7214900405C04281AD1FFE7744893
:10FEA0006821415E40183121405C092810DCFFE7E1
:10FEB0006F486821415E4018029031210191405CF9
:10FEC000401C0A21F0F73CFD019A02988154FFE79B
:10FED000FFE7FFE706B080BD7800002080B5002076
:10FEE00005F0F6F980BD000080B5A2B0604887211A
:10FEF0004900405C2C2141435E4840182821405C69
:10FF00001FA908801EA9002008705B48B72149007E
:10FF1000405C042800D0FAE21DA916910020087068
:10FF200053483721415C1CAA11803821415C7F2055
:10FF3000C005179051480029189001DC17981890B7
:10FF4000169818991B9106F0F1FB4D49F0F718FD32
:10FF500016981A910078012801DBFFE7BCE31B9893
:10FF600012901A98F0F744FC01461298F0F7A5FA9F
:10FF70001390002114911CA8405E09F071FFF0F766
:10FF800037FC0146139805F085FC149919901FA8B9
:10FF9000405E1590322800D9B7E21598810001A083
:10FFA00040588746850001009B000100AD0001001C
:10FFB000BF000100D1000100E3000100F5000100D5
:10FFC00007010100210101003D010100590101006B
:10FFD0007501010091010100A3010100BD010100B3
:10FFE000CF010100EB010100FD010100170201003A
:10FFF00029020100450201005702010071020100BF
:020000040001F9
:10000000830201009F020100B1020100CB02010046
:10001000DD020100F90201000B03010025030100CC
:100020003703010053030100650301007F03010052
:1000300091030100AD030100BF030100D9030100DA
:10004000EB0301000704010019040100330401005F
:100050004504010061040100850401009F040100C2
:10006000B1040100CD040100DF040100F904010026
:10007000AC0600203808002078000020000080BF77
:1000800040420F001A981521F0F77AFCF948FA4A15
:1000900081541EA90B20087038E21998F5495522A1
:1000A000D20088501EA90B2008702FE21998F14940
:1000B000AB22920088501EA90B20087026E21998E6
:1000C000EC492B22120188501EA90B2008701DE25A
:1000D0001998E849AD22920088501EA90B2008709B
:1000E00014E21998E3495722D20088501EA90B2028
:1000F00008700BE21998DF49AF22920088501EA9C0
:100100000B20087002E21998DC49F0F7D6F9F0F7F5
:1001100095FBD849DA4A88521EA90B200870F5E1F0
:100120001998D649F0F7C9F9F0F788FB0146D14A8A
:100130000B208301D1521EA90870E7E11A98C1175C
:10014000890F4118FC221140401ACA49F94A8854C3
:100150001EA90B200870D9E11A98C10F4118FE2280
:100160001140401AC3495922D20088541EA90B20BD
:100170000870CBE11998C149F0F79FF9F0F75EFBE1
:10018000BC492322120188521EA90B200870BDE130
:100190001998B8494B22D20088501EA90B2008702C
:1001A000B4E11998B549F0F788F9F0F747FBB14980
:1001B000EC4A88521EA90B200870A7E11998AD4996
:1001C0009722920088501EA90B2008709EE1199872
:1001D000AA49F0F772F9F0F731FBA6498D22920097
:1001E00088521EA90B20087090E11998A14913228A
:1001F000520188501EA90B20087087E119989F4969
:10020000F0F75BF9F0F71AFB9A49D74A88521EA912
:100210000B2008707AE1199896499922920088502B
:100220001EA90B20087071E119989449F0F745F95F
:10023000F0F704FB8F494722D20088521EA90B20F9
:10024000087063E119988B494D22D20088501EA98D
:100250000B2008705AE119988849F0F72EF9F0F749
:10026000EDFA8449C14A88521EA90B2008704DE15D
:10027000199880499B22920088501EA90B20087073
:1002800044E119987D49F0F718F9F0F7D7FA794960
:100290008F22920088521EA90B20087036E119980F
:1002A00074492722120188501EA90B2008702DE1E5
:1002B00019987249F0F701F9F0F7C0FA6D49AC4AA4
:1002C00088521EA90B20087020E1199869499D22C7
:1002D000920088501EA90B20087017E119986749F1
:1002E000F0F7EBF8F0F7AAFAFC49092292018852DC
:1002F0001EA90B20087009E11998F8494F22D20075
:1003000088501EA90B20087000E11998F449F0F7F5
:10031000D4F8F0F793FAF149F74A88521EA90B2056
:100320000870F3E01998ED499F22920088501EA9A9
:100330000B200870EAE01998E949F0F7BEF8F0F7E9
:100340007DFAE6499122920088521EA90B2008707E
:10035000DCE01998E1490522D20188501EA90B2042
:100360000870D3E01998DE49F0F7A7F8F0F766FABD
:10037000DA49E04A88521EA90B200870C6E0199895
:10038000D649A122920088501EA90B200870BDE01A
:100390001998D349F0F791F8F0F750FACF4949226C
:1003A000D20088521EA90B200870AFE01998FE49B0
:1003B0005122D20088501EA90B200870A6E019987F
:1003C000C749F0F77AF8F0F739FAF749C84A88527E
:1003D0001EA90B20087099E01998F349A3229200F6
:1003E00088501EA90B20087090E01998BC49F0F7BE
:1003F00064F8F0F723FAEC499322920088521EA980
:100400000B20087082E01998E749292212018850D0
:100410001EA90B20087079E01998B149F0F74DF842
:10042000F0F70CFAE049B14A88521EA90B20087077
:100430006CE01998DC49A522920088501EA90B2077
:10044000087063E01998A649F0F737F8F0F7F6F965
:10045000D5492522120188521EA90B20087055E0AB
:100460001998D1495322D20088501EA90B20087038
:100470004CE0C04678000020C70200000000204188
:10048000C202000019989649F0F717F8F0F7D6F96C
:10049000C549954A88521EA90B20087036E0199864
:1004A000C149A722920088501EA90B2008702DE098
:1004B00019988B49F0F701F8F0F7C0F9BA4995227D
:1004C000920088521EA90B2008701FE01998B649A7
:1004D0001522520188501EA90B20087016E01998A9
:1004E0007F49EFF7EAFFF0F7A9F9AF497D4A885253
:1004F0001EA90B20087009E01998AB49A9229200A7
:1005000088501EA90B20087000E0FFE7FFE71EA837
:100510000078002801D1FFE7DEE01EA80078401E29
:1005200011900A2800D9D0E01198810002A040580B
:100530008746C046C6020000750501009B05010004
:10054000A3050100AB050100D1050100FB05010079
:1005500021060100CB060100470601006B060100E1
:10056000A306010032020000360200003A02000039
:100570003E0200008C480F902D2109014018109078
:100580000C21F3F7BFF80F99024610980273172257
:1005900052018A581021904798E05F48806980474F
:1005A00094E05C48C068804790E07F480D905749D0
:1005B00040180E903921F3F7A5F80D9902460E98D0
:1005C000534BCA54492212018A583A2190477DE080
:1005D00075480B90002141861121890140180C902B
:1005E0000C21F3F78FF80B9902460C980273452201
:1005F00012018A581021904768E06B480990B92190
:10060000890040180A901021F3F77CF809990246F6
:100610000A9802745F22D2008A581421904755E04C
:1006200061480790C5218900401808901821F3F708
:1006300069F80799024608980276332212018A580F
:100640001C21904742E0584805902121490140185B
:1006500006901821F3F756F8059902460698027697
:10066000294A8A581C21904730E04F480390412185
:100670000901401804900721F3F744F80399024652
:100680000498C2718322D2008A58082190470399A6
:1006900004981A4A895888470498194989688847EC
:1006A000FFE7414801902321090140180290992158
:1006B000F3F728F8019902460298124BCA54B32264
:1006C00092008A589C219047FFE7FFE700211FA86E
:1006D000405E04F0A5FDFFE722B080BD7800002059
:1006E0000000204156020000520200004E020000AD
:1006F0004A0200004602000042020000A405000079
:100700008C060020C90200003C04000054040000D4
:100710008D040000E40700200C08002010B584B010
:100720001F4887214900405C2C2141431D48401847
:100730002821405C03A908801B48B7214900405C80
:10074000002807D0FFE71848B7214900405C01287E
:100750000FD1FFE71248029068210191425A521DC1
:100760004252405E0621F0F70BF9019A029881523D
:1007700014E00D48B7214900405C04280DD1FFE783
:1007800007496822885AC01D8852885E430FC318E3
:100790000724A343C01A8852FFE7FFE704B010BD47
:1007A000AC060020380800207800002080B588B012
:1007B000014607A801705749574A895C4A000A3226
:1007C00004A90A7000780978884213DDFFE75349CD
:1007D00087204000085C2C2242435148821828237D
:1007E0000020D05407AA10706622885C202318438A
:1007F0008854FFE707A8007803F0F8FF4748662110
:10080000405C8006C00F002800D1E0E24349662228
:10081000885CDF23184088543E48B7214900405C7B
:10082000042800D08EE206F095F83C493B220020D7
:10083000885407A800780390322800D970E2039802
:10084000810001A040588746250901002F090100B9
:100850003F0901004F0901005F0901006F09010014
:100860007F0901008F090100A7090100C1090100EA
:10087000CB090100D7090100F1090100010A0100BB
:10088000190A0100290A0100430A0100530A010064
:100890006B0A01007B0A0100950A0100A50A01000C
:1008A000BD0A0100CD0A0100E70A0100F70A0100B4
:1008B0000F0B01001F0B0100390B0100490B010058
:1008C000610B0100710B01008B0B01009B0B010000
:1008D000B30B0100C30B0100DD0B0100ED0B0100A8
:1008E000050C0100150C01002F0C01003F0C01004C
:1008F000570C0100670C0100810C0100910C0100F4
:10090000A90C0100B90C0100D30C0100E30C01009B
:10091000FB0C010078000020C7020000AC0600209C
:1009200038080020F948FA49405C069009E2F74887
:100930005521C900405805F07FFA069001E2F348BE
:10094000AB218900405805F077FA0690F9E1EF48AD
:100950002B210901405805F06FFA0690F1E1EB48B0
:10096000AD218900405805F067FA0690E9E1E748B3
:100970005721C900405805F05FFA0690E1E1E348CD
:10098000AF218900405805F057FA0690D9E1DF48B9
:10099000E049405AEFF72CFFDF49EFF7CBFD05F0B8
:1009A0004BFA0690CDE1D9480B218901405AEFF767
:1009B0001FFFD949EFF7BEFD05F03EFA0690C0E1F2
:1009C000D248D649405C0690BBE1D0485921C900C5
:1009D000405C0690B5E1CD4823210901405AEFF76C
:1009E00007FFCD49EFF7A6FD05F026FA0690A8E12E
:1009F000F9484B21C900405805F01EFA0690A0E1C5
:100A0000F548F449405AEFF7F3FEF549EFF792FD48
:100A100005F012FA069094E1EF48972189004058BA
:100A200005F00AFA06908CE1EB488D218900405AC6
:100A3000EFF7DEFEEA49EFF77DFD05F0FDF90690E0
:100A40007FE1E54813214901405805F0F5F906908A
:100A500077E1E148EA49405AEFF7CAFEE049EFF78B
:100A600069FD05F0E9F906906BE1DB489921890001
:100A7000405805F0E1F9069063E1D7484721C900E5
:100A8000405AEFF7B5FED649EFF754FD05F0D4F91B
:100A9000069056E1D0484D21C900405805F0CCF9E8
:100AA00006904EE1CC48D549405AEFF7A1FECC491B
:100AB000EFF740FD05F0C0F9069042E1C6489B21E2
:100AC0008900405805F0B8F906903AE1C2488F21F4
:100AD0008900405AEFF78CFEC149EFF72BFD05F076
:100AE000ABF906902DE1BC4827210901405805F0DB
:100AF000A3F9069025E1B848BF49405AEFF778FEC0
:100B0000B749EFF717FD05F097F9069019E1B248DC
:100B10009D218900405805F08FF9069011E1AE48FB
:100B200009218901405AEFF763FEAD49EFF702FD55
:100B300005F082F9069004E1A7484F21C90040580A
:100B400005F07AF90690FCE0A348AA49405AEFF76D
:100B50004FFEA349EFF7EEFC05F06EF90690F0E0CA
:100B60009D489F218900405805F066F90690E8E00D
:100B7000994891218900405AEFF73AFE9849EFF7DA
:100B8000D9FC05F059F90690DBE093480521C9012D
:100B9000405805F051F90690D3E08F489449405AE7
:100BA000EFF726FE8E49EFF7C5FC05F045F90690F4
:100BB000C7E08948A1218900405805F03DF9069019
:100BC000BFE085484921C900405AEFF711FE84492A
:100BD000EFF7B0FC05F030F90690B2E07E48512105
:100BE000C900405805F028F90690AAE07A487F49E4
:100BF000405AEFF7FDFD7A49EFF79CFC05F01CF930
:100C000006909EE07448A3218900405805F014F92D
:100C1000069096E0704893218900405AEFF7E8FD6E
:100C20006F49EFF787FC05F007F9069089E06A48FD
:100C300029210901405805F0FFF8069081E0664837
:100C40006949405AEFF7D4FD6549EFF773FC05F0A9
:100C5000F3F8069075E06048A5218900405805F03A
:100C6000EBF806906DE05C4825210901405AEFF74A
:100C7000BFFD5B49EFF75EFC05F0DEF8069060E033
:100C800055485321C900405805F0D6F8069058E061
:100C900051485449405AEFF7ABFD5149EFF74AFC30
:100CA00005F0CAF806904CE0F448A72189004058A6
:100CB00005F0C2F8069044E0F04895218900405ABA
:100CC000EFF796FD4649EFF735FC05F0B5F80690CD
:100CD00037E0EA4815214901405805F0ADF8069083
:100CE0002FE0E6483D49405AEFF782FD3C49EFF7D7
:100CF00021FC05F0A1F8069023E0E048A921890035
:100D0000405805F099F806901BE0C0467800002096
:100D1000C7020000C202000000002041C60200001D
:100D2000E54987204000085C2C224243E4488218B1
:100D300028230020D0546622885C2023184388543E
:100D400045E0FFE7CD48B7214900405C002807D0C7
:100D5000FFE7CA48B7214900405C012819D1FFE7E5
:100D6000069AD54802903B21415C491C00913130E4
:100D70000621002300F08CFD0299372220208854A0
:100D800038228854392288543A22885402F000FECE
:100D90001CE0BA48B7214900405C042815D1FFE7A0
:100DA000069AC54801903B21415C491C00913130B5
:100DB0000821002300F06CFD01993922202088547D
:100DC0003A22885402F0E4FDFFE7FFE7FFE708B0AE
:100DD00080BDC046320200007800002056020000AC
:100DE00000002041520200004E0200004A020000B2
:100DF00046020000420200003E0200003A020000EB
:100E000036020000704780B5002004F061FA80BD12
:100E1000A94987204000085C2C224243A848821838
:100E20002823D05C401CD0546622885C20231843C1
:100E30008854704780B5A04887214900405C2C2128
:100E400041439F4840182821405C04F0AFF980BD21
:100E500010B592B0119010910F9211980E901098B9
:100E60000D900F980C9000200B900A9008900C9811
:100E70000D99884204D1FFE77D2040010A9030E0BF
:100E8000CE487F49405A002816D1FFE70E980D99A9
:100E90000391401AC1177D220492D2010023EFF77B
:100EA0005DF9039B0C9AD21AD317EFF731F9049925
:100EB000490140180A9013E00E980D990291401ACA
:100EC000C1170022D3436F4AEFF748F9029B0C9AEF
:100ED000D21AD317EFF71CF96B4940180A90FFE7B5
:100EE000FFE70A99B548694A805E48436849EFF7C9
:100EF00047FD0A900A986749884204DCFFE77D2095
:100F000040010A9008E00A986349884203DBFFE742
:100F10005D480A90FFE7FFE70A9AA84992200A5223
:100F2000C52292008A181389069352890592085A9D
:100F30009422885206985949884206DCFFE79F4967
:100F4000C720820056488852FFE7059855498842D5
:100F500005DBFFE79949544A54488852FFE7974810
:100F6000C07E4006C00F002800D184E00A98069990
:100F70000191401AC1174E4A0023EFF7EFF8019B89
:100F8000059AD21AD317EFF7C3F8FF21283140187A
:100F90000B900B98002803D2FFE700200B9008E08D
:100FA0000B98000B002803D0FFE742480B90FFE7A7
:100FB000FFE70B980890404887214900405C0628CD
:100FC00013D1FFE77D483D49405C02280DD1FFE782
:100FD000394887214900405C2C214143384840185A
:100FE0002821405C07280BD0FFE73648808800287E
:100FF0000AD0FFE77148007FC007002804D1FFE74F
:10100000FF202830089029E02B4887214900405CC8
:10101000062813D1FFE769482849405C02280DD112
:10102000FFE7254887214900405C2C2141432448A3
:1010300040182821405C08280BD0FFE72148808811
:1010400001280ADBFFE75D48007FC007002804D0C5
:10105000FFE7D72000010890FFE7FFE70898000AA4
:1010600007A9087008984870174884686020022211
:101070000023A047FFE712B010BDC0467800002053
:101080003404000080C1FFFF204E00001A0300005E
:10109000102700009F0F0000214E0000AB0D000044
:1010A000AC0D0000C15D00001E030000C05D00002B
:1010B000490C0000FF0F0000AC0600201C040000DB
:1010C000380800200C080020201C002080B588B0C3
:1010D000079007981A49405AEFF79CFB019002913C
:1010E000184A194BEFF764FA019A029BEFF760FA7E
:1010F0000022164BEFF75CFAEFF706FC0690079814
:10110000039084214058EFF773FB01460398049144
:10111000B1218900405C08F011FDEFF769FB014641
:10112000049804F08FFB069904F08CFB0590059859
:10113000074904F087FBEFF781FB08B080BDC0468C
:10114000C20200005C4F994895DB603E0000D03F32
:101150000000104280B582B001901848C07E800621
:10116000C00F00281DD0FFE714485921C900405C7A
:10117000002809D1FFE70198806F009010480A21EC
:101180000122FAF741FD08E00198006F00900C4839
:101190000A210022FAF738FDFFE70098F0F796FEE3
:1011A0000AE0F0F775FE06480A210122FAF72CFD45
:1011B00001990020C867FFE702B080BD78000020D9
:1011C000880D024083B0019001981349405C009063
:1011D000012810D0FFE70098022804D0FFE700980C
:1011E000032804D00DE002A9022008700FE002A934
:1011F000012008700BE001980849405C02A90870C2
:1012000005E001980549405C02A90870FFE702A8C3
:10121000007803B07047C0461504000014040000B5
:10122000B0B5C8B0479000204690F748F749405CF9
:10123000002806D0FFE7F448F449405C032800D0BA
:1012400026E14798C06E1B90EF48F949405C15A90C
:10125000087018A900200880FFE7002118A8405E48
:1012600015A90978884220DAFFE7002118A8445E12
:10127000E54A23231B01D2186300D35AA50030ACE2
:101280006351435E9C001219926A1CAB1A51405E76
:10129000132804D1FFE715A91420087005E0FFE723
:1012A0001898401C18A90880D7E715A800780128CD
:1012B00006DCFFE7EE484B21C90040584490E6E0C9
:1012C000EB48EC49405C002837D1FFE718A9002023
:1012D0000880FFE7002118A8405E15A90978884218
:1012E0002ADAFFE71B98002218A9895E8A0030A934
:1012F0008958884208DCFFE7002118A8405E810079
:101300001CA84058449017E0002118A8405E15A979
:101310000978491E884208D1FFE7002118A8405EDD
:1013200081001CA84058449006E0FFE7FFE71898AA
:10133000401C18A90880CDE7A8E017A900220A8060
:1013400015A80078401E16AB18801B98895E8A008D
:1013500030A98958884205DAFFE71798401C16A97A
:1013600008805CE01B98002216A9895E8A0030A9DB
:101370008958884205DDFFE71698401E17A90880A6
:101380004CE0002116A8405EC10F4018400818A983
:101390000880FFE7002216A8805E17A9895E401A20
:1013A00002283ADBFFE71B98002218A9895E8A0011
:1013B00030A9895888420EDAFFE7189916A80180EB
:1013C0000022805E17A9895E4018C10F40184008AE
:1013D00018A9088020E01B98002218A9895E8A00BD
:1013E00030A9895888420EDDFFE7189817A90880B0
:1013F000002216A8805E895E4018C10F4018400880
:1014000018A9088007E0189817A908801898401CA8
:1014100016A9088001E0FFE7BCE7FFE7FFE700222D
:10142000099217A80A90805E810030A841581A914D
:1014300016A90B91895E8900405819901B981A993A
:101440000D91401AEFF7D4F9099B0A9A01460B98BF
:101450000C91C05E80001CA90858D25E9200895889
:101460000F91EFF722F801460C98EFF726F80D9947
:101470000E901998401AEFF7BBF901460E98EFF756
:1014800059F80F99EEF7C0FF4490FFE7FFE755E0EA
:10149000FD487849405C012849D1FFE74798C06E74
:1014A000EFF7A6F9744904F0CDF9149014990846A1
:1014B00004F0FAF913901399149804F0F5F91290C6
:1014C0001299149804F0F0F911904798232109011A
:1014D0004018014678310891816F04911199039168
:1014E000C06F1299EEF7E9FF03990246049805923E
:1014F000EEF7E3FF0599EEF787FF0146089806919E
:1015000080681399EEF7D9FF0699EEF77DFF014643
:1015100008980791C0681499EEF7CFFF0799EEF786
:1015200073FF08990969EEF76FFF449005E047984B
:10153000AF21890040584490FFE7FFE7449847995E
:1015400088664798806E0021EFF712F9002800D0D6
:1015500083E047980090C06EEFF74AF90146009883
:101560000191806E4449EEF7A8FF0146019804F00E
:1015700069F910901098414904F096F90290479843
:101580006321C900405EEFF733F901460298EEF798
:1015900094FF3B49EEF7CEFF109047980B2189014D
:1015A000405A632810DCFFE710983B4904F07CF9AF
:1015B000EFF744F94690B449B120820005208854E1
:1015C000334A0020885447E047980B218901405A4C
:1015D0002C49884210DCFFE71098294904F064F98F
:1015E000EFF72CF94690A849B120820004208854D6
:1015F000274A002088542EE047980B218901405A41
:101600002149884216DC03E078000020C602000071
:101610001098204904F048F9EFF710F946909A49DC
:10162000B120820003208854194A0020885411E018
:10163000C70200001098154904F036F9EFF7FEF8DC
:1016400046909149B120820002208854104A00201F
:101650008854FFE7FFE7FFE7FFE74698002803D538
:10166000FFE700204690FFE7469848B0B0BDC0466F
:1016700078000020C6020000000020416666664037
:1016800000401C46E70300000F2700000000C8428E
:10169000C502000000007A440050C34780B592B0F4
:1016A000109010986D218900405C00280CD0FFE755
:1016B00010984C49405C002806D0FFE71098842120
:1016C0004058002806D1FFE71098842140580F9019
:1016D000119084E01098A3214900415E0A204843FC
:1016E000414940180E9010980B90E8214058EFF7B0
:1016F0007FF801460B980C91D9214900405C08F015
:101700001DFAEFF775F801460C9804F09BF80D9060
:101710001098FF21B431405C002819D1FFE71098E0
:101720000990E82141587D20C0004843EFF760F858
:10173000014609980A91D9214900405C08F0FEF958
:10174000EFF756F801460A9804F07CF80D90FFE791
:101750000D98EFF7C5F8254A254BEEF729FF0290C3
:1017600003911098009084214058EFF741F801460A
:1017700000980191B12189000691405C08F0DEF9E2
:10178000EFF736F80146019804F05CF8EFF7A8F897
:10179000024602980B460399EEF70AFF0490059162
:1017A0000E98EFF737F8024604980B460599EEF7C6
:1017B00067FF07900846069908901098405C08F06B
:1017C000BDF9EFF727F8024607980B460899EEF7A0
:1017D000EFFEEFF761F80F900F981190FFE7119867
:1017E00012B080BD16020000B36A000063FBA49C27
:1017F0001015724080B588B0069005A900200290AF
:101800000880BD482149405A0A21EFF799F8084657
:101810000299421C04A8028003910088002803D189
:10182000FFE7002007902BE005A900200880FFE7D4
:10183000002205A8805E04A9895E884211DAFFE7CC
:101840000698002205A9895E490040184821415A9E
:10185000039840180390FFE70598401C05A90880ED
:10186000E6E70398EEF7C4FF0190002104A8405E6C
:10187000EEF7BEFF01460198EEF75CFE0790FFE72A
:10188000079808B080BDC04678000020DA0200004A
:10189000B0B58AB00C460E99099008A8048007924A
:1018A00006AA138005AA118004AA00211180405EB7
:1018B000002804D1FFE709990E20087076E0079808
:1018C000002208A9895ECA003949895888420BDB81
:1018D000FFE70798002208A9895ECA0034498918E1
:1018E0004968884219DDFFE704A900200880FFE766
:1018F000002204A8805E08A9895E88420CDAFFE70E
:101900000999002204A8825E0F208854FFE70498FA
:10191000401C04A90880EBE748E0079800280DD593
:10192000FFE70798404207900898411E08A80180E9
:1019300009990022825E1F208854FFE704A9002035
:101940000880FFE7002204A8805E08A9895E88421B
:101950001BDAFFE7079801900021029104A8039089
:10196000405E08F07DFA01460198EFF709F80A2178
:10197000EFF706F8029B039A0998D25E8154FFE7BD
:101980000498401C04A90880DCE706A80088002809
:101990000CD0FFE70998002208A9895E4018401E74
:1019A00005AA1278C9B205F089F8FFE70AB0B0BD00
:1019B0002806002080B58EB00D900D98B9218900C1
:1019C00040580B900D98BB21890040580A900D9803
:1019D000C06E00280BD0FFE70D98806EEEF780FFF9
:1019E000424A434BEEF7EEFE002801D1FFE77BE0D1
:1019F0000D980790C06EEEF7FBFE01460798089120
:101A0000806E3C49EEF759FD0146089803F01AFF35
:101A10000C900C990A98EEF7F7FC0A90FFE70A98E9
:101A2000B449EEF7B3FE00282AD1FFE70B980490E3
:101A30000A98EEF703FF7D21C9000591EEF7A0FF9C
:101A40000146049840180B900A980690EEF7F6FEAF
:101A50000599EEF795FF014605984843EEF7C8FE55
:101A600001460698EEF721FD0A900B98244988421A
:101A700005DBFFE70B98234940180B90FFE7CEE703
:101A80000B9A9D48B92189004250401803900A9949
:101A900081601021F1F74CFD014603980174142177
:101AA0000AF0B4F815490888401C088000B20628DE
:101AB0001ADBFFE71149002008800B9A8E4801903D
:101AC000BF2189004250401802900A99816012217A
:101AD000F1F72EFD0199024602988274312212011B
:101AE0008A5814219047FFE70EB080BD9A999999C2
:101AF0009999B93F00002041780000207A1F00200A
:101B000000CA9A3B003665C480B594B01390139810
:101B10005D21C9004058119013982F2109014058A8
:101B20001090139888214058002801D1FFE7DCE08D
:101B300013980D9088214058EEF75AFE01460D98F3
:101B40000E91B1218900405C07F0F8FFEEF750FEDE
:101B500001460E9803F076FE654903F073FE12907D
:101B600012991098EEF750FC1090FFE71098614919
:101B7000EEF70CFE00282AD1FFE711980A90109882
:101B8000EEF75CFE7D21C9000B91EEF7F9FE0146F0
:101B90000A984018119010980C90EEF74FFE0B9990
:101BA000EEF7EEFE01460B984843EEF721FE0146A4
:101BB0000C98EEF77AFC109011985349884205DB97
:101BC000FFE71198514940181190FFE7CEE71199AE
:101BD00049480890B92292008018069041601099F7
:101BE000C1601021F1F7A4FC01460698017414218C
:101BF0000AF00CF8089812999C2207928058EEF788
:101C000003FC079902460898425041580991B521B2
:101C100089004058EEF7F7FD01460998EEF78AFC77
:101C20003449EEF74AFCEEF722FE0F900F98002899
:101C300039D0FFE7304805909C210491405803902B
:101C40000F98EEF7E0FD014605980291B521890055
:101C50004058EEF7D8FD2949EEF76CFC0146029892
:101C6000EEF72BFC01460398EEF7CEFB049A0146F3
:101C70000598815072B60F9B98228158C9188150DF
:101C8000807E4006C00F00280BD1FFE71A49887EEE
:101C900040221043887613981949405E0AF09AFF53
:101CA000FFE762B6FFE717490888401C088000B2CA
:101CB00006281ADBFFE713490020088011990E4817
:101CC0000090BF2292008018019041601099C1607D
:101CD0001221F1F72DFC00990246019882743122FD
:101CE00012018A5814219047FFE714B080BDC04606
:101CF0006666664000007A447800002000007AC4DE
:101D0000D20200007C1F002000E1F505001F0AFA46
:101D100082B000200190FFE7019809281FD8FFE753
:101D20000198182141430F4840180090009880689E
:101D300001280FDBFFE700998868401E88600028B3
:101D400007D1FFE70099C8688860009901204860C2
:101D5000FFE7FFE7FFE70198401C0190DCE702B0D6
:101D60007047C0463C1C002086B0059004A8017056
:101D700003A9002008700599009102A90870FFE7E7
:101D800002A8007804A9097888422FDAFFE70398AF
:101D9000009902AA1278895C484003A9087001A939
:101DA00000200870FFE701A80078072818DCFFE78B
:101DB00003A80078C007002807D0FFE703A9087828
:101DC00040088C225040087004E003A908784008BD
:101DD0000870FFE7FFE70198401C01A90870E2E7DF
:101DE000FFE70298401C02A90870C9E703A8007821
:101DF00006B0704780B584B000200390234800905F
:101E00000A21029101220192F9F7FEFE0098019A3F
:101E10000B21F9F7F9FEF2F767FD02991C48F2F77A
:101E200093FA002808D0FFE70120039017480A2101
:101E30000022F9F7E9FEFFE7039804B080BDC04631
:101E400080B584B0002003901048009008210291D2
:101E500001220192F9F7D8FE0098019A0921F9F7B9
:101E6000D3FEF9F7E5FD02990948F2F76DFA00286B
:101E700008D0FFE701200390044808210022F9F769
:101E8000C3FEFFE7039804B080BDC046400D02408A
:101E9000440D024080B584B00020039010480090AB
:101EA0000921029101220192F9F7AEFE0098019AF0
:101EB0000A21F9F7A9FEF9F7CDFD02990948F2F7D1
:101EC00043FA002808D0FFE70120039004480921C5
:101ED0000022F9F799FEFFE7039804B080BDC046E1
:101EE000C00D0240C40D024080B52A48DC21405C90
:101EF00000281ED1FFE727484078C006C00F002801
:101F00000ED0FFE724498878802210438870214949
:101F10000878202210430870FF2005F043FF07E0F7
:101F20001D4988787F22104088700AF0E5FFFFE79E
:101F30002EE01848DC21405C012816D1FFE7154847
:101F40004078C006C00F002806D0FFE71249887805
:101F5000402210438870FFE70E4908782022104382
:101F60000870FF2005F01EFF11E00B4988787F22E2
:101F7000104088708878BF22104088700549087822
:101F8000202210430870FF2005F00CFFFFE7FFE759
:101F900080BDC046D80900208417002080B586B0D7
:101FA0000590002001900598EEF793F904A90880A8
:101FB0008F489321C9004118039100690290FFE7FF
:101FC00002980399401A04A90988884213DBFFE7A5
:101FD0000598039904AA1288EEF790F9002806D113
:101FE000FFE7039804A909884018019003E00398CB
:101FF000401C0390E4E7019806B080BD80B584B032
:10200000029001910298F52189004118402207F0C1
:1020100067F9002809D0FFE70298F52189004018E8
:102020000199EEF72BF9039002E000200390FFE7FF
:10203000039804B080BD00003649802200208854F7
:102040000A46803250709070D0701071507190714B
:10205000D071107250729072D0721073507390736E
:10206000D073107450749074D0741075507590754E
:10207000D075107650769076D0761077507790772E
:10208000D077A0228854A1228854A2228854A32267
:102090008854C3228854C2228854C1228854C02242
:1020A0008854BF228854BE228854BD228854BC2242
:1020B0008854BB228854BA228854B9228854B82242
:1020C0008854B7228854B6228854B5228854B42242
:1020D0008854B3228854B2228854B1228854B02242
:1020E0008854AF228854AE228854AD228854AC2242
:1020F0008854AB228854AA228854A9228854A82242
:102100008854A7228854A6228854A5228854A42241
:1021100088547047AC06002080B588B007A90880B5
:1021200005A9012008802A486D218900405C00280B
:1021300048D0FFE707A80088002817D1FFE7002054
:10214000069023480390C5218900224A4252401834
:1021500004901821F1F7ECF90399024604980276ED
:10216000332212018A581C21904708E01849E820C0
:1021700008586522D200895840180690FFE7069853
:10218000154988421DDCFFE706981449884218DB90
:10219000FFE706990E480190C52292008018029030
:1021A00041611821F1F7C4F90199024602980276BB
:1021B000332212018A581C21904705A9002008806B
:1021C000FFE7FFE7002105A8405E08B080BDC046DC
:1021D00078000020102700009F0F000061F0FFFF33
:1021E00080B5034900204871C87204F0DDFE80BD4F
:1021F000E00A002080B584B0019101460198039166
:1022000002A9088003980022895EF0F7A9FF0398CD
:1022100004B080BD80B584B001910146019803915E
:1022200002A9088003980022895EF0F799FF0398BD
:1022300004B080BD10B58AB0089007A8018000F0F6
:102240006BFF104902A80CC90CC01CC91CC008981F
:10225000002804D3FFE70898052803D3FFE70120EF
:1022600009900CE00898810002A8405800220192D1
:1022700007A9895EF0F718FD01980990FFE7099812
:102280000AB010BD18E6010080B584B0039002A822
:102290000190018000F04CFF019903980022895EB3
:1022A000F0F75EFF039804B080BD000080B584B0F5
:1022B000039003987149405C8006C00F002800D04D
:1022C00094E002A90620088003986D494056401CFE
:1022D000019013287ED80198810001A040588746BC
:1022E00031230100432301008723010073230100F0
:1022F000D52301004F230100932301006723010030
:10230000AB2301005B2301009F230100D5230100C3
:10231000D5230100D5230100D5230100D5230100D9
:10232000D5230100D5230100B7230100C3230100F9
:1023300002A9352008800398604A80210BF07EFBBB
:102340004CE003985C4A80210BF078FB46E0039850
:10235000584A80210BF072FB40E00398544A8021D8
:102360000BF06CFB3AE00398504A80210BF066FBBF
:1023700034E003980121C90300914A4A4A4B802165
:102380000BF05CFB2AE00398454A80210BF056FBDA
:1023900024E00398414A80210BF050FB1EE0039893
:1023A0003D4A80210BF04AFB18E00398394A80210E
:1023B0000BF044FB12E00398354A80210BF03EFB02
:1023C0000CE003982F4900912F4A304B80210BF0ED
:1023D00035FB03E00398FDF7C3F94CE003990022B5
:1023E00002A8825E08460AF0C1FB44E00398F5218A
:1023F00089004118402206F073FF00281DD0FFE736
:102400000398F521890040182E49EDF737FF002881
:1024100004D0FFE70398FDF7A3F92CE00398F5211A
:10242000890040182849EDF729FF002804D0FFE76C
:102430000398FDF771F91EE01CE00398204940580D
:10244000002810DCFFE703980D494056401C002887
:1024500004D1FFE70398FDF783F903E0039805F043
:1024600039FDFFE705E00399154A8858401E88505A
:10247000FFE7FFE7FFE704B080BDC0461E04000091
:102480001F04000021EE01008DED0100FAED0100B6
:10249000B8ED010010ED010045ED0100E5EC010093
:1024A00077ED0100DCED010008EE0100F7EC010022
:1024B00029ED0100D3EC010061ED01001AEE0100ED
:1024C000240400001EEE0100E0EA010010B58CB00B
:1024D0000E9C0A9009910892079305A90020888014
:1024E0000590049003A90880029001A906200870B5
:1024F0003A4884686D2001231A46A0470146684681
:1025000001700078002809D0FFE70A9900200860D0
:102510000E99088000980BA908704CE02F48C468F9
:102520006D2005A905220123A047014668460170D8
:102530000078002809D0FFE70A99002008600E996A
:10254000088000980BA9087035E005A908780004F8
:102550004A78120280188A7880180490C87800029D
:102560000979401803A908800498C1175022002354
:10257000EDF7CEFD02900298002803D5FFE700207A
:102580000290FFE702980A990860099800210170FB
:10259000089A05201070079AC848106003A8415E89
:1025A0000A204843010E4018000A0E99088000983E
:1025B0000BA90870FFE70BA800780CB010BDC0464F
:1025C00010B582B0A320000101A9088003488468E7
:1025D0006D2002220123A04702B010BD201C002064
:1025E00083B002900191029800900098002801D1D8
:1025F000FFE70CE0FFE70198411E0191002806D09B
:10260000FFE70099481C009000200870F3E703B032
:102610007047000010B590B001460FA8017000216E
:102620000E91007802F0E2F882486621405CC00614
:10263000C00F002800D1DCE07E496622885CEF23D1
:10264000184088540FA800780D90002804D0FFE7A8
:102650000D98012862D0BAE004F0E6F967480A90C4
:10266000006F744A0C9242320521099103F058FD23
:10267000099902460C980E920E9A4223C35C5B1C89
:1026800000933C3001230893FFF702F901F0ACFB03
:102690000A980C9A806F49320421079103F040FD9B
:1026A0000799089B02460C980E920E9A4924045DE5
:1026B000641C00944330FFF7EBF801F0C5FC099966
:1026C0000A980C9A806E503203F02AFD099902464E
:1026D0000C980E920E9A5023C35C5B1C00934A30F8
:1026E00000230B93FFF7D4F801F0AAFD0A990B9B86
:1026F0000C98496E0E913B2143540E9A415C491C43
:10270000009131300821FFF7C3F80C9939222020BD
:1027100088543A22885401F03BF969E0364C6089CC
:102720000E904448069042210322029242540E9A8F
:10273000415C491C00913C30052103910123049325
:10274000FFF7A6F801F050FB049B0698218A0E9132
:1027500049210022059242540E9A415C491C009185
:1027600043300421FFF794F801F06EFC029A0399BC
:10277000049B0698A4890E94502402550E9A045D79
:10278000641C00944A30FFF783F801F059FD059B63
:102790000698BA498922D20089580E913B214354A8
:1027A0000E9A415C491C009131300621FFF770F808
:1027B000069937221F20885438221B20885439223A
:1027C000202088543A22885401F0E2F810E0194998
:1027D00087204000085C2C22424317488218282397
:1027E0000020D0546622885C10231843885400E0EF
:1027F000FFE710B010BDC046D41B002078000020B9
:102800007047704780B5002002F062FD80BD000077
:10281000084987204000085C2C2242430648821861
:102820002823D05C401CD0546622885C10231843B7
:1028300088547047AC06002038080020704700001C
:1028400080B586B00590002003903D480068029056
:10285000FFE73B48006804900498029988422AD018
:10286000FFE704980299884207D2FFE7029804998B
:10287000411A03984018039009E03248006804990F
:10288000401A02994118039840180390FFE70498F2
:102890000290039801900598009028480068074925
:1028A000EEF74EF8009A014601985143884201D351
:1028B000FFE701E0FFE7CCE706B080BDA08601009E
:1028C00080B586B0059000200390059800901B48C5
:1028D00000687D21C900EEF733F800994843029063
:1028E000174800680190FFE71548006804900498B5
:1028F000019988421FD0FFE704980199884207D2C6
:10290000FFE701980499411A03984018039009E0E1
:102910000C4800680499401A01994118039840181E
:102920000390FFE70498019003980299884201D32D
:10293000FFE701E0FFE7D7E706B080BD0800002011
:1029400018E000E014E000E010B590B00E904B48A5
:10295000007EC007002830D0FFE7002000900D90D7
:102960000C900B900A9009900890079006904448AC
:102970000190C368434904913F20400103901C2209
:10298000029298470199029A03980B6906A905914A
:10299000984704990598EDF7A3FC002806D1FFE7B6
:1029A0003649087EFE221040087605E03349087E4D
:1029B000012210430876FFE7FFE73048007E8007DA
:1029C000C00F00281FD0FFE72F480B210022F9F786
:1029D0001BF92E4A9088D08013690620105E0821CA
:1029E000515E0A24125F9847002806D1FFE7234969
:1029F000087EFD2210400876FFE723480B210122C4
:102A0000F9F702F9FFE71D48007E4007C00F0028D4
:102A10000ED0FFE71E48807C8007C00F002806D03C
:102A2000FFE71649087EFB2210400876FFE7FFE724
:102A30001248007EC006C00F00280DD0FFE71548E1
:102A40000078C007002806D0FFE70C49087EEF2277
:102A500010400876FFE7FFE70848007E002804D111
:102A6000FFE70FA90020087003E00FA901200870FC
:102A7000FFE70FA8007810B010BDC0467800002016
:102A80000C00002076E60100C80D02404C0000203A
:102A9000E4070020301C002081B0009001B0704796
:102AA00010B596B0F14841681491C07E8006C00F01
:102AB000002804D0FFE715A90520088003E015A928
:102AC0000F200880FFE714980821405E01283BD1C1
:102AD000FFE71498C068272810D8FFE71498FFF77D
:102AE00033FF002804D1FFE714990020088104E097
:102AF0001499C868401CC860FFE702E072B6FCF792
:102B0000FDFD14980821405E00281CD1FFE71499B0
:102B100000200E90C8601499086103F01BF9F34976
:102B20000D910887149807F09BFC0D990E989C2234
:102B300088501498A82140588047F3F747FB149910
:102B40005E228852FFE7FFE7E9486621405C000704
:102B5000C00F002812D0FFE714980821405E00281B
:102B60000CD1FFE7E2486622815CF72319408154CB
:102B700047218900415800208847FFE71498082121
:102B8000405E002800D0AEE11498C068052800D04F
:102B9000E8E014990020C860F3F718FB13A9088037
:102BA000139814995E22895A411A12A8018000884C
:102BB0000C9014985B21C900405A0A21EDF7C0FE21
:102BC00001460C9888420EDDFFE71298149B5C24A6
:102BD0001A5F51005918521C1A53482288521499EE
:102BE000602288520DE0149A5C23D05E4100511897
:102BF000401CD052482200208852149960228852EA
:102C0000FFE7139814995E22885214985C21405E65
:102C10000B90B648B749405A0A21EDF791FE0B9840
:102C2000491C884205DBFFE714995C22002088528A
:102C3000FFE7149960200A5E486E80184866149871
:102C4000FEF7D8FD1499086714980890006FAA49F8
:102C5000EDF733FCEDF7F2FD0899C8661498FEF71E
:102C6000DFFA149A84215050149809904058EDF7D7
:102C7000BFFD014609980A91B1218900405C06F028
:102C80005DFFEDF7B5FD01460A9802F0DBFD9749BF
:102C9000AF2292008958EDF710FCEDF721FE974A1C
:102CA000974BEDF7EDFCEDF7F7FD14994867149895
:102CB000806E0021EDF75CFD002811D1FFE78B4A03
:102CC0001498816E006FAF239B00D258079202F0D8
:102CD000B9FD0146079802F0E7FD1499886703E003
:102CE000149900208867FFE71498FEF7EFF914990C
:102CF000902288521498FEF75DFE1498FEF72AFA87
:102D00001498FEF7CBFC14998822069288501498E8
:102D1000FEF7FAFE069814990858212252018A18E3
:102D20009168D268FEF794F814990B2042010020B4
:102D300088521499C42288521499E0228852149916
:102D40002322D200885214994D2292008852D949E8
:102D50006622885C022318438854885C1023184339
:102D60008854FFE76148006915A90988884204D39F
:102D7000FFE75E4900200861FFE71498006900281A
:102D800006D1FFE75F480B210022F8F73DFFFFE780
:102D900014980069012807D1FFE75B4880688047E5
:102DA0005A4880688047FFE714980069042800D0DB
:102DB00090E05548C46810A800904C4BFF20B430F8
:102DC0001918D92040001A18F83311A8A047002874
:102DD0002ED1FFE74C490020029088801198C1173E
:102DE000149AC5239B00D25ED317EDF7B7F9029B67
:102DF000474AEDF78DF90F900F98F2490591F022AF
:102E000004928A588018F4220392895840180321AA
:102E1000EDF7B6FD039B049A0599E82408518858FC
:102E2000C8500F9888506D2082000120885416E009
:102E300035488188491C8180808804280EDBFFE7A3
:102E4000314900208880FD49E8228850F0228850CE
:102E5000F42288506D2292008854FFE7FFE72B4848
:102E6000C16810A8884700281BD101E07800002025
:102E7000264800210191818010A8405EC117149A54
:102E8000244BD25ED317EDF769F9019B204AEDF789
:102E90003FF9EA49A322520088521F4A0120885470
:102EA00012E01A488188491C8180808804280ADB46
:102EB000FFE7164900208880E049A322520088528B
:102EC000154A8854FFE7FFE70E480B210122F8F767
:102ED0009BFEFFE71499C868401CC86014990869F4
:102EE000401C0861FFE716B010BDC0467800002006
:102EF000AC060020DA020000000020410AD7A370CF
:102F00003D0AD73FC80D02407C06002098060020ED
:102F1000102700001603000016020000F0B583B071
:102F2000F14901910A46803202928024085D012312
:102F300018430855085D022738430855085D0425E5
:102F4000009528430855C326885D082528438855E1
:102F50000099107918431071507E28435076507EA6
:102F6000084301995076507E38435076507E18437E
:102F70005076907E18439076907E38439076907E7F
:102F800028439076A322885C18438854885C384391
:102F90008854029A107D18431075A222885C184349
:102FA0008854009A885D104388550299487D1843DB
:102FB0004875487D38434875487D10434875487DBD
:102FC00028434875887D18438875887D38438875FF
:102FD0000199885D18438855885D38438855B8261F
:102FE000885D10438855B922885C18438854029A3A
:102FF000885D18438855885D38438855AE26885DBE
:1030000018438855AD26885D18438855885D384338
:103010008855A426885D18438855085D28430855BF
:10302000107A18431072907A18439072107B1843EC
:103030001073907B18439073107C18431074907C2D
:1030400018439074C124085D18430855BF24085DD7
:1030500018430855BD24085D18430855BB24085D76
:1030600018430855107F18431077907F18439077C6
:10307000A022885C18438854B622885C1843885480
:10308000B422885C18438854B222885C1843885460
:10309000B022885C18438854AB22885C184388545B
:1030A000A922885C18438854A722885C1843885456
:1030B00003B0F0BDAC06002080B5F7F7F3FE02497F
:1030C0000020087080BDC0465C1D002080B5F7F769
:1030D00097FF02490020087080BDC0465D1D00209A
:1030E00080B582B0C0200190052100910322F1F744
:1030F000BFF900990198F1F7A5F902B080BD80B53C
:1031000000F01AF880BD80B5FFF7D6FF80BD80B50E
:1031100000F012F880BD000080B5FFF7CDFF034935
:10312000087BFD221040087380BDC0460C080020BB
:1031300080B500F001F880BD80B5F8F747F8024986
:103140000020087080BDC046631D002010B582B00D
:1031500003F000FCDE4901913B2200208854DA484C
:1031600041221201801802790F231A4031240A5596
:103170000279120932240A5542791A4033240A5539
:103180004279120934240A5582791A403523CA54E7
:10319000807900093622885437222020885438222A
:1031A0008854392288543A22885400F0F1FB01995E
:1031B0008031087B012210430873087C1043087497
:1031C00002B010BD78000020B0B588B007A9087023
:1031D00003F04EFCDE480490842140580290012008
:1031E000039006F03DFE01460298EDF7C9FB039BF4
:1031F000014604980691B1218900405C421ED348E3
:10320000059050214254B824025D02252A430255FC
:10321000AE24025D1A430255069A415C491C009196
:103220004A300521FEF734FB05996422885CBF23F0
:103230001840885401F004F808B0B0BD78000020B0
:1032400010B586B005A9087003F0EEFBC0480390E6
:10325000882140580290012006F002FE01460298A3
:10326000EDF78EFB014603980491B1218900405C83
:10327000401EB6494222885404981C49884211DBFA
:10328000FFE7B2484221405C01280BDBFFE70498CE
:103290000A21EDF775FB0490AC494222885C401E80
:1032A0008854FFE7A948C322815C02231943815453
:1032B000B922815C012319438154B822815C042422
:1032C000214381546422815CFB2421408154049A6F
:1032D0004221415C491C00913C300521FEF7D8FA9F
:1032E00000F082FD06B010BDAC060020A0860100F3
:1032F00080B586B005A9087003F0CAFB94486D211B
:103300008900405C00286AD0FFE79148FF21B43172
:10331000405C002840D1FFE78D48D9214900405C3E
:10332000052821D1FFE78A48E82140586421EDF7BC
:1033300027FB3949884217DCFFE785480390E821DD
:1033400040580A21EDF71CFB014603980491D9214E
:103350004900405C001F7D4957228854A422885CA4
:1033600001231843885416E0FA480290E821405897
:103370006421EDF705FB014602980491D92149002B
:10338000405C801EFA4957228854A422885C02239C
:1033900018438854FFE716E0EE480190E8214058B2
:1033A0006421EDF7EDFA014601980491D921490015
:1033B000405C801EEE4957228854A422885C012379
:1033C00018438854FFE7049AE9485721415C491C97
:1033D0000091513004210123FEF75AFA0DE0E4492F
:1033E00054221F2088545322885452228854512238
:1033F0008854572200208854FFE7DD49AD22885CBD
:103400000223184388546522885CFE2318408854A0
:1034100001F040F806B080BDE703000080B584B03D
:1034200003A90870CB480190A3214900405E029097
:1034300003F00EFB01982549405C002826D0FFE7E9
:10344000CB49A222885C0123184388540298C349BF
:10345000884205DCFFE7C64949220120885409E07B
:1034600002980A21EDF78CFA0290C1494922002006
:103470008854FFE7029ABE484921415C491C0091EB
:10348000433004210123FEF703FA0DE0B849462238
:103490001F2088544522885444228854432288544B
:1034A000492200208854FFE7B149A322885C012308
:1034B000184388546422885CEF231840885400F035
:1034C000C3FD04B080BDC046780000201602000095
:1034D000AC06002070B582B003F03CFAA44901911B
:1034E0003B22002088549B4A412004011019155D9D
:1034F0000F231D4031268D55125D120932240A55C5
:1035000042781A4033240A554278120934240A5565
:1035100082781A403523CA548078000936228854AC
:1035200037222020885438228854392288543A225D
:10353000885400F02DFA01998031087B0122104354
:103540000873087C1043087402B070BDAC060020FC
:1035500078000020B0B594B013A908707D48B92157
:103560008900401841681291C0681190129810901B
:1035700003F0F0F91098632817DCFFE77C483B2143
:1035800007224254109A0E92405C06F069FC0E9994
:1035900048430F9011987A49ECF78FFFEDF767F9E0
:1035A00001460F9840181090AAE010986A49884286
:1035B00017DCFFE7F2483B2106224254109A0C9296
:1035C000405C06F04DFC0C9948430D9011986B49F6
:1035D000ECF773FFEDF74BF901460D98401810908A
:1035E0008DE010985D49884217DCFFE7E4483B21F5
:1035F00005224254109A0A92405C06F031FC0A9966
:1036000048430B9011985B49ECF757FFEDF72FF902
:1036100001460B984018109070E01098504988426D
:1036200017DCFFE7D6483B2104224254109A089247
:10363000405C06F015FC08994843099011984E49E2
:10364000ECF73BFFEDF713F901460998401810908D
:1036500053E010984349884214DCFFE7C8483B21F7
:1036600003224254109A0692405C06F0F9FB069938
:10367000484307901198EDF7FAF80146079840186B
:10368000109039E010983849884217DCFFE7BC48B1
:103690003B2102224254109A0492405C06F0E0FB67
:1036A00004994843059011983349ECF743FFEDF72F
:1036B000DEF801460598401810901CE010982B4940
:1036C000884217DCFFE7AE483B2101224254109AA2
:1036D0000292405C06F0C4FB0299484303901198A3
:1036E0002449ECF727FFEDF7C2F80146039840188C
:1036F0001090FFE7FFE7FFE7FFE7FFE7FFE7FFE7E0
:10370000109A9F4C3B20205C401C0090204631309A
:10371000092101230193FEF7BBF86421605CFE22BE
:103720001040605400F034F9019B21468031C322DF
:10373000A05C04252843A0548025605D022210432C
:103740006055087D18430875887E1043887614B04C
:10375000B0BDC04678000020E70300000F2700003E
:103760009F8601003F420F007F969800FFE0F5051D
:10377000AC0600200000C8420000204100007A444E
:1037800000401C46B0B584B003A908707B48DC211A
:10379000405C012810DCFFE7784840780007C00F44
:1037A000002804D0FFE702A90120088003E002A955
:1037B00002200880FFE703E002A900200880FFE75D
:1037C00003A800780090002804D0FFE700980128A3
:1037D00058D0C7E0002102A8405E012822D1FFE7AF
:1037E00066480246D83293780F24234064494A251C
:1037F0004B5593781B094B254B55537823404C254B
:103800004B55527812094D23CA54D822835C234069
:103810004E240B55805C00094F2288545022022010
:1038200088542EE0002102A8405E022812D1FFE752
:1038300053494C221E2088544B2288544A228854D3
:103840004F2288544E2288544D2288545022022000
:10385000885415E04A494A22192088544B220120F5
:1038600088544C22182088544D22162088544F2208
:10387000202088544E228854502202208854FFE78A
:10388000FFE770E0002102A8405E01283ED1FFE77B
:1038900001A9002008803948DC21405C002806D1BD
:1038A000FFE738483949405A01A908800CE03348FD
:1038B000DC21405C012806D1FFE732483249405AFA
:1038C00001A90880FFE7FFE701A802880F24224032
:1038D0002B494A23CA5402881206120F4B23CA549A
:1038E000427822404C23CA540088000B4D22885451
:1038F0002248DB22835C23404E240B55805C000968
:103900004F2288545022002088542AE0002102A827
:10391000405E022812D1FFE719494C221E2088542C
:103920004B2288544A2288544F2288544E2288546D
:103930004D22885450220020885411E010494C2216
:103940001F2088544B2288544A2288544F2288547E
:103950004E2288544D228854502200208854FFE77C
:10396000FFE700E0FFE706496422885CBF231840B8
:10397000885400F065FC04B0B0BDC046D8090020F2
:10398000AC060020780000208A0400006E040000CD
:1039900080B584B0F6486821405E002800D57CE1FF
:1039A000F3486821405E09281AD1FFE7F0486421F6
:1039B000405CC007002813D0FFE7ED486421405C5D
:1039C0008007C00F002806D0FFE7E9483A21405C95
:1039D000F1F7E2FE03E02020F1F7DEFEFFE705E06D
:1039E000E3483A21405CF1F7D7FEFFE7FD48682144
:1039F000405E08281AD1FFE7FA486421405CC007FE
:103A0000002813D0FFE7F7486421405C8007C00F0F
:103A1000002806D0FFE7F3483921405CF1F7A0FE0B
:103A200003E02020F1F79CFEFFE705E0ED48392197
:103A3000405CF1F795FEFFE7EA486821405E072801
:103A40001AD1FFE7E7486421405CC007002813D083
:103A5000FFE7E4486421405C8007C00F002806D0DF
:103A6000FFE7E0483821405CF1F724FE03E0202026
:103A7000F1F720FEFFE705E0DA483821405CF1F776
:103A800019FEFFE7D7486821405E06281AD1FFE7F4
:103A9000D4486421405CC007002813D0FFE7D14818
:103AA0006421405C8007C00F002806D0FFE7CD48A6
:103AB0003721405CF1F7B2FD03E02020F1F7AEFDC5
:103AC000FFE705E0C7483721405CF1F7A7FDFFE7B6
:103AD000C4486821405E05281AD1FFE7C148642127
:103AE000405CC007002813D0FFE7BE486421405C5B
:103AF0008007C00F002806D0FFE7BA483621405C97
:103B0000F1F742FD03E02020F1F73EFDFFE705E07D
:103B1000B4483621405CF1F737FDFFE7B148682132
:103B2000405E04281AD1FFE7AE486421405CC0071C
:103B3000002813D0FFE7AB486421405C8007C00F2A
:103B4000002806D0FFE7A7483521405CF1F7D2FCFA
:103B500003E02020F1F7CEFCFFE705E0A148352186
:103B6000405CF1F7C7FCFFE79E486821405E0328F0
:103B70001AD1FFE79B486421405CC007002813D09E
:103B8000FFE798486421405C8007C00F002806D0FA
:103B9000FFE794483421405CF1F762FC03E0202009
:103BA000F1F75EFCFFE705E08E483421405CF1F759
:103BB00057FCFFE78B486821405E02281AD1FFE7D7
:103BC00088486421405CC007002813D0FFE785487F
:103BD0006421405C8007C00F002806D0FFE78148C1
:103BE0003321405CF1F7F2FB03E02020F1F7EEFB1C
:103BF000FFE705E07B483321405CF1F7E7FBFFE797
:103C000078486821405E01281AD1FFE77548642191
:103C1000405CC007002813D0FFE772486421405C75
:103C20008007C00F002806D0FFE76E483221405CB5
:103C3000F1F782FB03E02020F1F77EFBFFE705E0D0
:103C400068483221405CF1F777FBFFE7FD486821C7
:103C5000405E00281AD1FFE7FA486421405CC007A3
:103C6000002813D0FFE7F7486421405C8007C00FAD
:103C7000002806D0FFE7F3483121405CF1F742FB12
:103C800003E02020F1F73EFBFFE705E0ED4831219E
:103C9000405CF1F737FBFFE7A1E0EA486821405EAE
:103CA000401C002866D1FFE7E6486421405CC0075D
:103CB00000285FD0FFE7E3486421405C8007C00F25
:103CC000002834D0FFE7DF4803903A21405CF1F749
:103CD00063FD03983921405CF1F742FD03983821D8
:103CE000405CF1F7E7FC03983721405CF1F796FC64
:103CF00003983621405CF1F747FC03983521405C7E
:103D0000F1F7F8FB03983421405CF1F7A9FB039825
:103D10003321405CF1F75AFB03983221405CF1F704
:103D20000BFB03983121405CF1F7ECFA1FE02020F7
:103D30000290F1F731FD0298F1F712FD0298F1F7C8
:103D4000B9FC0298F1F76AFC0298F1F71DFC0298A1
:103D5000F1F7D0FB0298F1F783FB0298F1F736FBFD
:103D60000298F1F7E9FA0298F1F7CCFAFFE735E0AB
:103D7000AC060020B34801903A21405CF1F70CFDFD
:103D800001983921405CF1F7EBFC01983821405C47
:103D9000F1F790FC01983721405CF1F73FFC019866
:103DA0003621405CF1F7F0FB01983521405CF1F7DA
:103DB000A1FB01983421405CF1F752FB01983321BB
:103DC000405CF1F703FB01983221405CF1F7B4FA53
:103DD00001983121405CF1F795FAFFE7FFE704B065
:103DE00080BDC046AC06002080B584B095486A21ED
:103DF000405E002800D5C3E092486A21405E042856
:103E00001BD1FFE78F486421405C4007C00F0028AA
:103E100013D0FFE78B486421405C0007C00F0028E7
:103E200006D0FFE787484021405CF1F7D1FD03E071
:103E30002020F1F7CDFDFFE705E082484021405CFE
:103E4000F1F7C6FDFFE7FD486A21405E03281BD15C
:103E5000FFE7FA486421405C4007C00F002813D0F8
:103E6000FFE7F6486421405C0007C00F002806D039
:103E7000FFE7F2483F21405CF1F75EFD03E02020C0
:103E8000F1F75AFDFFE705E0EC483F21405CF1F710
:103E900053FDFFE7E9486A21405E02281BD1FFE796
:103EA000E6486421405C4007C00F002813D0FFE7BC
:103EB000E2486421405C0007C00F002806D0FFE7FD
:103EC000DE483E21405CF1F7EBFC03E02020F1F7F7
:103ED000E7FCFFE705E0D9483E21405CF1F7E0FC54
:103EE000FFE7D6486A21405E01281BD1FFE7D3488F
:103EF0006421405C4007C00F002813D0FFE7CF4883
:103F00006421405C0007C00F002806D0FFE7CB48C3
:103F10003D21405CF1F778FC03E02020F1F774FCD0
:103F2000FFE705E0C5483D21405CF1F76DFCFFE788
:103F3000C2486A21405E00281BD1FFE7BF486421C8
:103F4000405C4007C00F002813D0FFE7BB48642146
:103F5000405C0007C00F002806D0FFE7B7483C21AF
:103F6000405CF1F735FC03E02020F1F731FCFFE77E
:103F700005E0B2483C21405CF1F72AFCFFE75FE036
:103F8000AE486A21405E401C00283DD1FFE7AB48A7
:103F90006421405C4007C00F002835D0FFE7A748E8
:103FA0006421405C0007C00F00281BD0FFE7A34836
:103FB00003904021405CF1F70BFD03983F21405CEA
:103FC000F1F7BAFC03983E21405CF1F769FC0398D5
:103FD0003D21405CF1F718FC03983C21405CF1F76F
:103FE000F7FB10E020200290F1F7F2FC0298F1F7C5
:103FF000A3FC0298F1F754FC0298F1F705FC029833
:10400000F1F7E6FBFFE71AE08C4801904021405CA5
:10401000F1F7DEFC01983F21405CF1F78DFC01983F
:104020003E21405CF1F73CFC01983D21405CF1F7FA
:10403000EBFB01983C21405CF1F7CAFBFFE7FFE78F
:1040400004B080BDAC06002080B584B07B486C21F4
:10405000405E002800D59CE078486C21405E032833
:104060001BD1FFE775486421405CC006C00F0028E3
:1040700013D0FFE771486421405C8006C00F002820
:1040800006D0FFE76D484621405CF1F7A1FD03E053
:104090002020F1F79DFDFFE705E0FD484621405C4B
:1040A000F1F796FDFFE7FA486C21405E02281BD12C
:1040B000FFE7F7486421405CC006C00F002813D01A
:1040C000FFE7F3486421405C8006C00F002806D05B
:1040D000FFE7EF484521405CF1F72EFD03E020208B
:1040E000F1F72AFDFFE705E0E9484521405CF1F7DB
:1040F00023FDFFE7E6486C21405E01281BD1FFE766
:10410000E3486421405CC006C00F002813D0FFE7DD
:10411000DF486421405C8006C00F002806D0FFE71E
:10412000DB484421405CF1F7BBFC03E02020F1F7C1
:10413000B7FCFFE705E0D6484421405CF1F7B0FC4E
:10414000FFE7D3486C21405E00281BD1FFE7D04831
:104150006421405CC006C00F002813D0FFE7CC48A4
:104160006421405C8006C00F002806D0FFE7C848E5
:104170004321405CF1F778FC03E02020F1F774FC68
:10418000FFE705E0C2484321405CF1F76DFCFFE723
:1041900052E0BF486C21405E401C002835D1FFE74B
:1041A000BB486421405CC006C00F00282DD0FFE74B
:1041B000B7486421405C8006C00F002816D0FFE796
:1041C000B34803904621405CF1F702FD0398452176
:1041D000405CF1F7B1FC03984421405CF1F760FCCE
:1041E00003984321405CF1F73FFC0DE02020029052
:1041F000F1F7EEFC0298F1F79FFC0298F1F750FC02
:104200000298F1F731FCFFE715E0A1480190462143
:10421000405CF1F7DDFC01984521405CF1F78CFC36
:1042200001984421405CF1F73BFC01984321405C3C
:10423000F1F71AFCFFE7FFE704B080BDAC060020F1
:1042400080B584B092486E21405E002800D5BEE063
:104250008F486E21405E04281AD1FFE78C48642104
:10426000405C4006C00F002812D0FFE78848642158
:10427000405CC009002806D0FFE785484E21405C1D
:10428000F1F7F2FD03E02020F1F7EEFDFFE705E096
:10429000FB484E21405CF1F7E7FDFFE7F8486E214F
:1042A000405E03281AD1FFE7F5486421405C4006D0
:1042B000C00F002812D0FFE7F1486421405CC0091C
:1042C000002806D0FFE7EE484D21405CF1F780FD65
:1042D00003E02020F1F77CFDFFE705E0FB484D21DE
:1042E000405CF1F775FDFFE7F8486E21405E02285B
:1042F0001AD1FFE7F5486421405C4006C00F002852
:1043000012D0FFE7F1486421405CC009002806D0C4
:10431000FFE7EE484C21405CF1F70EFD03E0202062
:10432000F1F70AFDFFE705E0FB484C21405CF1F79F
:1043300003FDFFE7F8486E21405E01281AD1FFE730
:10434000F5486421405C4006C00F002812D0FFE70A
:10435000F1486421405CC009002806D0FFE7EE4820
:104360004B21405CF1F79CFC03E02020F1F798FC26
:10437000FFE705E0F9484B21405CF1F791FCFFE7CE
:10438000F6486E21405E00281AD1FFE7F348642109
:10439000405C4006C00F002812D0FFE7EF486421C0
:1043A000405CC009002806D0FFE7EC484A21405C89
:1043B000F1F75AFC03E02020F1F756FCFFE705E097
:1043C000F9484A21405CF1F74FFCFFE75EE0F64810
:1043D0006E21405E401C00283CD1FFE7F24864217A
:1043E000405C4006C00F002834D0FFE7EE4864214F
:1043F000405CC00900281BD0FFE7FB4803904E211A
:10440000405CF1F731FD03984D21405CF1F7E0FC91
:1044100003984C21405CF1F78FFC03984B21405CE2
:10442000F1F73EFC03984A21405CF1F71DFC10E0D7
:1044300020200290F1F718FD0298F1F7C9FC0298CC
:10444000F1F77AFC0298F1F72BFC0298F1F70CFCDB
:10445000FFE71AE0FC4801904E21405CF1F704FDB3
:1044600001984D21405CF1F7B3FC01984C21405C70
:10447000F1F762FC01984B21405CF1F711FC0198C7
:104480004A21405CF1F7F0FBFFE7FFE704B080BD95
:10449000AC06002080B584B0EB487021405E002857
:1044A00000D598E0FA487021405E03281AD1FFE752
:1044B000F7486521405CC007002813D0FFE7F448A7
:1044C0006521405C8007C00F002806D0FFE7F04858
:1044D0005421405CF1F7C8FD03E02020F1F7C4FD52
:1044E000FFE705E0EA485421405CF1F7BDFDFFE736
:1044F000E7487021405E02281AD1FFE7E4486521B1
:10450000405CC007002813D0FFE7E1486521405C0C
:104510008007C00F002806D0FFE7DD485321405C2C
:10452000F1F756FD03E02020F1F752FDFFE705E02B
:10453000D7485321405CF1F74BFDFFE7D448702189
:10454000405E01281AD1FFE7D1486521405CC007D1
:10455000002813D0FFE7CE486521405C8007C00FDC
:10456000002806D0FFE7CA485221405CF1F7E4FC7E
:1045700003E02020F1F7E0FCFFE705E0C44852210A
:10458000405CF1F7D9FCFFE7C1487021405E00288C
:104590001AD1FFE7BE486521405CC007002813D050
:1045A000FFE7BB486521405C8007C00F002806D0AC
:1045B000FFE7B7485121405CF1F7A2FC03E020205F
:1045C000F1F79EFCFFE705E0B1485121405CF1F7AF
:1045D00097FCFFE751E0AE487021405E401C002888
:1045E00034D1FFE7AA486521405CC00700282DD0E0
:1045F000FFE7A7486521405C8007C00F002816D060
:10460000FFE7A34803905421405CF1F72DFD039888
:104610005321405CF1F7DCFC03985221405CF1F738
:104620008BFC03985121405CF1F76AFC0DE02020DF
:104630000290F1F719FD0298F1F7CAFC0298F1F720
:104640007BFC0298F1F75CFCFFE715E090480190D5
:104650005421405CF1F708FD01985321405CF1F7CB
:10466000B7FC01985221405CF1F766FC019851219A
:10467000405CF1F745FCFFE7FFE704B080BDC046B2
:10468000AC06002080B584B002F064F98048029046
:104690003B2100234354454A926812680392039ACF
:1046A000415C491C009131300621FDF7F1F8029977
:1046B00037222020885438228854392288543A22BC
:1046C0008854FFF765F904B080BDC046AC060020F1
:1046D00080B584B002F03EF9F24802903B210023FD
:1046E0004354324A926812790392039A415C491CFE
:1046F000009131300621FDF7CBF8029937222020B6
:10470000885438228854392288543A228854FFF732
:104710003FF904B080BDC046AC06002080B584B02F
:1047200002F018F9DF4802903B2100234354039321
:10473000039A415C491C009131300621FDF7A8F82D
:1047400002993722202088543822885439228854EC
:104750003A228854FFF71CF904B080BDAC06002053
:1047600080B584B002F0F6F8CE4802903B210023D9
:1047700043540E4A926852790392039A415C491C51
:10478000009131300621FDF783F80299372220206D
:10479000885438228854392288543A228854FFF7A2
:1047A000F7F804B080BDC046AC060020E407002046
:1047B00080B584B003A908700A480C21405E0290BD
:1047C000B848572100224254029A415C491C00918A
:1047D000513004210123FDF75BF8FFF75BFE04B0C5
:1047E00080BDC046D8090020AC060020B0B586B018
:1047F000014605A80190018000210391405E0A2135
:104800000291ECF7BDF8039A01980B460299A54C6A
:10481000049451256355805EECF7B2F80299ECF7E9
:10482000AFF803980A4604995223CA54532320220E
:10483000CA545423CA545722885402F029F9FFF766
:1048400029FE06B0B0BDC046AC06002080B502F01F
:1048500081F894493B220120885431228854322225
:104860000320885433221F20885434220F20885478
:104870003522202088543622885437228854382202
:104880008854392288543A228854FFF781F880BD31
:10489000AC06002088B081480088002875D0FFE76A
:1048A0007E49002008807E483821405E222817DBA0
:1048B000FFE77C4980310791487E08221043487603
:1048C000487E042210434876487E022210434876F0
:1048D000487E012210434876887E1043887653E054
:1048E0006F483821405E202817DBFFE76D49803193
:1048F0000691487E082210434876487EFB221040ED
:104900004876487E022210434876487E01221043B2
:104910004876887E1043887635E061483821405ECD
:104920001F2817DBFFE75F4980310591487E082289
:1049300010434876487EFB2210404876487EFD2290
:1049400010404876487E012210434876887E104306
:10495000887617E0534980310491487E082210433D
:104960004876487EFB2210404876487EFD22104063
:104970004876487EFE2210404876887E0122104309
:104980008876FFE7FFE7FFE786E0F8483821405EDA
:10499000222817DBFFE7F44980310391487E082283
:1049A00010434876487E042210434876487E02220F
:1049B00010434876487E012210434876887E104393
:1049C000887668E0E9483821405E20281EDBFFE752
:1049D000E6483821405E202817DCFFE7F6498031A1
:1049E0000291487E082210434876487EFB22104000
:1049F0004876487E022210434876487E01221043C2
:104A00004876887E10438876FFE743E0D748382110
:104A1000405E1F281EDBFFE7D4483821405E1E2879
:104A200017DCFFE7E44980310191487E08221043FA
:104A30004876487EFB2210404876487E022210438A
:104A40004876487E012210434876887E1043887657
:104A5000FFE71EE0C5483821405E1D2818DCFFE74F
:104A6000D54980310091487E082210434876487E1F
:104A7000FB2210404876487EFD2210404876487E52
:104A8000FE2210404876887E012210438876FFE798
:104A9000FFE7FFE7FFE7FFE708B070477806002071
:104AA00078000020AC06002080B594B0AB48807838
:104AB000C007002813D1FFE7A948007BC0070028E2
:104AC0000DD1FFE7A748807CC007002807D1FFE78A
:104AD000B9498222885CFE231840885406E0B64912
:104AE0008222885C012318438854FFE79F48C07ED8
:104AF0004006C00F002807D1FFE79C48C07E800613
:104B0000C00F002807D0FFE7AB499A22885C082332
:104B10001843885406E0A8499A22885CF723184075
:104B20008854FFE78F48008B022800DA82E08D4826
:104B3000C07D3B2815DCFFE79F4912919522139217
:104B4000885C012318438854885CFD2318408854EE
:104B5000885CFB2318408854885CF72318408854ED
:104B60004AE08048C07D452815DCFFE79249109156
:104B700095221192885C012318438854885C022393
:104B800018438854885CFB2318408854885CF723BA
:104B9000184088542FE07348C07D4F2815DCFFE78C
:104BA00085490E9195220F92885C01231843885401
:104BB000885C022318438854885C04231843885473
:104BC000885CF7231840885414E07B490C919522A7
:104BD0000D92885C012318438854885C0223184393
:104BE0008854885C042318438854885C082318433D
:104BF0008854FFE7FFE7FFE75A48008B032818DCDB
:104C0000FFE75849002008836B490A9195220B92CF
:104C1000885CFE2318408854885CFD231840885423
:104C2000885CFB2318408854885CF723184088541C
:104C3000FFE7FFE74E484078C007002800D189E031
:104C40004B488078032800DA84E049489621405C8C
:104C5000062815DCFFE75849089195220992885CDF
:104C6000012318438854885CFD2318408854885CCD
:104C7000FB2318408854885CF7231840885468E068
:104C80003B489621405C0E2815DCFFE74A49069117
:104C900095220792885C012318438854885C02237C
:104CA00018438854885CFB2318408854885CF72399
:104CB000184088544CE02E489621405C152815DC9D
:104CC000FFE73D49049195220592885C0123184332
:104CD0008854885C022318438854885C0423184352
:104CE0008854885CF7231840885430E02048962187
:104CF000405C1F2815DCFFE72F49029195220392A3
:104D0000885C012318438854885C02231843885424
:104D1000885C042318438854885C0823184388540B
:104D200014E02549009195220192885CFE231840E9
:104D30008854885CFD2318408854885CFB23184005
:104D40008854885CF72318408854FFE7FFE7FFE7A3
:104D5000FFE7FFE7FFF79EFD14B080BDD4070020FA
:104D60000C080020E4070020AC060020780000209A
:104D7000D809002010B581B0694608800E48742219
:104D8000835A5B1C8352805E0022895E884211DD5B
:104D9000FFE709497422002088526422885C80075A
:104DA000C30F58424341885C5B00FD242040C0187B
:104DB0008854FFE701B010BDAC06002080B582B07A
:104DC000054801210191F5F7EDFFF6F747F8019845
:104DD0000249087002B080BD5E1D00205C1D0020ED
:104DE00080B582B0054801210191F6F787F8F6F702
:104DF000E1F801980249087002B080BD5F1D0020F3
:104E00005D1D002080B582B0C02001900521009179
:104E1000EFF718FB009901980322EFF745FB02B06A
:104E200080BD80B500F00EF880BD80B500F00AF8B6
:104E300080BD80B5FFF7C2FF80BD80B500F002F8ED
:104E400080BD000080B582B0054801210191F6F7D0
:104E50003DF9F6F797F901980249087002B080BD54
:104E600081240020631D0020B0B596B0159014A8D1
:104E70001090018013A91291002411940C801598B0
:104E8000095F4018E5490991CD2292008A18B94975
:104E900008F0F0FD12991598095F4018EBF719FA20
:104EA0000999129A03461398C01810801598125F3A
:104EB0008018D52292008A18AF4908F0DBFD1299BC
:104EC0001598095F4018EBF704FA129902461398F7
:104ED000801808801598095F4018EDF7A3F912991A
:104EE00002461398801808801598095F4018EDF75E
:104EF000CFF9129902461398801808801598095F17
:104F000040189E4A01923C329D4908F0B3FD129927
:104F10001598095F4018EBF7DCF9129A03460998D7
:104F20001399C91811801599125F891800913821B9
:104F3000405E0A210691EBF723FD02460098CB174D
:104F40005940CB1A8F4908F095FD12991598095FC1
:104F50004018EBF7BEF90199129A03461398C0184E
:104F600010801598125F801896228A5C864908F096
:104F700081FD12991598095F4018EBF7AAF9129A6A
:104F8000034609981399C91811801599125F891859
:104F9000039184214058EBF72BFC014609980291BC
:104FA000B12189000891405C04F090FEEBF720FCF1
:104FB0000146029800F05AFCEBF792FC0246039877
:104FC0000B46724908F056FD12991598095F401872
:104FD000EBF77FF9129A034609981399C9181180C3
:104FE0001599125F89180591B921890042580492D8
:104FF00040180D90806866490C91EBF75EFAEBF76C
:105000001DFC049A03460598624908F033FD129985
:105010001598095F4018EBF75CF90699129B054655
:105020000998139A52191A80159A1B5FD218079281
:10503000A3225200805EEBF7A3FC02460798CB1731
:105040005940CB1A544908F015FD12991598095F7B
:105050004018EBF73EF91299024613988018088021
:105060001598095F4018EDF765F9129A03460998FB
:105070001399C91811801599125F89180B9188210D
:105080004058EBF7B5FB0899024609980A92405C34
:1050900004F01CFEEBF7ACFB01460A9800F0E6FBBF
:1050A000EBF71EFC02460B980B463C4908F0E2FC6D
:1050B00012991598095F4018EBF70BF90C99129BA0
:1050C00005460D98139A52191A80159A1B5FD2182B
:1050D0000F9242680E92C068EBF7EFF9EBF7AEFB68
:1050E0000E9A03460F982E4908F0C4FC119A1299A3
:1050F0001598895E4018EBF7ECF8119A129903465F
:105100001398C01808801598895E4018EDF7CCF9FF
:105110001099119A129B044613980019188015983B
:105120009B5EC0188A5E1F4908F0A4FC119A129970
:105130001598895E4018EBF7CCF8119A129903463E
:105140001398C01808801598895E4018164908F011
:1051500091FC119A12991598895E4018EBF7B9F8ED
:10516000119903461298139AD2180280405E16B025
:10517000B0BDC04635EB01002CEC0100D809002081
:105180001FEC010059EB010099EB0100FEEB01005F
:1051900000007A44DAEB010084EB0100EEEB010041
:1051A000C5EB0100A1EB01003EEB010080B582B030
:1051B00001A90880EA498720420004208854019808
:1051C000895C2C224A43E749891828228854D2480E
:1051D000B7214900405C002807D0FFE7CE48B7213F
:1051E0004900405C01280AD1FFE7DD49682205201B
:1051F00088526422885C01231843885409E0D84906
:105200006822072088526422885C0123184388544E
:10521000FFE7FCF711FF02B080BDC0467800002018
:1052200010B582B001A90880E74A87204100032019
:1052300050540198515C2C234B43CA49C918282368
:10524000C8546423D05C11466431FE242040D054FD
:105250008878202210438870FCF7EEFE02B010BD63
:10526000F0B581B0D84B8720440001201855642642
:10527000985D19466431FE2528409855985DFB22BB
:1052800010409855985DEF2738409855985DBF2796
:105290003840985548782840487048781040487001
:1052A000185D2C2215464543AE4846192927FF258F
:1052B000F5551B5D5A43821828230020D054887866
:1052C000102210438870FCF7B7FE01B0F0BDC04655
:1052D00080B582B001A9088000F0BEF802B080BDA0
:1052E00080B584B05B4803900C210022F6F78CFC5B
:1052F00003980B210122F6F787FCFDF708FFD84938
:10530000887CFE221040887402200874FFE7802009
:10531000019003210291EFF795F8029A0198114646
:10532000EFF7C2F8029902200122EEF7CDFFFFE766
:1053300004B080BD80B584B0464802900C210122A3
:105340000392F6F761FC0298039A0B21F6F75CFCD6
:10535000FDF7DDFE4B20C0010021FCF75BFFFFF7EE
:1053600064FD0398BE498A7C02438A740874FFE78F
:1053700080200090032201921146EFF779F80199FD
:105380000098EFF75FF8019902200022EEF79CFFEA
:10539000FFE704B080BDC04680B584B02D480290C0
:1053A0000C2101220392F6F72FFC0298039A0B219D
:1053B000F6F72AFCFDF7ABFEA949887CFE221040D7
:1053C000887403200874FFE7802000900322019274
:1053D0001146EFF74DF801990098EFF733F801996E
:1053E00002200022EEF770FFFFE704B080BDC04648
:1053F00080B584B0174802900C2100220392F6F782
:1054000003FC0298039A0B21F6F7FEFBFDF77FFEE3
:1054100003994B20C001FCF7FDFEFFF706FD039842
:105420008F498A7C01231A438A740874FFE780201D
:105430000090032201921146EFF71AF801990098A3
:10544000EFF700F8019902200022EEF73DFFFFE799
:1054500004B080BD081D024070B5FCF7EDFDB74CEF
:105460008720410000206054615C2C224A43A149FE
:105470008918282288546425605D21466431FE2302
:1054800018406055605DFB2210406055605DEF265E
:1054900030406055605DBF26304060554878184008
:1054A000487048781040487088780222104388700D
:1054B00070BDC04681B069460880A049872042007F
:1054C000062088540098895C2C224A43894989180F
:1054D0002822885463481149405C002806D0FFE721
:1054E00060480E49405C02280AD1FFE793496822D0
:1054F000052088526422885C01231843885409E0FF
:105500008E496822072088526422885C0123184350
:105510008854FFE701B07047780000201C040000A9
:1055200080B582B001A90880844987204200052007
:10553000885401988A5C2C2353436E4AD21828233E
:10554000D0540A4664329078402318439070642205
:10555000885CFE2318408854FCF76EFD02B080BDC5
:10556000AC0600203808002080B57449872042002E
:105570000220885431220020885432228854332259
:10558000885434228854352288543622885437234C
:105590002022CA543823CA543923CA543A23CA543D
:1055A00068230522CA523B228854742288526422FE
:1055B000885C012318438854885CFD231840885474
:1055C000FCF73AFD80BDC046AC06002080B52148FE
:1055D0004078C00700283CD1FFE71F48007BC00788
:1055E000002836D1FFE71D48007BC007002830D1D6
:1055F000FFE71B48807CC00700282AD1FFE7194835
:10560000807EC009002824D1FFE7174800780028D1
:105610001FD1FFE71548007800281AD1FFE714488A
:105620000078002815D1FFE712480078002810D133
:10563000FFE71148007800280BD1FFE70F480078FA
:10564000002806D1FFE7EDF715FA0020EFF766FD19
:10565000FFE780BDD80900200C0800204C00002086
:10566000E4070020780000205C1D00205D1D002064
:10567000621D0020631D0020641D0020651D0020A8
:10568000F0B583B02D4B8720440008201855195DD4
:105690002C221046484317490D1828260020029056
:1056A000A855642000901D5C1E466436FE270197B5
:1056B0003D401D541D5CFB273D401D541D5CEF20EB
:1056C000054000981D541D5CBF20054000981D54E6
:1056D0000198757805400298757075783D40757031
:1056E0001B5D5A43891829228854FCF7A5FC03B096
:1056F000F0BDC0463808002070B5104C872041002E
:10570000072060546425605D21466431FE23184003
:105710006055605DFB2210406055605DEF263040B3
:105720006055605DBF26304060554878184048702D
:10573000487810404870FCF77FFC70BDAC06002034
:1057400010B586B004903C48007802A908703B4828
:1057500084683B48007801231A46A047014601A807
:1057600001700078002834D1FFE73448C468344819
:10577000007802A907220123A047014601A8017071
:105780000078002804D0FFE7019805A9087024E0FC
:1057900002A801787F221140049B197041781140C2
:1057A000049A517081783F221140049B9970C1780E
:1057B0001140049A1171017907221140049AD170A5
:1057C00041791F221140049A51718079049988719E
:1057D000FFE7019805A90870FFE705A8007806B063
:1057E00010BDC04610B584B003901348007801A9DD
:1057F0000870039800784870039840788870039880
:105800008078C8700398007908710398C07848714F
:1058100003984079887103988079C8710748846833
:105820000748007808220123A04701466846017016
:10583000007804B010BDC0462C1D0020201C0020A4
:105840000400002080B582B0019000910198009979
:10585000EAF770FE02B080BD80B582B00190009181
:1058600001980099EAF766FE02B080BD80B582B06B
:105870000190009101980099EAF75CFE02B080BDAA
:1058800080B582B00190009101980099EAF752FE2C
:1058900002B080BD80B582B001900091019800995E
:1058A000EAF748FE02B080BD80B582B00190009159
:1058B00001980099EAF701FE02B080BD80B582B080
:1058C0000190009101980099EAF7F7FD02B080BDC0
:1058D00080B582B00190009101980099EAF7EDFD42
:1058E00002B080BD80B582B001900091019800990E
:1058F000EAF7E3FD02B080BD80B582B0019000916F
:1059000001980099EAF7D9FD02B080BDB0B596B014
:105910001590159908468030C6312422EAF7EEFC2E
:1059200000285FD0FFE714A90020069008700FA997
:10593000887408821290119010900F900EA9088020
:105940000880FFE700210EA8405E23283CDCFFE72B
:10595000159B002202920EA80390815E5B181C46E4
:10596000803480255B5D1B0164782343CC0F0919CB
:105970004C100FA9049164186370805EC20F8018E8
:1059800040104018407806F079F8029A04990346CE
:1059900003980593805EC20F80184010401840782D
:1059A00006F078F8029B0399049A044605980019BA
:1059B000C95ECB0FC918491089184870FFE70E98C7
:1059C000801C0EA90880BDE715990846C6308031B5
:1059D0002422EAF721FC3E200FA91322012307F01D
:1059E000EBF9FFE715990846A430EA312022EAF7DF
:1059F00085FC002839D0FFE70DA900200190087030
:105A000008A908740B900A900990089007A90880CB
:105A10000880FFE7002107A8405E1F2818DCFFE789
:105A20001598002207A9895E08180246A432A4230B
:105A3000C05C000152781043CA0F8918491008AAA7
:105A400089184870FFE70798801C07A90880E1E7DC
:105A500015990846EA30A4312022EAF7DDFB044814
:105A600008A91122EFF776F8FFE716B0B0BDC046DF
:105A70000004004080B582B0019001A88078000643
:105A8000002806D5FFE70198FF2109060843019089
:105A9000FFE701988011019001993148484302497C
:105AA000EAF76EFF02B080BD3433000080B582B0EB
:105AB0000190684601800021405E062806D1FFE77C
:105AC00001986421EAF75CFF019045E000216846F7
:105AD000405E052806D1FFE701980A21EAF750FF4A
:105AE000019038E000216846405E042801D1FFE7BC
:105AF00030E000216846405E032805D1FFE70199A8
:105B00000A204843019024E000216846405E0228B4
:105B100005D1FFE7019964204843019018E0002176
:105B20006846405E012806D1FFE701997D20C0004C
:105B3000484301900BE000216846405E002805D1F3
:105B4000FFE70199064848430190FFE7FFE7FFE7B9
:105B5000FFE7FFE7FFE7FFE7019802B080BDC0461F
:105B60001027000085B0049003A8018002A94848CE
:105B7000088069460020088001A90880FFE700210D
:105B800001A8405E03A90988884233DAFFE7049838
:105B9000002201A9895E415C0298484002A9088060
:105BA000694608200880FFE700216846405E00281B
:105BB0001AD0FFE702A80088C007002809D0FFE735
:105BC00002A90888400808800298324A504008809C
:105BD00004E002A9088840080880FFE7FFE7009872
:105BE000401E69460880DFE7FFE70198401C01A9D5
:105BF0000880C4E702A8008805B0704785B004900B
:105C000003A8018002A92248088069460020088074
:105C100001A90880FFE701A8008803A90988884234
:105C200031DAFFE7049801A90988415C02984840ED
:105C300002A90880694608200880FFE768460088B6
:105C400000281AD0FFE702A80088C007002809D062
:105C5000FFE702A908884008088002980D4A5040D2
:105C6000088004E002A9088840080880FFE7FFE7F1
:105C70000098401E69460880E0E7FFE70198401C55
:105C800001A90880C7E702A8008805B07047C04690
:105C9000FFFF000001A0000010B583B00290019149
:105CA0000020009001A8C178029A009B5C1C00941F
:105CB000D15480780299009A531C00938854022092
:105CC00003B010BD83B0029001910020009001A8A4
:105CD00040780299009A531C0093885401980299C5
:105CE000009A531C00938854022003B0704710B5EB
:105CF00083B0029001910020009001A8C178029A1F
:105D0000009B5C1C0094D1548178029A009B5C1C1F
:105D10000094D15440780299009A531C00938854FF
:105D200001980299009A531C00938854042003B0F0
:105D300010BD82B001900199087800064A781204DB
:105D400080188A7812028018C9784018009000984C
:105D500002B0704780B58EB0002007900D90334898
:105D600005900F21069101220392F5F74DFF03994B
:105D70001C20F8F701FE079804210191EEF73AFC88
:105D80000AA804900C21FCF72BFC03991020F8F7CB
:105D9000F3FDEDF797FAECF7BFF9019B039A04982E
:105DA000079901704370032302931B034380818092
:105DB000D302C380920302818172ECF7E7F9019864
:105DC000ECF784F9029800BF00BF00BF00BF00BF1E
:105DD00000BF00BF00BF00BF00BFFCF731FDECF704
:105DE00017FA0298FCF72CFDECF7B4F9039A07991F
:105DF000034604980893920282800181ECF7C6F969
:105E0000ECF784F9EDF758FA05980699079AF5F733
:105E1000FBFE0899064848430649EAF791FD0799B1
:105E2000024609A80280405E0EB080BD480D0240C7
:105E3000941100009C3F060080B598B01790002098
:105E4000149016901798EAF74BFD0122D207914360
:105E5000EAF75AFD149915901798EAF7A5FC00285F
:105E600005D1FFE716989A4940181690FFE7159854
:105E70009849EAF799FC002816D1FFE71698139085
:105E800015981290092003F0EBFFEAF7B1FC0146E8
:105E90001298EAF712FBEAF7D1FC01461398401872
:105EA0009E49401816900FE115988B49EAF77CFC43
:105EB000002816D1FFE71698119015981090082029
:105EC00003F0CEFFEAF794FC01461098EAF7F5FAE2
:105ED000EAF7B4FC0146119840188F494018169013
:105EE000F1E015987D49EAF75FFC002816D1FFE73D
:105EF00016980F9015980E90072003F0B1FFEAF75F
:105F000077FC01460E98EAF7D8FAEAF797FC0146C3
:105F10000F9840187F4940181690D3E015987F21BC
:105F2000C905EAF741FC002816D1FFE716980D9045
:105F300015980C90062003F093FFEAF759FC0146F0
:105F40000C98EAF7BAFAEAF779FC01460D9840187E
:105F50006F4940181690B4E015986149EAF724FC9F
:105F6000002816D1FFE716980B9015980A90052087
:105F700003F076FFEAF73CFC01460A98EAF79DFA3F
:105F8000EAF75CFC01460B984018604940181690EF
:105F900096E015985349EAF707FC002816D1FFE769
:105FA0001698099015980890042003F059FFEAF715
:105FB0001FFC01460898EAF780FAEAF73FFC014621
:105FC0000998401850494018169078E015984649AD
:105FD000EAF7EAFB002816D1FFE716980790159814
:105FE0000690032003F03CFFEAF702FC0146069806
:105FF000EAF763FAEAF722FC01460798401841499C
:10600000401816905AE015983849EAF7CDFB002859
:1060100016D1FFE71698059015980490022003F01A
:106020001FFFEAF7E5FB01460498EAF746FAEAF7AC
:1060300005FC0146059840183149401816903CE08F
:1060400015982B49EAF7B0FB002816D1FFE7169800
:10605000039015980290012003F002FFEAF7C8FBB5
:1060600001460298EAF729FAEAF7E8FB01460398A5
:1060700040182249401816901EE015981D49EAF76D
:1060800093FB002814D1FFE7169801901598009013
:10609000002003F0E5FEEAF7ABFB01460098EAF7C3
:1060A0000CFAEAF7CBFB014601984018169002E083
:1060B00011481690FFE7FFE7FFE7FFE7FFE7FFE77D
:1060C000FFE7FFE7FFE7FFE7169818B080BDC0467F
:1060D000809698006F12833A0AD7233CCDCCCC3DF2
:1060E000000020410000C84200007A4400401C46E5
:1060F0000050C34700247449FFFFFF7F40420F0058
:1061000080841E00C0C62D0000093D00404B4C009D
:10611000808D5B00C0CF6A0000127A004054890075
:1061200080B58AB0089007A80180069200210591E9
:10613000405E01280ADCFFE70898EAF77FFB05903C
:106140000699002008700598099063E008980021DE
:10615000EAF72AFB002805D1FFE70798401E07A9A8
:106160000880FFE704A900200880FFE7002204A8B8
:10617000805E07A9895E491E884237DAFFE70898E2
:10618000EAF7AEFB02900120C00781430391049817
:10619000401C00B203F064FEEAF73CFB02460298A2
:1061A0000B460399EAF70EFB002819D1FFE7089880
:1061B000019007990498C043401800B203F050FEC4
:1061C000EAF716FB01460198EAF777F9EAF736FB9A
:1061D000059007990498C04340180699087005E097
:1061E000FFE70498401C04A90880BFE7002204A828
:1061F000805E07A9895E491E884208D1FFE708989A
:10620000EAF71CFB0590069900200870FFE7059847
:106210000990FFE709980AB080BD000010B58CB066
:106220000E9C0B900AA80290017009A804900280AD
:1062300008930B98EAF7DCFA01460298039100787C
:1062400003F07CFCEAF7D4FA01460398FFF7FAFA68
:1062500001460498069109990E9A118000880590CC
:10626000072800D9F1E00598810001A04058874631
:10627000916201009162010029630100376301000E
:10628000A9630100B7630100C56301003D6401001B
:1062900009A80088012846D1FFE706987B49FFF747
:1062A00003FB069006987449EAF77EFA00280BD1A2
:1062B000FFE706987249FFF7F7FAEAF7BFFA079087
:1062C0000899032008702DE006986C49EAF76CFAEB
:1062D00000280BD1FFE706986849FFF7E5FAEAF7CF
:1062E000ADFA07900899022008701AE006986449F0
:1062F000EAF75AFA00280BD1FFE706985E49FFF744
:10630000D3FAEAF79BFA079008990120087007E092
:106310000698EAF793FA0790089900200870FFE7BB
:10632000FFE7FFE7A3E0FFE709A80088022801D103
:10633000FFE7FFE7FFE709A80088032833D1FFE75D
:1063400006984F49FFF7B0FA069006984D49EAF7CC
:106350002BFA00280BD1FFE706984849FFF7A4FA6B
:10636000EAF76CFA07900899022008701AE006987C
:106370004549EAF719FA00280BD1FFE706983E498C
:10638000FFF792FAEAF75AFA079008990120087085
:1063900007E00698EAF752FA07900899002008707B
:1063A000FFE7FFE763E0FFE709A80088042801D1C1
:1063B000FFE7FFE7FFE709A80088052801D1FFE70D
:1063C000FFE7FFE709A80088062836D1FFE706980F
:1063D0002849FFF737FA069006982749EAF7E4F9C3
:1063E00000280BD1FFE706982549FFF75DFAEAF789
:1063F00025FA07900899032008701DE006981F49A8
:10640000EAF7D2F900280BD1FFE706981B49FFF7FE
:106410004BFAEAF713FA07900899022008700AE08D
:1064200006981549FFF740FAEAF708FA0790089925
:1064300001200870FFE7FFE719E0FFE709A80088DF
:10644000072801D1FFE7FFE7FFE70B980190022043
:1064500003F074FB01460198EAF792FA07900A9854
:10646000801E089908700E9900200880FFE70798A1
:106470000CB010BD00007042000020410000C84276
:1064800000007A4400401C460050C34755558541E2
:1064900080B58CB00A900A9809A90A22E9F762FF30
:1064A0000146DB4848430890089800280DD5FFE7CF
:1064B000089806900998401C09A90A22E9F752FF9A
:1064C00001460698401A08900CE008980590099833
:1064D000401C09A90A22E9F745FF01460598401822
:1064E0000890FFE70998401C09A90A22E9F73AFF3A
:1064F0000146C74848430790079800280DD5FFE795
:10650000079804900998401C09A90A22E9F72AFF74
:1065100001460498401A07900CE0079803900998E8
:10652000401C09A90A22E9F71DFF014603984018FB
:106530000790FFE70898002808D1FFE70798002890
:1065400004D1FFE70BA90120088027E0164817496E
:10655000425C521C4254405C012804DCFFE70BA95A
:10656000012008801AE008990F4A0192AD20C3006B
:10657000D018029041600799D1500B21ECF7D8FF59
:10658000019902460298C272094A8A580C21904722
:106590000299002088720BA90880FFE700210BA850
:1065A000405E0CB080BDC04678000020720500003F
:1065B0007405000010B588B0069004A9002008708A
:1065C000534800900421EDF7BFFE01460098890072
:1065D00001910521EDF7B8FE0146019849004018E8
:1065E00003904C4807210291EDF7AEFE0299024656
:1065F00003988018084005A90880474800880028AB
:106600000FD0FFE74649002008800599434A1180D2
:10661000444A0121118040490880049807A9087064
:1066200071E0002205A8805E3C49895E88420AD05C
:10663000FFE73A4908883C4A1080394A53201080C5
:10664000059808805BE000213548405E012855DB55
:10665000FFE733480188491E01800021405E52282F
:1066600030D1FFE700212F48405E01280FD1FFE71E
:1066700000212A48415E2C480288084650400840C4
:1066800007210840069911221201885205E0069957
:106690001120020100208852FFE700211F48415EBF
:1066A0002148028808465040C0430843072108405B
:1066B000069989225200885204A9012008701949BC
:1066C00008801AE000211648405E172814D1FFE721
:1066D0001248028807210A40069B112424011A53FC
:1066E00000880840069989225200885204A9022095
:1066F00008700C490880FFE7FFE7FFE7FFE7049811
:1067000007A90870FFE707A8007808B010BDC046C9
:10671000441D0240040D0240A8060020A21F0020D4
:10672000A41F0020A81F0020A61F002080B58CB049
:106730000A9000200990E0483121405C0F2806D1E2
:10674000FFE70A990120087009980B9058E0DA4891
:1067500007903821405C00F08BFE024607982A49DA
:10676000514301913721405C00F082FE01990346BC
:106770000798264A5A43891802913621405C00F056
:1067800077FE029903460798214A5A4389180391D4
:106790003521405C00F06CFE0399034607981D4AC2
:1067A0005A43891804913421405C00F061FE049939
:1067B000034607987D22D2005A4389180591332158
:1067C000405C00F055FE05990346079864225A4341
:1067D000891806913221405C00F04AFE0699034672
:1067E00007980A225A43891808913121405C00F029
:1067F0003FFE014608984018099009980B90FFE762
:106800000B980CB080BDC0468096980040420F00A7
:10681000A08601001027000080B584B00390039883
:10682000FFF7C8FE014602A801700078002801D1D8
:10683000FFE75EE002A80078012824D1FFE7039873
:1068400089214900405E032801D1FFE700E0FFE70E
:10685000039811210901405E019001280ED0FFE745
:106860000198022807D0FFE70198042809D1FFE723
:1068700001F006FD06E001F0E9FC03E001F0AAFCEE
:1068800000E0FFE734E002A8007802282FD1FFE7FC
:10689000039889214900405E801E009004281BD87F
:1068A0000098810001A040588746C046D368010087
:1068B000C1680100D9680100C7680100CD68010006
:1068C00001F0B8FC09E001F09DFC06E001F08EFC4F
:1068D00003E001F0A3FC00E0FFE7039811210901A8
:1068E000405E052801D1FFE700E0FFE7FFE7FFE793
:1068F000FFE704B080BD000080B584B0D8480290A6
:10690000872149000191405C2C21414310484018E7
:1069100003900398416A2822805C88470199029875
:10692000405C072811D0FFE7CD486621405CC009D4
:10693000002809D0FFE7FEF7B7F8C9496622885C4E
:106940007F2318408854FFE7FFE704B080BDC046AE
:1069500038080020B0B5C24C21468031C323E05C2A
:10696000F7221040E054E05CFB221040E054802508
:10697000605D10406055605DFD2210406055605DB7
:10698000FE2318406055087D18400875887E104029
:106990008876B0BD80B584B0B14903914222002011
:1069A0000090885400F040F803996A221D48019035
:1069B000885264220292885C042318438854885CBD
:1069C000F72318408854FDF70FFA009803994922DD
:1069D000885400F03DF80198029A03996C23C8523C
:1069E000885C102318438854885CDF23184088543F
:1069F000FDF72AFB009803995022885400F038F8DC
:106A00000198029A03996E23C852885C4023184368
:106A10008854885C7F2318408854FDF711FC04B02B
:106A200080BDC046FFFF00008D49C322885CFD2366
:106A300018408854885CFE2318408854B922885C2A
:106A400018408854B822885CFB231840885470474B
:106A500010B58349A322885CFE2318408854885CC3
:106A6000FD2420408854A222885C1840885410BD20
:106A70007B49B822885CFD2318408854885CFE233B
:106A800018408854AE22885C184088547047C0462D
:106A900010B57349AD22885CFD2318408854885C8A
:106AA000FE2420408854A422885C20408854885CBE
:106AB0001840885410BDC046AC06002085B0049034
:106AC00003A8017002A8027001A900200880049A9E
:106AD00000920880FFE7002101A8405E03A9097821
:106AE00002AA1278891A884218DAFFE70098002271
:106AF00001A9895E401A0078002808D1FFE70098B4
:106B0000002201A9895E411A2020087000E005E0FA
:106B1000FFE70198401C01A90880DCE705B0704739
:106B200080B50449002048710220C87200F03CFA88
:106B300080BDC046E00A002080B590B00F900EA93D
:106B40000020087009A90291887408820C900B90AB
:106B50000A90099004A90391087407900690059083
:106B600004900F98803044210191E9F77CFB019A51
:106B70000F990846C6308031E9F74EFB02993E2056
:106B80001322012306F018F9039937481122EDF773
:106B9000E1FF10B080BDC04680B582B0304840688B
:106BA000019001980821405E012815D1FFE72D488A
:106BB000052100910122F5F727F80098FBF780FEE8
:106BC0002948ECF70DF8EBF723FF0198FFF7B4FF26
:106BD000019900200881FFE70198C0685D2812D361
:106BE000FFE70198FFF718FE0198C068C12807D198
:106BF000FFE70198ECF716FA01995D20C860FFE7FE
:106C0000FFF77AFE22E00198C16818484843012145
:106C1000C8411749884209D8FFE70198C0685B2836
:106C200004D8FFE7019800F037FC0EE00198C06837
:106C30005C2809D1FFE70A496622885C08231843CB
:106C40008854FEF759FDFFE7FFE7FFE70199C868A1
:106C5000401CC8600198FEF759FE02B080BDC046D6
:106C6000AC060020081D024000040040ABAAAAAAFE
:106C7000AAAAAA2A80B584B003A901200870FFE758
:106C800000BFFFE7EF480190082101220292F4F7CC
:106C9000BBFF0198029A0921F4F7B6FF03A800216F
:106CA0000170007804B080BD10B58EB00CAC2080AF
:106CB0000B910AA8028009A803700B980690FFE7C1
:106CC00000BFFFE7F4F7B4FEFBF7BAF8002814D1D1
:106CD000FFE7FFE7FFE700BFFFE7DA48049008217E
:106CE00001220592F4F790FF0498059A0921F4F720
:106CF0008BFF05980DA9087070E00C984000401CAF
:106D000007A9087008A900200870FFE7002108A85B
:106D10004056012817DCFFE7F4F7CAFE002207A857
:106D2000805609A98956F4F799FD002801D1FFE79B
:106D300009E0F4F711FFF4F77BFEFFE70898401C29
:106D400008A90870E2E7002108A84056022814DBD1
:106D5000FFE7FFE7FFE700BFFFE7BA48029008211F
:106D600001220392F4F750FF0298039A0921F4F7E5
:106D70004BFF03980DA9087030E0FFE70AAA1088BE
:106D8000411E118000280FD0FFE7F4F72DFD069972
:106D90004A1C069208700AA80088002803D0FFE762
:106DA000F4F700FDFFE7E9E7F4F766FEF4F7D4FE39
:106DB000F4F73EFEFFE7FFE700BFFFE7A1480090C2
:106DC000082101220192F4F71FFF0098019A09217E
:106DD000F4F71AFF0DA900200870FFE70DA800784E
:106DE0000EB010BD10B590B00EAC20800D910CA867
:106DF00002800BA803700D980890FFE700BFFFE723
:106E0000F4F716FEFBF71CF8002814D1FFE7FFE7A4
:106E1000FFE700BFFFE78B48069008210122079299
:106E2000F4F7F2FE0698079A0921F4F7EDFE0798A9
:106E30000FA908707FE00E98400009A908700AA900
:106E400000200870FFE700210AA84056012817DC3F
:106E5000FFE7F4F72DFE002209A880560BA98956FA
:106E6000F4F7FCFC002801D1FFE709E0F4F774FE19
:106E7000F4F7DEFDFFE70A98401C0AA90870E2E774
:106E800000210AA84056022814DBFFE7FFE7FFE7CE
:106E900000BFFFE76B480490082101220592F4F738
:106EA000B3FE0498059A0921F4F7AEFE05980FA9E0
:106EB000087040E0FFE70CAA1088411E11800028EE
:106EC00021D0FFE70898411C0891002280560BA9A9
:106ED0008956F4F7C3FC012814D1FFE7FFE7FFE769
:106EE00000BFFFE757480290082101220392F4F700
:106EF0008BFE0298039A0921F4F786FE03980FA9E6
:106F0000087018E0D7E7F4F727FEF4F791FDFFE7E4
:106F1000FFE700BFFFE74B480090082101220192E4
:106F2000F4F772FE0098019A0921F4F76DFE0FA99B
:106F300000200870FFE70FA8007810B010BDC04611
:106F400080B582B001900199144AFF2088540199BC
:106F5000134A002088540199432212018854019950
:106F6000212252018854019991229200885001995E
:106F70004922D20088500199F32292008850019949
:106F80003D22120188500199064A885C102318435B
:106F9000885400F059F802B080BDC0461F040000BC
:106FA000140400001E0400000B49002008710B4A65
:106FB000885488720A4A885448750A494A78FD23D9
:106FC0001A404A704A78F7231A404A700A781A40E1
:106FD0000A7088707047C046E00A00209C0C0000D0
:106FE0009B0C0000D809002080B586B005A904914B
:106FF0000120087010480E2100220392F4F704FECD
:10700000039A0E480521F4F7FFFD039A0C480190FE
:107010000A21F4F7F9FD0198039A0B210291F4F784
:10702000F3FD0299039A0748F4F7EEFD03990498DB
:107030000170007806B080BD081D0240C80D0240F6
:10704000480D0240400D024080B586B01C20012151
:107050000191F7F791FC04A802900721FBF7C0FA11
:107060000198029A002151701170000303900C21C5
:10707000EDF738FA0199029A039811700B21EDF798
:1070800031FA06B080BD000080B58EB000200D90B2
:10709000DB488221405C0007C00F00284CD1FFE78D
:1070A0001C2001210891F7F767FC0BA80790072126
:1070B000FBF796FA0898079A002151700003069092
:1070C0000C21EDF70FFA079A06980B21EDF70AFA53
:1070D000079A08985070D07080200321EDF702FACB
:1070E000C74894300990082103F072FF099881790C
:1070F0000A910621ECF7DFFA01460A9888420FD080
:10710000FFE7C049887CF72210408874BC4994226C
:10711000BD48885094310020087101204871FFE774
:10712000B849887C102210438874B5498222885C53
:10713000082318438854FFE7B248807CC006C00F7C
:10714000002813D0FFE7AF4901208880AC4A842390
:107150000020D05490230320D052887CFD22104080
:107160008874887CEF2210408874FFE7A5488088E7
:10717000002800D142E1A2488421405C0590032808
:1071800000D921E10598810001A040588746C046FA
:10719000A1710100F1710100B97201007973010060
:1071A00097488221405CC00700280CD1FFE7FEF71A
:1071B000C1F894490420888291498222885C012385
:1071C0001843885413E08F48808A00280ED1FFE7C7
:1071D0008B498222885CFE23184088548422885C74
:1071E000401C8854902203208852FFE7FFE7FFE706
:1071F00083488221405CC007002821D1FFE700209E
:107200000D900D9A501C0D907D480490C121815421
:107210000D9A531C0D9381540D9A531C0D93815458
:107220008A2281540DA9098806F01CFB0499754A2D
:10723000142090828222885C0123184388543AE00B
:107240007048808A00281AD1FFE76D488222815C4D
:10725000FE23194081549021405A012806DBFFE7A4
:1072600067499022885A401E885207E06449842268
:10727000FF208854902203208852FFE71AE06048DC
:107280008221405C4007C00F002812D0FFE75C4914
:107290008222885CFB2318408854885CFE231840B7
:1072A00088548422885C401C885490220320885291
:1072B000FFE7FFE7FFE7A0E051488221405CC007FD
:1072C000002818D1FFE74E48039000F023FA01464A
:1072D00003980D918A22C02181540DA9098806F0D6
:1072E000C1FA0399474A142090828222885C0123C4
:1072F000184388543FE04348808A00281AD1FFE7AA
:107300003F488222815CFE23194081549021405ADB
:10731000012806DBFFE73A499022885A401E88522E
:1073200007E037498422FF208854902203208852A6
:10733000FFE71FE032488221405C4007C00F002871
:1073400017D0FFE72E4902918222885CFB23184068
:107350008854885C022318438854885CFE231840B4
:1073600088548422885C401C8854902203208852D0
:10737000FFE7FFE7FFE740E021488221405CC007CC
:1073800000280CD1FFE7FEF733F81E49032088825E
:107390001B498222885C01231843885413E0194852
:1073A000808A00280ED1FFE715498222885CFE23DF
:1073B000184088548422885C401C88549022032002
:1073C0008852FFE7FFE718E00D488221405C800704
:1073D000C00F002806D0FFE70A49887C022210432C
:1073E0008874FFE707490091002001908880FDF72D
:1073F00077FF009901988882FFE7FFE70EB080BD14
:10740000E0200020E40700209041060080B51748E6
:107410008078C007002806D1FFE71348007BC0072B
:10742000002803D0FFE7ECF79FFEFFE780BDC046D2
:1074300080B582B00C48007BC007002812D1FFE75E
:107440004020022100220092EDF7E8F80098074959
:1074500001910880FBF757FE01998878FE221040C1
:107460008870FFE702B080BD0C080020D407002020
:1074700082B00146684601800021405E092805DC93
:10748000FFE700216846405E019002E00020019085
:10749000FFE7019802B0704780B582B00190019873
:1074A000C06800281AD1FFE701983121405CEDF750
:1074B00029FF01983C21405CEEF78AF901984321AD
:1074C000405CEEF7D1FA01984A21405CEEF7CCFB24
:1074D00001985121405CEEF713FDFFE70198C06869
:1074E00006281AD1FFE701983221405CEDF724FF0E
:1074F00001983D21405CEEF787F901984421405CFA
:10750000EEF7CEFA01984B21405CEEF7C9FB0198EB
:107510005221405CEEF710FDFFE70198C0680C288F
:107520001AD1FFE701983321405CEDF74FFF019836
:107530003E21405CEEF7B4F901984521405CEEF73E
:10754000FBFA01984C21405CEEF7F6FB01985321C1
:10755000405CEEF73DFDFFE70198C06812281AD1A4
:10756000FFE701983421405CEDF77AFF01983F2155
:10757000405CEEF7E1F901984621405CEEF728FB0C
:1075800001984D21405CEEF723FC01985421405CAA
:10759000EEF76AFDFFE70198C068182810D1FFE7F1
:1075A00001983521405CEDF7A5FF01984021405C32
:1075B000EEF70EFA01984E21405CEEF755FCFFE71E
:1075C0000198C0681E2806D1FFE701983621405C6B
:1075D000EDF7DAFFFFE70198C068242806D1FFE73E
:1075E00001983721405CEEF719F8FFE70198C06871
:1075F0002A2806D1FFE701983821405CEEF75AF8B7
:10760000FFE70198C06830280BD1FFE701983921C6
:10761000405CEEF7A5F801983A21405CEEF7BCF823
:10762000FFE70198C068362803D1FFE7FBF776FC37
:10763000FFE70198C0683C2813D1FFE7FAF7FCFC8C
:107640001B20EDF757FF0520EDF70AFF1C20EDF793
:10765000BDFE1F20EDF770FEE3488078EDF752FE87
:10766000FFE702B080BDC04680B582B02448DD305F
:1076700001902021E8F7F7FD01982249224A891854
:107680001922E8F7C9FD0198E8F723FE07280AD375
:10769000FFE71B49DC22002088541A481C4A805A04
:1076A000FE22885229E01648DD3000902021E8F7BC
:1076B000DAFD009813494722120189181922E8F7C8
:1076C000ABFD0098E8F705FE072810D3FFE70D484B
:1076D0000E49405A01280ADBFFE70949DC22012054
:1076E00088540848094A805AFE22885204E0044916
:1076F000DC2202208854FFE7FFE702B080BDC046CD
:10770000D809002078000020540400008A040000FA
:107710006E040000F0B587B0069005AD0295002319
:1077200001932B800698C07804A908700878F82285
:107730001040401C08700698407903A9087008782A
:10774000C722104030300870039880221043087020
:107750000699EA5E501C2880C02088548E48014655
:10776000943100910A79069CEE5E771C2F80A25519
:107770004979069AEC5E661C2E8011550499069A8A
:10778000EB5E5C1C2C80D154942140587D21C900B3
:10779000E9F7D6F8009A019B0146029812798918F8
:1077A000084A89181F221140069AC45E651C05808C
:1077B00011550399069AC35E5C1C0480D15400786D
:1077C00007B0F0BD66FEFFFF80B5FFF75DFC7148B6
:1077D000807CC007002803D0FFE7ECF7F5FCFFE74B
:1077E00080BDC04670B588B007A9002008806948F0
:1077F0001421405E01281BDBFFE76648818A491E91
:107800008182808A002812D1FFE7624880880028A0
:107810000CD1FFE75F490691887CFB2210408874F9
:10782000FDF75EFD069900208882FFE7FFE7FFE78E
:1078300059488621405E012800DAA8E05649862092
:107840000A5A521E0A52085E8822895E491E8842E0
:1078500003D1FFE7FDF7CCFDFFE74F498620085E27
:107860008822895E891F884229D1FFE7002307A962
:107870000491CA5E501C088047480590AF24845488
:10788000CA5E551C0D808454CD5E6A1C0A80742229
:107890004255CD5E6E1C0E804355CD5E6E1C0E8033
:1078A0004455CC5E631C0B80F42303558A23C254D9
:1078B000098805F0D7FF37490F20888267E03649ED
:1078C0008620085E8822895E0839884226D1FFE733
:1078D000002307A90291CA5E501C08802E4803901D
:1078E000AF248454CA5E551C0D808454CD5E6A1C3E
:1078F0000A8073224255CD5E6E1C0E804355CD5ECC
:107900006E1C0E804455CC5E631C0B80F323035524
:107910008A23C254098805F0A5FF38E01E49862055
:10792000085E8822895E0A39884209D1FFE7FDF79F
:1079300033FD18490020888217498A228854FFE7BE
:1079400015488621405E01280AD1FFE7FDF750FD6A
:1079500010490A20888210498A2200208854FFE7B3
:107960000D488621405E002810D1FFE70A4A0192A7
:107970008E20105C8C21515AF7F7BEFF0246019809
:1079800007A90A80098805F06DFFFFE7FFE708B047
:1079900070BDC046E4070020E020002080B582B022
:1079A000002001900D48E8F7F1FB01460C4801600A
:1079B000E9F75EF80B490860F3F74EFB0A484068A8
:1079C0008047FFE7084880688047FFE701200028DC
:1079D000F8D1FFE7019802B080BDC046200000202A
:1079E0007C24002044230020301C002080B582B07D
:1079F00001A9009100200870F7F74AFD009A434260
:107A0000014659411170002801D1FFE70BE0FAF758
:107A1000D7FD42420146514101AA1170002801D10F
:107A2000FFE7FFE7FFE701A800784142484102B0C5
:107A300080BD000080B582B03548008800282DD078
:107A4000FFE76348E121490040180090032103F05B
:107A50003DFB0098817801910221EBF7B7FD0146CB
:107A60000198884209D0FFE75949E12042008B186C
:107A70000320587001208854FFE75548FF21C43186
:107A8000405C042806DBFFE75149FF22C432032093
:107A90008854FFE71E4900200880FFE7BD48C07EEC
:107AA0008006C00F002806D1FFE7BA48407EC00715
:107AB000002811D0FFE76248007BC00700280AD1E8
:107AC000FFE714488078C007002803D1FFE700F0E3
:107AD00057F8FFE7FFE710E00E488078C00700285E
:107AE0000AD1FFE75648007BC007002803D0FFE714
:107AF00000F070F8FFE7FFE7FFE75148007BC007A1
:107B0000002803D0FFE7ECF793FBFFE702B080BD4E
:107B100034080020D407002080B54948007BC00706
:107B200000280BD0FFE700BF29480321C90100222C
:107B3000425436480421F4F767F8FFE780BDC04699
:107B400080B500BF00BF00BF00BF3D48007B4007BD
:107B5000C00F00280DD0FFE71D48FF21C431405C55
:107B6000002100F055F83649087BFB2210400873CD
:107B7000FFE7264804210022F4F746F880BDC046FE
:107B800080B582B012480321CA01002100918154BE
:107B9000FF221346C233C154C432805CFAF74AFB59
:107BA000FDF747F9009A2649E12040010860087B6B
:107BB000012301931843087314480421F4F724F8AF
:107BC000019A40200221ECF729FD02B080BDC04699
:107BD0007C21002080B582B040200221002200924A
:107BE000ECF71CFD009A09480421F4F70DF8009801
:107BF000134901910860FBF78FFAECF761FB0199DB
:107C0000087BFE221040087302B080BD880D024040
:107C100080B582B00190684601800948007BC007AA
:107C2000002809D0FFE7019800226946895EFAF72B
:107C300001FBFDF7FEF8FFE7002002B080BDC04663
:107C40000C08002080B505F021FC80BD10B58AB07D
:107C50009F488078C00900286CD1FFE79C48807855
:107C60004006C00F002865D1FFE79848FF21890032
:107C7000415A07A80180008801214902884206DB99
:107C8000FFE707A800884449884205DBFFE7012099
:107C9000400207A90880FFE70799103107A8018073
:107CA000008801218902884205DBFFE701204002AC
:107CB00007A90880FFE785483849405E0B2806DCA5
:107CC000FFE78249354A885A401C885204E07F49C0
:107CD000324A0C208852FFE7079A7C480590FF2122
:107CE000890042524118069108A9049120220A7085
:107CF0004122120183189C794C705C798C701C793C
:107D0000CC709C780C715B784B71825C8A7101221B
:107D1000920280180722E8F77FFA06980B21EBF70A
:107D200007FC059902460698C2721D4A8A580C2122
:107D300090472DE008A90191202008706348029027
:107D40004122120183189C794C705C798C701C79EB
:107D5000CC709C780C715B784B71825C8A71FF22CD
:107D600092008318039300225A8001229202801805
:107D70000722E8F751FA03980B21EBF7D9FB029998
:107D800002460398C272064A8A580C219047FFE7C0
:107D90000AB010BD78000020F1030000FE030000CF
:107DA0000C04000081B06946087047490020087142
:107DB0004880487988710098487101B07047C04682
:107DC00080B584B03E4800784006C00F002846D0F9
:107DD000FFE7E12040020021FAF756FAFDF72DF8FF
:107DE00038480221ECF7B0FA002803D1FFE7FAF790
:107DF000F7F902E0FEF794FEFFE7FFF735FC3049A4
:107E000001914878EF221040487008787F22104096
:107E100008704878FB22104048702B4801220281EC
:107E2000487810434870B42088810878BF221040F9
:107E30000870E74802901121890140180390816879
:107E4000491C81600C21EBF7E8FB0299024603987C
:107E50000273452212018A5810219047FFE7184803
:107E60000078C006C00F00281ED0FFE7B048807819
:107E70000007C00F002808D0FFE7FAF735F8AC4933
:107E80008878F7221040887008E00D4901228A7036
:107E900008781043087004F00FFFFFE708490878DE
:107EA000EF2210400870FFE705484078C00700281F
:107EB00003D0FFE7F3F7C4FEFFE704B080BDC04680
:107EC000D8090020081D0240E00A002078000020A8
:107ED0008417002080B582B00190019A8520C100EE
:107EE0005058401C50500198405802280DDBFFE7C5
:107EF0000199212042010320885401994322120153
:107F00008854019801F076FB06E00199034A885CE9
:107F1000DF2318408854FFE702B080BD1E04000034
:107F200000BF704700BF704780B584B0014603A80A
:107F300001700078012805DBFFE703A80078FCF753
:107F400055FCFFE703A800780290072800D9C1E09C
:107F50000298810001A040588746C0467D7F0100FD
:107F6000C77F0100EF7F0100178001003D80010005
:107F70006380010089800100AF800100C64866214E
:107F8000405C8007C00F00281CD0FFE703A80190C9
:107F90000078FBF7ADF901980078FBF715F9019827
:107FA0000078FBF74DF901980078FBF737FA019854
:107FB0000078FBF7CFFAB8496622885CFD231840A9
:107FC0008854FFE792E0B4486621405C4007C00F48
:107FD00000280BD0FFE7FEF7DDFCFBF7B7F8E6491A
:107FE0006622885CFB2318408854FFE77EE0E24865
:107FF0006621405C4007C00F00280BD0FFE7FEF76A
:10800000C9FCFBF767FADC496622885CFB23184051
:108010008854FFE76AE0D8486621405CC007002822
:108020000BD0FFE7FEF7B6FCFCF72CFBD24966222B
:10803000885CFE2318408854FFE757E0CE4866214D
:10804000405CC00700280BD0FFE7FEF7A3FCFCF75D
:108050003FFBC9496622885CFE2318408854FFE72D
:1080600044E0C5486621405CC00700280BD0FFE70C
:10807000FEF790FCFCF752FBBF496622885CFE23AA
:1080800018408854FFE731E0BB486621405CC007D8
:1080900000280BD0FFE7FEF77DFCFCF761FBE4490D
:1080A0006622885CFE2318408854FFE71EE0E04803
:1080B0006621405CC00700280BD0FFE7FEF76AFC92
:1080C000FCF7C4FBDA496622885CFE23184088541A
:1080D000FFE70BE0D64887214900405C2C21414353
:1080E000D4484118282200208854FFE704B080BDFE
:1080F00080B582B0014601A801700078FFF714FF37
:1081000002B080BD7047704780B5FDF72DFA80BD85
:1081100080B5FDF7A5F880BD05490878012318430F
:108120000870C34945208200885C18438854704712
:108130008417002070B5BE4987204300C85C2C22FC
:1081400014464443BB4805192826AC5D641CAC5555
:10815000CB5C5A4382182923FF20D0546622885CC6
:10816000022318438854885C012318438854885C90
:1081700004231843885470BD80B584B0134801901F
:108180000D210091ECF7E0F800990346019803AA4D
:1081900002921370127853425A41F3F735FD029858
:1081A0000078002809D1FFE7744819214901405A95
:1081B0009F4943229200885205E09D494320820056
:1081C00000208852FFE704B080BDC046880D024001
:1081D0007800002080B5964887214900405C2C211A
:1081E0004143944840180069804780BD80B590485D
:1081F00087214900405C2C2141438E484018C069CA
:10820000804780BD80B58A4887214900405C2C2189
:108210004143884840188069804780BD80B58448C4
:1082200087214900405C2C21414382484018006A64
:10823000804780BD80B57E4887214900405C2C2165
:1082400041437C4840184069804780BD80B57848EC
:1082500087214900405C2C21414376484018C06882
:10826000804780BD05490020087148804A798A719D
:108270004A79521C4A7148757047C046E00A00208E
:1082800080B56B4887214900405C2C2141436948F7
:1082900040188068804780BDAC06002080B582B061
:1082A000014601A801700078FCF7A0FA3348344970
:1082B000405C002806D0FFE730483149405C022886
:1082C00006D1FFE70220FCF755FDFBF761FB0CE050
:1082D0002A482B49405C012806D1FFE70220FCF721
:1082E00049FDFBF755FBFFE7FFE702B080BDC04645
:1082F00080B586B04E4887214900405C2C2141431F
:108300004C4840182821405C05A908801B481C499E
:10831000405C002806D0FFE718481949405C022855
:1083200010D1FFE742486821415E40180490312196
:108330000391405C401C0A21E8F702FB039A049871
:10834000815416E00D480E49405C012810D1FFE72A
:1083500037486821415E4018029031210191405C0C
:10836000401C0A21E8F7ECFA019A02988154FFE7D1
:10837000FFE706B080BDC046AC06002078000020B4
:108380001C04000080B50020FCF7A2FF80BD0000A7
:10839000B0B5CAB0264887214900405C2C21414332
:1083A000244840182821405C47A9088046A900209D
:1083B000087021482149405C002800D016E245A8F9
:1083C000FEF7B4F91E49E8F7DBFA4491002147A80B
:1083D000405E3F90122800D906E23F98810001A03C
:1083E0004058874645840100578401006D84010090
:1083F0008184010091840100A3840100B384010001
:10840000C5840100D5840100FB8401000B850100B7
:108410001B850100238501003D85010023860100A5
:10842000EF860100FF8601000F87010079870100B8
:10843000AC06002038080020780000201C04000052
:1084400040420F004498FE492D221201885246A94D
:1084500001200870C9E1449964204843F849852205
:10846000D200885046A909200870BEE144996420D2
:108470004843F349F34A885046A909200870B4E1FB
:108480004498EF49F04A885246A909200870ACE1A7
:108490004498EB49B5229200885046A90120087003
:1084A000A3E14498E649E94A885246A901200870A8
:1084B0009BE14498E24943221201885046A90920D1
:1084C000087092E14498E2498968087046A9022040
:1084D00008708AE14498C117890F4118FC221140A5
:1084E000411ADB4882685170C26980684078002177
:1084F000904746A90220087077E14498F9498968B5
:10850000086046A9032008706FE14498F54989681E
:10851000087146A90320087067E146A90320087086
:1085200063E1F048826800215171449A816848797A
:108530001043487146A90320087056E1C04837909F
:10854000F64C00193D902E213491E7F7B8FE34998E
:1085500048904898401CE7F7B2FE48904898401C65
:1085600048A935910A223692E7F7FCFE3599369AEA
:108570004990499B7D20C0003C90584349904998C0
:1085800038904898401CE7F7EDFE379B3D9A3C99A0
:1085900005463898401949900020185110765061CE
:1085A0001061D060906050604498E8F7E9F90246A5
:1085B0003D98E4493A9105F05DFA3D98E7F789FE68
:1085C0003C9902463D98801839904498E8F7D8F9CC
:1085D00039980A463A9905F04DFA3D98E7F779FE41
:1085E0003C9902463D9880183B904998E8F7C8F9B5
:1085F0003A9902463B9805F03DFA3D98E7F769FE47
:108600003C9902463D9880183E904998E8F7B8F9A1
:108610003E980A46CC4905F02DFA46A90420087078
:10862000E3E087482C90BD4C0019329048A92A916C
:108630000A222B92E7F796FE2A992B9A4990499B9A
:108640007D20C00031905843499049982D9048981A
:10865000401CE7F787FE2C9B329A319905462D98EE
:108660004019499000201851107650611061D06077
:10867000906050604998E8F783F902463298B14912
:108680002F9105F0F7F93298E7F723FE319902466A
:10869000329880182E904998E8F772F92E980A4679
:1086A0002F9905F0E7F93298E7F713FE3199024662
:1086B0003298801830904498E8F762F92F99024672
:1086C000309805F0D7F93298E7F703FE3199024662
:1086D0003298801833904498E8F752F933980A4654
:1086E000994905F0C7F946A9042008707DE044982F
:1086F0005349D24A885246A90420087075E044982C
:108700004F49CF4A885246A9052008706DE0449829
:10871000CC49E8F735F90A212891E8F731F9000149
:1087200040184749412212018918279188714498BD
:1087300064212691E8F724F92699E8F721F90846FB
:108740002899E8F71DF9279A0B4626990001C018C9
:1087500050714498E8F714F908462899E8F710F999
:10876000279A0346289829930B4629990901C91885
:10877000117146A9087038E04498B249E8F700F949
:108780000A212491E8F7FCF8000140182C492391B4
:108790004122120122928918209188704498642104
:1087A0002191E8F7EDF82199E8F7EAF808462499CD
:1087B000E8F7E6F8209A0B4621990001C01850709E
:1087C0004498E8F7DDF808462499E8F7D9F8229BA1
:1087D000239A0446249825940C46259909010919E1
:1087E000D15446A9087000E0FFE701E1FB48FC49CD
:1087F000405C01287AD1FFE743A800211E91017057
:10880000FDF794FF1E99429047A8405E1F900028F4
:1088100004D0FFE71F9801281CD065E0429BEF4879
:10882000B921890043504218BF21890043504118A3
:1088300042985060486046A90620087055E0C0463E
:10884000780000202C04000034040000D202000054
:108850000C080020E1481890B921890017914218AE
:108860001C92405816904298E4491991E8F788F80C
:10887000169B179A1999044618981B198350BF2202
:108880009200835080181D904298E8F779F80846C6
:10889000E7F7AEFFDA491B91FCF7FCFF19991D9B26
:1088A00002461C9882609A6040681A904298E8F7E5
:1088B00067F819991C9B1D9A04461A98001958606C
:1088C00050604298E8F75CF80846E7F791FF1B997B
:1088D000FCF7E0FF1C9A1D99D060C86046A90620ED
:1088E000087002E0E4070020FFE780E0EF48F0496D
:1088F000405C02287AD1FFE741A8FDF717FFB9498C
:10890000E8F73EF84091002147A8405E15900828FE
:108910006AD81598810002A0405887465404000088
:108920004D8901005F8901006F8901007F89010085
:1089300091890100A1890100B3890100C789010063
:10894000D989010049EC0100F2EA01004098D749B9
:108950006322D200885246A90720087045E040985B
:10896000D249A54A885246A9072008703DE04098A0
:10897000CE49A04A885246A90720087035E04098A1
:10898000CA49C5229200885246A9072008702CE0E7
:108990004098C649964A885446A90820087024E0A1
:1089A0004098C2495B22D200885246A90120087033
:1089B0001BE040A80088BD498C4A8852409046A9D7
:1089C0000120087011E04098B849C72292008852EF
:1089D00046A90720087008E04098B449824A8852A6
:1089E00046A90720087000E0FFE7FFE7FFE7FFE781
:1089F00046A80078002801D1FFE7EDE046A80078FE
:108A0000401E1490092800D9DFE01498810001A0CD
:108A100040588746498A01006F8A0100778A010021
:108A20008B8A0100B18A0100DB8A0100258B0100DD
:108A30004B8B01006F8B0100938B01006E040000D3
:108A40004204000010270000984812902D210901CF
:108A5000401813900C21EAF755FE1299024613981C
:108A60000273172252018A5810219047AEE06748DE
:108A700080698047AAE064481190C06880471199D6
:108A8000887C102210438874A0E088480F905D49CC
:108A9000401810903921EAF735FE0F9902461098D8
:108AA0005F4BCA54492212018A583A2190478DE0FF
:108AB0007E480D90002141861121890140180E90B9
:108AC0000C21EAF71FFE0D9902460E98027345220B
:108AD00012018A581021904778E074480A90B92111
:108AE0008900401809901021EAF70CFE0A99024605
:108AF000099802745F22D2008A5814210B91904782
:108B00000A98BF21890040180C901221EAF7FAFD5B
:108B10000A9A0B9903460C98837431231B01D2588F
:108B2000904753E061480790C5218900401808909C
:108B30001821EAF7E7FD07990246089802763322E2
:108B400012018A581C21904740E058480590AD21F9
:108B5000C900401806900B21EAF7D4FD059902469A
:108B60000698C2722D4A8A580C2190472EE04F4831
:108B7000039021214901401804901821EAF7C2FD11
:108B80000399024604980276234A8A581C2190478A
:108B90001CE046480190412109014018029007213C
:108BA000EAF7B0FD019902460298C2718322D20011
:108BB0008A580821904701990298154A8958884790
:108BC0000298144989688847FFE7FFE7002147A812
:108BD000405EFCF7A5FCFFE74AB0B0BD780000207E
:108BE0001C04000040420F001E030000DA020000D7
:108BF00071050000160300001A0300001027000092
:108C00000000204154040000E40700200C0800206C
:108C1000A40500008C0600203C0400007405000040
:108C20008D04000010B584B01E4887214900405CC7
:108C30002C2141431C4840182821405C03A908808E
:108C40001A481B49405C002806D0FFE7174818491E
:108C5000405C02280FD1FFE7124802906821019181
:108C6000425A521D4252405E0621E7F789FE019AA0
:108C70000298815213E00D480D49405C01280DD146
:108C8000FFE708496822885AC01D8852885E430F52
:108C9000C3180724A343C01A8852FFE7FFE704B0B4
:108CA00010BDC046AC060020380800207800002027
:108CB0001C040000F0B593B0014612A801700078C2
:108CC000FBF794FDFB486621405C4006C00F00287E
:108CD00000D1BCE2F7496622885CBF231840885463
:108CE000FDF738FEFD48FE49405C002800D080E1D9
:108CF00012A800780F90122800D968E10F9881001F
:108D000001A040588746C046558D0100698D01007D
:108D10009F8D0100D38D0100E58D0100F98D0100CB
:108D20000B8E01001F8E0100318E0100438E010069
:108D3000558E0100678E0100738E0100858E010043
:108D4000C58E01001F8F0100318F0100438F01008C
:108D5000898F0100D7493B2200208854DF482D210C
:108D60000901405A119043E1DC48B1218900415C7E
:108D7000891ED04A0E923B23D1548521C900405808
:108D80006421E7F7FDFD0E9911908031087D0122E5
:108D900010430875887E02221043887628E1CF4868
:108DA000B1218900415C891EC24A0D923B23D154F6
:108DB000D14940586421E7F7E3FD0D9911908031C6
:108DC000087D012210430875887E022210438876B0
:108DD0000EE1B8493B2200208854C048C749405E94
:108DE000119005E1B3493B2203208854BB48B521CB
:108DF000890040581190FBE0AE493B220120885485
:108E0000B648BF49405A1190F2E0AA493B220220DD
:108E10008854B2484321090140581190E8E0A5491F
:108E20003B2200208854B748806800781190DFE02A
:108E3000A0493B2200208854B248806840781190B5
:108E4000D6E09C493B2200208854AF4880680068E7
:108E50001190CDE097493B2200208854AA488068B1
:108E600000791190C4E0FC493B2200208854119005
:108E7000BEE0F9493B2200208854A348806840792D
:108E80001190B5E0F548F349401810A90A910A225B
:108E90000B92E7F767FA0A990B9A1190119B7D20C4
:108EA000C0005843119011980C901098401CE7F79F
:108EB00059FA01460C9840181190E7493B220320CB
:108EC000885495E0E548F04940182E210691E7F7CF
:108ED000F6F9069910901098401CE7F7F0F91090F9
:108EE0001098401C10A907910A220892E7F73AFA55
:108EF0000799089A1190119B7D20C000584311904A
:108F0000119809901098401CE7F72CFA014609982F
:108F100040181190F0493B220320885468E0CF4864
:108F2000D849405A1190EC493B22002088545FE018
:108F3000CA48D349405E1190E7493B22002088543B
:108F400056E0E5493B2200208854C44841210901EC
:108F50004218947923090A21084658430F231C40DC
:108F60000419C648604355792E090C4674431D40C8
:108F7000651964246C4300191279140961431A407D
:108F800089184018119033E0D3493B2200208854BF
:108F9000B24A412004011519AE7833090A21084666
:108FA00058430F231E408619B44870436E78370922
:108FB0000D467D431E40AE19642575434019125D70
:108FC000140961431A4089184018119010E0C249F1
:108FD00087204000085C2C224243C0488218282386
:108FE0000020D0546622885C4023184388542EE128
:108FF000EBE09A489A49405C012849D1FFE7FDF728
:10900000A9FC12A800780590002804D0FFE7059875
:10901000012813D02AE091485D21C90040581190E1
:10902000AD493B22002088548031087D0122104345
:109030000875887E02221043887628E087482F2111
:10904000090140588C49FCF757FCE7F7F7FB1190F2
:10905000A1493B22042088548031087D012210431D
:109060000875887E02221043887610E09A4987208E
:109070004000085C2C224243984882182823002094
:10908000D0546622885C402318438854DFE09BE07C
:1090900072487349405C022800D094E0FDF75AFC06
:1090A00012A80078049008287BD80498810002A0B8
:1090B00040588746AC060020E59001000D91010064
:1090C0001F9101003191010045910100579101006C
:1090D0006B9101007D9101009191010078000020C9
:1090E0001C0400007C493B22042088545B48632117
:1090F000C900405E119065E02C04000034040000BB
:10910000D20200000C080020E407002072493B2234
:109110000420885451485749405E119052E06E49EE
:109120003B22042088544D485149405E119049E04B
:10913000F9493B2204208854F848C5218900405E43
:1091400011903FE0F4493B2200208854F3484749FE
:10915000405C119036E0F0493B2201208854EF48F2
:109160005B21C900405A11902CE0EB493B220020C2
:109170008854EA483C49405A119023E0E6493B2292
:1091800003208854E548C7218900405A119019E00E
:10919000E1493B2203208854E0483249405A11906B
:1091A00010E0DD4987204000085C2C2242434B48F8
:1091B000821828230020D0546622885C402318435C
:1091C000885444E0FFE7FFE7FFE7D4482449405CC8
:1091D000002806D0FFE7D1482149405C022819D178
:1091E000FFE7119ACC4803903B21415C491C009158
:1091F000313006210023F8F74BFB0399372220205A
:10920000885438228854392288543A228854FAF7EC
:10921000BFFB1BE0C1481249405C012815D1FFE7A4
:10922000119ABD4802903B21415C491C00913130AC
:1092300008210023F8F72CFB0299392220208854BA
:109240003A228854FAF7A4FBFFE7FFE7FFE713B0E1
:10925000F0BDC04654040000AC0600207800002099
:109260001C0400001E030000DA020000710500006B
:10927000160300001A030000000020411027000020
:10928000420400006E0400005404000080B5002079
:10929000FCF71EF880BD00009F4987204000085C55
:1092A0002C2242430D4882182823D05C401CD05405
:1092B0006622885C402318438854704780B59648DE
:1092C00087214900405C2C21414304484018282153
:1092D000405CFCF7EFF880BDAC06002038080020A9
:1092E00080B586B005900491039202A90020087011
:1092F000FFE772B6FFE705999120800008584922E0
:10930000D2008958884204D1FFE702A900200870E2
:1093100021E0049805994922D20000928A589201CE
:109320008918C131039A521EE6F7BCFF0099049ACE
:1093300003988018421E0020107005980190405834
:10934000401C0621E7F71CFB009A0198815002A9F6
:1093500001200870FFE7FFE762B6FFE702A8007888
:109360000121084006B080BD80B584B06748007B0D
:109370000390032800D9C5E00398810001A040585C
:109380008746C04695930100F19301004194010086
:109390008D9401005D480079002807D1FFE702F0B5
:1093A000BFFA61480A21F5F731FC20E058484089AE
:1093B000002807D1FFE75549087B401C08730020AF
:1093C000087113E05748F8F7E9FD002806D1FFE7D8
:1093D0005648F8F7E3FD002807D0FFE74B49087B24
:1093E000401C087300200871FFE7FFE7FFE78AE0F1
:1093F00046480079002807D1FFE702F091FA484873
:109400000A21F5F703FC1AE041484089002807D1FA
:10941000FFE73E49087B401C0873002008710DE0FF
:109420004048F8F7BBFD002807D0FFE73749087B25
:10943000401C087300200871FFE7FFE7FFE762E0C8
:109440003248007900280DD1FFE702F069FA2F4871
:1094500001220271C6480421F2F7D6FB2C490320F1
:10946000488112E02A48408900280DD1FFE7C04812
:10947000042100220292F2F7C7FB029823490A7BDB
:10948000521C0A730871FFE7FFE73CE01F480079B0
:10949000002807D1FFE71E49052048811B4901200C
:1094A00008712EE01A484089002829D1FFE71748A3
:1094B0000022019202711649009196236320C8543C
:1094C0009723C854AA480221F2F79EFB00994878D6
:1094D000FE2210404870087810400870F948016B6F
:1094E0000C480880F9F724FE0198F94947229200B8
:1094F00089588847F048B521C90040588047FFE7A0
:10950000FFE700E0FFE704B080BDC046E00A0020AE
:10951000D8090020FFFF0000AC06002078000020E2
:1095200027E80100D5E8010059E7010000E9010042
:1095300080B584B08E480290022101220192F2F798
:1095400063FB019A029803210391F2F75DFB1E2051
:10955000F9F7B6F9019A02980421F2F755FB1920A0
:10956000F9F7AEF9029803990022F2F74DFB04B027
:1095700080BDC04670B58AB009AB188008A80170DC
:1095800007A80490028006A90191002303930B8091
:1095900017480290E1225200825CCC5E651C0D806F
:1095A0000255089A8032CC5E651C0D800255099ADE
:1095B000CB5E5C1C0C80C2540988FCF7D3FA01997D
:1095C000039B0446029805AA1480059CCD5E6E1C80
:1095D0000E8044555278CB5E5C1C0C80C2540988C6
:1095E00004F04EF903990498405E0AB070BDC0467D
:1095F0007C21002080B584B0039003986349405CCF
:10960000401E0290032800D999E00298810001A031
:1096100040588746CB960100E5960100259601004B
:1096200099960100039853494056401C002806D1E2
:10963000FFE703994F4A885C401C88542BE003984D
:1096400021214901405C012807D0FFE7039821212F
:109650004901405C022814D1FFE7039A4549505C58
:10966000401C505403984056132809DBFFE7039928
:10967000464A0420885403993E4AFF208854FFE755
:1096800008E00399414A012088540399394AFF2090
:109690008854FFE7FFE757E0039821214901405C28
:1096A00001280CD1FFE703983049405CC00900282D
:1096B00005D0FFE70399354A0520885404E0039953
:1096C000324A01208854FFE73EE029480C2100225D
:1096D0000192F2F799FAF9F712FD019803992B4AD2
:1096E000885431E003982149405CC009002810D01B
:1096F000FFE703981D49405C0007C00F002808D011
:10970000FFE703981949405C4007C00F002810D0BC
:10971000FFE70399154A885C082318438854039986
:10972000885CFB23184088540399184A0320885406
:1097300004E00399154A05208854FFE704E00399E3
:10974000124A01208854FFE7039843210901405C35
:10975000002805D0FFE703990C4A01208854FFE751
:10976000039802F061F904B080BDC0461E040000F9
:10977000081D02401F04000082B0019001980349B7
:10978000415C68460170007802B070471404000024
:109790007047000010B584B003A900200880DB48A2
:1097A000C07EC009002801D0FFE782E04348444959
:1097B000405E002857D5FFE702A9002008800880F6
:1097C000FFE7002102A8405E0F284BD8FFE73D4885
:1097D0000088002202A9895EC840C00700283BD04B
:1097E000FFE7029A354836494252405A002808D1CC
:1097F000FFE7C64957200201885C022318438854BA
:10980000FFE72E480122930200210191C1542E4905
:1098100042522C4900918B78FD2423408B708B7829
:109820007F2423408B708B78BF2423408B708B78F0
:10983000F72423408B70224BC05E824008889043FF
:109840000880FFF7A5FF019820498870BA482321B6
:10985000C9004058804705E0FFE70298401C02A974
:109860000880AEE7FFE715481549405E002820D480
:10987000FFE716484078C007002813D1FFE703F040
:10988000A2FC014603A801800088002801D1FFE75F
:109890000FE00E4908784022104308700D484069D7
:1098A000804705E005480649405EF4F7BBFCFFE74A
:1098B000FFE704B010BDC04678000020BC170020B0
:1098C000020400008417002004040000D8090020CE
:1098D000AC0600204C00002080B584B00191014608
:1098E0000198039102A9088003980988F6F7F8F90E
:1098F00004B080BD80B582B001A908700220FBF7DA
:1099000039FAFAF745F802B080BD000080B582B0A0
:1099100089486821415E4018019031210091405CE6
:10992000401C0A21E7F70CF8009A0198815402B014
:1099300080BDC04680B50020FBF7CAFC80BD80B565
:109940000020FBF7C5FC80BD80B584B07A4801904B
:109950003321405CFDF78CFD0246019864215143A0
:1099600000913221405CFDF783FD00990346019888
:109970000A225A43891802913121405CFDF778FD93
:1099800001460298401803900398EB2860D1FFE746
:1099900069483621425C5D48B72149004254405C29
:1099A000042801D1FFE7FFE75848B7214900405C90
:1099B000002820D1FFE7604A3520135C5348FD2181
:1099C000490043543423D25CFF23FC33C254405C2F
:1099D00003280EDBFFE74D48FD214900405C0528C8
:1099E00007DCFFE74948FF21FC31405C022801DB2E
:1099F000FFE789E012E04548B7214900405C0128B3
:109A00000BD1FFE741484321C900411803200874E6
:109A100049483422805C4874FFE7FFE73B48B721A0
:109A20004900405C04280ED0FFE73848B7214900C0
:109A3000405C002807D0FFE73448B7214900405C6C
:109A4000012804D1FFE70020FBF7EAFBFFE75BE01A
:109A50000398ED2835D1FFE737483621405C0128CF
:109A600013D1FFE734483521405C01280DD1FFE7D1
:109A700031483421405C012807D1FFE72349244ABB
:109A800000208854FBF74CFD1AE02B483621405C3F
:109A9000032814D1FFE728483521405C02280ED165
:109AA000FFE725483421405C072808D1FFE7174924
:109AB000174A022088540020FBF732FDFFE7FFE73A
:109AC00021E00398FF21663188421BD1FFE71A4845
:109AD0003621405C002814D1FFE717483521405C4F
:109AE00000280ED1FFE714483421405C002808D13B
:109AF000FFE70649064A012088540020FBF710FDC5
:109B0000FFE7FFE7FFE7FFE704B080BD7800002034
:109B10001C04000080B582B00748019068210091C4
:109B2000425A521D4252405E0621E6F729FF009A32
:109B30000198815202B080BDAC06002082B001467F
:109B4000684601800021405E002803D1FFE7012024
:109B5000019054E000216846405E012803D1FFE7F0
:109B60000A2001904BE000216846405E022803D1A4
:109B7000FFE76420019042E000216846405E032830
:109B800004D1FFE77D20C000019038E00021684645
:109B9000405E042803D1FFE7B04801902FE0002188
:109BA0006846405E052803D1FFE7E348019026E0C0
:109BB00000216846405E062803D1FFE7DD4801909A
:109BC0001DE000216846405E072803D1FFE7D84822
:109BD000019014E000216846405E082803D1FFE7A9
:109BE000D24801900BE000216846405E092803D16D
:109BF000FFE7CD48019002E001200190FFE70198C6
:109C000002B0704782B00146684601800021405E84
:109C1000002803D1FFE70120019054E000216846AD
:109C2000405E012803D1FFE70A2001904BE00021AC
:109C30006846405E022803D1FFE76420019042E0BD
:109C400000216846405E032804D1FFE77D20C00064
:109C5000019038E000216846405E042803D1FFE708
:109C6000B64801902FE000216846405E052803D1E8
:109C7000FFE7B148019026E000216846405E0628D3
:109C800003D1FFE7AB4801901DE000216846405E2C
:109C9000072803D1FFE7A648019014E00021684699
:109CA000405E082803D1FFE7A04801900BE00021A7
:109CB0006846405E092803D1FFE79B48019002E017
:109CC00001200190FFE7019802B0704782B0014681
:109CD000684601800021405E002803D1FFE7012093
:109CE000019054E000216846405E012803D1FFE75F
:109CF0000A2001904BE000216846405E022803D113
:109D0000FFE76420019042E000216846405E03289E
:109D100004D1FFE77D20C000019038E000216846B3
:109D2000405E042803D1FFE7844801902FE0002122
:109D30006846405E052803D1FFE77F48019026E092
:109D400000216846405E062803D1FFE7794801906C
:109D50001DE000216846405E072803D1FFE77448F4
:109D6000019014E000216846405E082803D1FFE717
:109D70006E4801900BE000216846405E092803D13F
:109D8000FFE76948019002E001200190FFE7019898
:109D900002B0704782B00146684601800021405EF3
:109DA000002803D1FFE70120019054E0002168461C
:109DB000405E012803D1FFE70A2001904BE000211B
:109DC0006846405E022803D1FFE76420019042E02C
:109DD00000216846405E032804D1FFE77D20C000D3
:109DE000019038E000216846405E042803D1FFE777
:109DF000524801902FE000216846405E052803D1BB
:109E0000FFE74D48019026E000216846405E0628A5
:109E100003D1FFE7474801901DE000216846405EFE
:109E2000072803D1FFE74248019014E0002168466B
:109E3000405E082803D1FFE73C4801900BE0002179
:109E40006846405E092803D1FFE73748019002E0E9
:109E500001200190FFE7019802B070471027000031
:109E600082B00146684601800021405E002803D18F
:109E7000FFE70120019054E000216846405E012880
:109E800003D1FFE70A2001904BE000216846405EC5
:109E9000022803D1FFE76420019042E000216846D8
:109EA000405E032804D1FFE77D20C000019038E028
:109EB00000216846405E042803D1FFE71F48019057
:109EC0002FE000216846405E052803D1FFE71A48CD
:109ED000019026E000216846405E062803D1FFE796
:109EE000144801901DE000216846405E072803D118
:109EF000FFE70F48019014E000216846405E082803
:109F000003D1FFE7094801900BE000216846405E5D
:109F1000092803D1FFE70448019002E001200190E5
:109F2000FFE7019802B0704700CA9A3B00E1F505CF
:109F30008096980040420F00A08601001027000084
:109F400080B582B008484168084801900078884789
:109F500001980E4949690078884701980121F0F776
:109F600021FF02B080BDC046D40700205E1D002046
:109F700080B50648007BC007002802D1FFE700BF7C
:109F800003E00248006A8047FFE780BD0C0800201C
:109F900080B582B02348EBF709F801A908700F4893
:109FA00000880F490988884215DDFFE701980D49AF
:109FB0000A6810700868401C086009490888401C3D
:109FC0000880064800880988884203D1FFE7FFF728
:109FD000B7FFFFE700E0FFE702B080BD801F002071
:109FE0007E1F0020AC1F002080B582B00C48008886
:109FF000002810D0FFE76D480190006801780948FB
:10A00000EAF7DBFF01990868401C086004490888EA
:10A01000401E088002E0FFF7ABFFFFE702B080BD03
:10A02000821F00200002004080B582B00948416BC9
:10A03000044801900078884701980121F0F75EFFFD
:10A0400002B080BD5F1D002080B50248806B804754
:10A0500080BDC046D41B002080B582B02448EAF7FA
:10A06000A5FF01A908700F4800880F490988884298
:10A0700015DDFFE701980D490A6810700868401C5B
:10A08000086009490888401C08800648008809883B
:10A09000884203D1FFE7FFF7C7FFFFE700E0FFE7D4
:10A0A00002B080BD861F0020841F0020B41F002046
:10A0B00080B582B00C480088002810D0FFE70B481C
:10A0C0000190006801780A48EAF777FF019908686B
:10A0D000401C086004490888401E088002E0FFF721
:10A0E000B3FFFFE702B080BD881F0020B81F00202B
:10A0F0000040004080B502480121F0F7C3FF80BD59
:10A1000080240020704781B06946088001B0704704
:10A1100080B582B001208007F4F71AFF01A908700A
:10A120001148008811490988884215DDFFE7019828
:10A130000F490A6810700868401C08600B490888BD
:10A14000401C0880084800880988884203D1FFE73E
:10A15000FFF7D0FFFFE704E001A80078FFF7D3FF87
:10A16000FFE702B080BDC0468C1F00208A1F002080
:10A17000BC1F002080B50C480088002810D0FFE7E5
:10A180000A480068017801208007F4F7E8FE0849D2
:10A190000868401C086004490888401E088002E0E6
:10A1A000FFF7B0FFFFE780BD8E1F0020B01F00202B
:10A1B000C01F002080B582B00B4801210191090227
:10A1C00041580A4800900078884700980849C969B2
:10A1D000007888470098007802F0F8FF009801990D
:10A1E000F0F774FF02B080BDD80900208124002060
:10A1F000E4070020704781B06946088001B07047CD
:10A2000080B582B02648F4F7A3FE01A90870114872
:10A21000008811490988884215DDFFE701980F4938
:10A220000A6810700868401C08600B490888401CC8
:10A230000880084800880988884203D1FFE7FFF7B3
:10A24000B9FFFFE704E001A80078FFF7D4FFFFE7BC
:10A2500002B080BD921F0020901F0020C41F00206C
:10A2600080B582B00C480088002810D0FFE70B486A
:10A270000190006801780A48F4F771FE01990868B6
:10A28000401C086004490888401E088002E0FFF76F
:10A29000B1FFFFE702B080BD941F0020C81F00205F
:10A2A0000001004080B502480121F0F7B5FF80BDF4
:10A2B00082240020704781B06946088001B0704751
:10A2C00080B582B02648F4F743FE01A90870114812
:10A2D000008811490988884215DDFFE701980F4978
:10A2E0000A6810700868401C08600B490888401C08
:10A2F0000880084800880988884203D1FFE7FFF7F3
:10A30000D1FFFFE704E001A80078FFF7D4FFFFE7E3
:10A3100002B080BD981F0020961F0020CC1F002097
:10A3200080B582B00C480088002810D0FFE70B48A9
:10A330000190006801780A48F4F711FE0199086855
:10A34000401C086004490888401E088002E0FFF7AE
:10A35000B1FFFFE702B080BD9A1F0020D01F002090
:10A360000060004080B502480121F0F779FF80BD10
:10A3700083240020704781B06946088001B070478F
:10A3800080B582B02648F4F7E3FD01A908701148B2
:10A39000008811490988884215DDFFE701980F49B7
:10A3A0000A6810700868401C08600B490888401C47
:10A3B0000880084800880988884203D1FFE7FFF732
:10A3C000D1FFFFE704E001A80078FFF7D4FFFFE723
:10A3D00002B080BD9E1F00209C1F0020D41F0020C3
:10A3E00080B582B00C480088002810D0FFE70B48E9
:10A3F0000190006801780A48F4F7B1FD01990868F6
:10A40000401C086004490888401E088002E0FFF7ED
:10A41000B1FFFFE702B080BDA01F0020D81F0020C1
:10A420000064004080B582B00190684601800B490D
:10A430000B69019902880320C001984702B080BDD2
:10A4400080B582B001906846018004490B6901998A
:10A450000288D020984702B080BDC0460C00002082
:10A46000B0B5A2B02190FA48007EC007002800D005
:10A47000C8E3F8484168F64841221201801888472D
:10A48000002806D1FFE7F248F349405C002835D1A7
:10A49000FFE7EF48412109014018082100F0B0FE14
:10A4A00000282AD1FFE7EA48412109014018C17973
:10A4B0001D910721E9F73CF801461D98884210D00C
:10A4C000FFE7E349412002018B18242098711024F2
:10A4D0005C711871172098702020587030208854B3
:10A4E000FFE7DB484121090140181C90F1F730F8E3
:10A4F0001C98D84989688847FFE7FFE7D448FF21BF
:10A50000890040180C2100F097FE002819D1FFE7C0
:10A51000CF48FF2189004018C17A1B910B21E9F730
:10A5200007F801461B9888420AD0FFE7C848FF2178
:10A530008900012252024252411800204880FFE760
:10A54000FFE7C348EB2189004018202100F066FE98
:10A5500000281ED1FFE7BE48EB2189004018417F4B
:10A560001A911D21E8F7E4FF01461A9888420FD09E
:10A57000FFE7B749EB208200002019908850891826
:10A58000C861886148610861C86088604860FFE709
:10A59000FFE7AF48172109014018482100F0A6FD48
:10A5A000002830D1FFE7AA48FF21B631415C18915D
:10A5B0001721090140184521E8F7BAFF014618980C
:10A5C00088421FD0FFE7A2481790172109014018C1
:10A5D00016904821E5F747FE169B17990020186250
:10A5E0009E4A5A629E4A9A629E4ADA629E4A1A635A
:10A5F0009E4A5A639E4A9A639E4ADA636D2292008B
:10A600008854FFE7FFE792482321090140189C2165
:10A6100000F098FC00284ED1FFE78D489649415C38
:10A6200015912321090140189921E8F781FF01467E
:10A63000159888423ED0FFE785482321090140183C
:10A640009C21E5F710FE20A900200880FFE70021EB
:10A6500020A8405E132817DCFFE7002220A98C5EAB
:10A660006423634364337A4823252D014019640031
:10A670000353895E8900411880488862FFE720986B
:10A68000401C20A90880E2E771497D4A0A208854CD
:10A690007C4A022088540B208201632088527A4A27
:10A6A00096208852AF208200744888505722D200EA
:10A6B0008850FFE7FFE76648812189004018142190
:10A6C00000F082FD00281AD1FFE76148812189004E
:10A6D0004018C17C14911321E8F72AFF0146149811
:10A6E00088420BD0FFE75A49812082000020885021
:10A6F00089180861C86088604860FFE7FFE7544830
:10A7000062494018352100F055FC00281FD1FFE7B1
:10A710004F489921C900415C13915C49401834218C
:10A72000E8F706FF0146139888420FD0FFE7484834
:10A730001290564940185649E5F7EDFD12989521BB
:10A74000C90040185349E5F7E6FDFFE7FFE7404839
:10A750004D2109014018912100F01EFC00282DD147
:10A76000FFE73B482B214901415C11914D21090133
:10A7700040189021E8F7DCFE0146119888421CD071
:10A78000FFE7334810904D21090140184249E5F791
:10A79000C2FD1098414940184149E5F7BCFD1098A9
:10A7A0009F21C90040184421E5F75DFD10983D49FF
:10A7B00040182421E5F757FDFFE7FFE72448212152
:10A7C000490140181C2100F071FC002828D1FFE746
:10A7D0001F48212149014018017E0F911821E8F7F7
:10A7E000A7FE01460F98884219D0FFE7184B212099
:10A7F000440100200D90185119190E91886148618B
:10A800000861C860886048607D22D2001A51886063
:10A810002548C860642008610A204860FFE7FFE718
:10A82000FD482D2109014018102100F099FB002856
:10A830004BD1FFE7F8482D2109014018017B0C910D
:10A840000C21E8F775FE01460C9888423CD02DE0BB
:10A85000780000208C0600201604000007B20100DA
:10A860000E640300151605001CC80600237A0800B4
:10A870002A2C0A0031DE0B00C90200000000464409
:10A88000C7020000C6020000C202000094040000DB
:10A8900065E601003CE6010053E60100E404000027
:10A8A0005CE601003C05000020A10700DA482D21EC
:10A8B0000901002242524118642048800A20486061
:10A8C000088104204881FFE7FFE7D348BF218900C2
:10A8D0004018142100F0DAFB00281AD1FFE7CE4817
:10A8E000BF2189004018817C0B911221E8F720FEDE
:10A8F00001460B9888420BD0FFE7C749BF20820072
:10A9000000208850891888604860C8600882FFE786
:10A91000FFE7C148B92189004018142100F0A8FBC5
:10A9200000281FD1FFE7BC48B92189004018017CED
:10A930000A911021E8F7FCFD01460A98884210D0E0
:10A94000FFE7B549BF20820088188B58B9229200D2
:10A950008B50891882688A6042684A60C068C86003
:10A96000FFE7FFE7AC48C521890040181C2100F033
:10A97000C7F9002820D1FFE7A748C5218900401862
:10A98000017E09911821E8F7D3FD01460998884214
:10A9900011D0FFE7A049C5208200A048885289183D
:10A9A0004880C88088807D20400108819C4848817B
:10A9B00000204861FFE7FFE797483D210901401863
:10A9C0001C21FFF73DFD00281CD1FFE792483D21E7
:10A9D00009014018817E08911A21E8F7A9FD014676
:10A9E000089888420DD0FFE78B493D2002010020E6
:10A9F00088508918886148610861C860886048602B
:10AA0000FFE7FFE78448112189014018102100F079
:10AA1000CDFB00281FD1FFE77F4811218901401895
:10AA2000017B07910C21E8F783FD014607988842D6
:10AA300010D0FFE77849112082010020885489183E
:10AA400048702D2252014A8019220A713C22CA8084
:10AA50008860FFE7FFE770483F210901401808219F
:10AA600000F040F900281DD1FFE76B483F210901A4
:10AA70004018C17906910721E8F75AFD014606986A
:10AA800088420ED0FFE71EA90020887188806548A3
:10AA90001E9061483F22120180180722E5F7BCFB97
:10AAA000FFE7FFE75C48604940183A21FFF7BAFC2E
:10AAB000002816D1FFE758485C49415C05915A4986
:10AAC00040183921E8F734FD01460598884207D03F
:10AAD000FFE75148544940183A21E5F7C4FBFFE726
:10AAE000FFE74D48AD21C90040180C2100F046FA9F
:10AAF000002818D1FFE74848AD21C9004018C17AA5
:10AB000004910B21E8F714FD01460498884209D00E
:10AB1000FFE74149AD20C2000020885089188860B5
:10AB20004860FFE7FFE73C48CD21890040181A2123
:10AB300000F05CFA00281CD1FFE73748CD218900DE
:10AB40004018417E03911921E8F7F2FC0146039871
:10AB500088420DD0FFE73049CD2082000020885088
:10AB60008918088348610861C86088604860FFE709
:10AB7000FFE72948D52189004018332100F0CEF89D
:10AB8000002818D1FFE724482949415C0291D521CA
:10AB9000890040183221E8F7CBFC01460298884230
:10ABA00008D0FFE71C48D521890040183321E5F77C
:10ABB0005AFBFFE7FFE71848E321890040181A21F4
:10ABC00000F010FB00281CD1FFE71348E3218900A7
:10ABD0004018417E01911921E8F7AAFC014601982D
:10ABE00088420DD0FFE70C49E32082000020885006
:10ABF0008918088348610861C86088604860FFE779
:10AC0000FFE707E004496D20820000208854094ACC
:10AC10008854FFE722B0B0BD780000201027000064
:10AC2000204E000061050100540400008D04000066
:10AC3000860300001602000080B588B006A9002037
:10AC400008700790FFE7079807283BDCFFE72248DA
:10AC500002900621059101220392F0F7D5FF059895
:10AC600002F0A0FA05991D4800220192F0F7CCFFEE
:10AC7000019A02980599F0F7C7FF0320049002F0AB
:10AC800091FA0298039A0599F0F7BEFF049802F032
:10AC900089FA059906AA1078400810701048E9F75B
:10ACA00053FB002806D0FFE706988021084306A939
:10ACB0000870FFE7432002F075FAFFE70798401C91
:10ACC0000790C0E7044806210122F0F79DFF06A87F
:10ACD000007808B080BDC046800D0240880D02405B
:10ACE000840D024080B582B0019068460180EE4933
:10ACF0000B6901990288F020984702B080BDC046D8
:10AD000080B582B0019068460180EF490B690199D6
:10AD1000028809204001984702B080BD80B582B00A
:10AD2000019068460180F0490B6901990288192059
:10AD30008001984702B080BD80B592B010AB1880FA
:10AD40000F910EA802800F980B907B480E210122D4
:10AD5000F0F75AFFE9F7C8FDF7F74CF800281AD1C9
:10AD6000FFE775480E2101220A92F0F74DFF734864
:10AD700005210022F0F748FF0A9A714809900A213C
:10AD8000F0F742FF09980A9A0B21F0F73DFF0A9865
:10AD900011A90870CCE010A800880721090208401A
:10ADA000C009A0300CA908700DA900200870FFE7A9
:10ADB00000210DA84056032818DCFFE7E9F7C2FD83
:10ADC00000210CA84056E9F71DFD002801D1FFE73E
:10ADD0000CE0E9F7DFFDE9F7DDFD0120F7F770FD95
:10ADE000FFE70D98401C0DA90870E1E700210DA8B0
:10ADF000405604281ADBFFE74F480E210122089233
:10AE0000F0F702FF4D4805210022F0F7FDFE089AF9
:10AE10004B4807900A21F0F7F7FE0798089A0B2194
:10AE2000F0F7F2FE089811A9087081E0002110A83F
:10AE30004056E9F7E7FC01281AD1FFE73E480E210A
:10AE400001220692F0F7E0FE3C4805210022F0F7CF
:10AE5000DBFE069A3A4805900A21F0F7D5FE0598E0
:10AE6000069A0B21F0F7D0FE069811A908705FE052
:10AE7000E9F768FD0C98401C40B2E9F7C3FC0128D3
:10AE80001AD1FFE72C480E2101220492F0F7BCFEF4
:10AE90002A4805210022F0F7B7FE049A28480390BB
:10AEA0000A21F0F7B1FE0398049A0B21F0F7ACFEEB
:10AEB000049811A908703BE0FFE70EAA1088411E14
:10AEC0001180002813D0FFE7E9F762FC0B994A1CB8
:10AED0000B9208700EA80088002803D0FFE7E9F75E
:10AEE00035FCFFE71098401C10A90880E5E7E9F75A
:10AEF0000DFDE9F74FFDE9F7F7FC0F480E210122A0
:10AF00000192F0F781FE0D48052100220292F0F730
:10AF10007BFE019A0A4800900A21F0F775FE00981E
:10AF2000019A0B21F0F770FE029811A90870FFE753
:10AF300011A8007812B080BD081D0240C80D024063
:10AF4000400D024080B582B0019068460180C14941
:10AF50000B690199028805200002984702B080BD64
:10AF600080B582B0019068460180BA490B690199A9
:10AF7000028843200001984702B080BD80B582B0AE
:10AF8000019068460180B3490B690199028803204A
:10AF90004002984702B080BD80B582B001906846FB
:10AFA0000180AC490B690199028871200001984722
:10AFB00002B080BD80B582B0019068460180A5498D
:10AFC0000B690199028841200001984702B080BDB9
:10AFD00080B582B00190684601809E490B69019955
:10AFE00002880F204001984702B080BD80B582B032
:10AFF00001906846018097490B69019902883120C8
:10B000004001984702B080BD10B588B00A9C0790F7
:10B0100006910592049303A90291002008700798F5
:10B020000699059A049B0A9C0094F4F79FF9029AEA
:10B030004342014659411170002801D1FFE711E058
:10B0400007980699059A049B0A9C0094F7F73EFA24
:10B0500042420146514103AA1170002801D1FFE785
:10B06000FFE7FFE703A800784142484108B010BD60
:10B0700080B582B001906846018076490B690199DC
:10B08000028813208001984702B080BD80B582B04D
:10B090000190684601806F490B6901990288092077
:10B0A000C001984702B080BD0C00002080B582B07E
:10B0B00001906846018067490B6901990288372031
:10B0C0004001984702B080BD0C00002080B582B0DE
:10B0D0000190684601805F490B690199028811203F
:10B0E0000001984702B080BD0C00002080B582B0FE
:10B0F00001906846018057490B6901990288302008
:10B10000984702B080BDC04680B58AB008900791CC
:10B11000002006900898029002F012FC002804D04B
:10B12000FFE709A9012008703BE0CC2002F014FAE7
:10B13000BE2002F011FA00200690FFE706980828CA
:10B140000ADCFFE7FFF778FD069A03A98854FFE7BA
:10B150000698401C0690F1E703A8017A01910821A6
:10B16000F6F702FE01460198884216D1FFE700205B
:10B170000690FFE70698079988420AD2FFE7069AE9
:10B1800003A8805C02998854FFE70698401C06904B
:10B19000F0E709A90020087003E009A90120087060
:10B1A000FFE7002109A840560AB080BD80B582B0F3
:10B1B00001906846018027490B6901990288C020E7
:10B1C000984702B080BDC04680B582B00190684605
:10B1D000018020490B6901990288A020984702B09C
:10B1E00080BDC04680B582B0019068460180194993
:10B1F0000B69019902880D20C001984702B080BDFB
:10B2000080B582B001906846018012490B690199AE
:10B2100002882020984702B080BDC04680B582B029
:10B220000190684601800B490B69019902885D20F5
:10B230000001984702B080BD80B582B00190684699
:10B24000018004490B690199028801200002984796
:10B2500002B080BD0C000020F0B599B018A90870AC
:10B260004F4B87204400185D2C22114641434D4826
:10B2700046182921755C6D1C75541B5D5A43801856
:10B28000405C3C281CDBFFE7454A87204300D05C3C
:10B290002C210C464443434805192826AC5D641C08
:10B2A000AC55D55C0C466C430519AC5D01273C40A0
:10B2B000AC55D25C51434118292200208854FFE745
:10B2C00018A816900078F8F75DFA16980078F9F744
:10B2D0006FFA354880781790062800D998E21798B9
:10B2E000810001A04058874605B30100B1B30100B9
:10B2F000DDB40100AFB5010035B60100FFB60100B5
:10B3000083B70100264C15946421605CFE22104036
:10B31000605431200A211391215424481190006B6C
:10B3200000221492805EE5F72BFB149A11980B46CD
:10B33000139932256355006B805EE5F721FB139965
:10B34000E5F71EFB159A084613993323D05434238E
:10B350001F20D0541448129000690078E5F7F0FAE5
:10B36000159B12980A46139935241A5500690078DE
:10B37000E5F7E6FA1399E5F7E3FA14980A46159902
:10B380003623CA5437232022CA543823CA543923B7
:10B39000CA543A23CA543B228854F8F7F9FA37E2E0
:10B3A000AC06002038080020D809002084170020AF
:10B3B000FE496422885CFE2318408854FC4880784B
:10B3C000C00900281BD0FFE7F94880784006C00F6D
:10B3D000002814D0FFE7F54931200C230B5432200C
:10B3E0001D220A5433240520085534240B553523D7
:10B3F000CA54362288543B22002088546BE0EC4823
:10B400008078C00900281BD1FFE7E9488078400612
:10B41000C00F002814D1FFE7E449312001230B5469
:10B4200032200A220A5433240F20085534240B55A5
:10B430003523CA54362288543B220020885449E0E0
:10B44000F8488078C00900281ED0FFE7F5488078CA
:10B450004006C00F002817D1FFE7EE4931220C202B
:10B46000885432221D2088543322052088543422E7
:10B470000120885435220A20885436220F2088540F
:10B480003B220020885424E0E6488078C009002848
:10B490001ED1FFE7E34880784006C00F002817D090
:10B4A000FFE7DC4931220120885432220A208854E7
:10B4B00033220F20885434220C20885435221D203A
:10B4C00088543622052088543B2200208854FFE708
:10B4D000FFE7FFE7FFE7F8F75BFA99E1CD49109145
:10B4E0003122052088543222192088543322112019
:10B4F000885434221F208854C7480E900069007871
:10B500000A210F91E5F71CFA109B0E980A460F9935
:10B5100035241A5500690078E5F712FA0F99E5F716
:10B520000FFA08461099362288543B22002088548E
:10B53000BB4857210901405CC007002807D1FFE73D
:10B54000B4496422885C01231843885406E0B14959
:10B550006422885CFE2318408854FFE7AD486822C7
:10B56000002181527421425A521C4252405E0628E8
:10B570001ADBFFE7A7487422002181526421405C56
:10B580008007C00F002807D0FFE7A2496422885C2B
:10B59000FD231840885406E09E496422885C0223FB
:10B5A00018438854FFE7FFE7F8F7F2F930E1994CC8
:10B5B0000D946421605CFE221040605496480B900C
:10B5C00096210A91405C0A210C91E5F7B9F90A9A93
:10B5D0000B980B460C9931256355805CE5F7B0F963
:10B5E0000C99E5F7ADF90D9B0B980A460C9932249E
:10B5F0001A5533241B221A5534241F221A55006968
:10B600000078E5F79DF90D9B0B980A460C993524B7
:10B610001A5500690078E5F793F90C99E5F790F968
:10B6200008460D99362288543B2200208854F8F7AA
:10B63000AFF9EDE0774931221E20885432221120E3
:10B640008854F648C0307549E4F718FE002805D044
:10B65000FFE7704933220420885404E06D49332207
:10B6600002208854FFE76B49099134221F20885437
:10B67000EA480790006900780A210891E5F760F927
:10B68000099B07980A46089935241A5500690078DD
:10B69000E5F756F90899E5F753F9099836228154E8
:10B6A0003B22002181546423C25C01242243C25402
:10B6B000682281527421425A521C4252405E0A282A
:10B6C0001ADBFFE753487422002181526421405C59
:10B6D0008007C00F002807D0FFE74E496422885C2E
:10B6E000FD231840885406E04A496422885C0223FE
:10B6F00018438854FFE7FFE7F8F74AF988E045491F
:10B700006422885CFE231840885431220520885426
:10B71000322211208854C148C0304049E4F7AEFDC0
:10B72000002805D0FFE73B4933220420885404E079
:10B730003849332202208854FFE7364906913422E3
:10B740001F208854B5480490006900780A210591AB
:10B75000E5F7F6F8069B04980A46059935241A552C
:10B7600000690078E5F7ECF80599E5F7E9F808468F
:10B770000699362288543B2200208854F8F708F9AD
:10B7800046E024496422885CFE2318408854312214
:10B790001B208854322211208854A048C0301F49F1
:10B7A000E4F76CFD00280AD004E0C046AC06002097
:10B7B00084170020174933220420885404E01549D7
:10B7C000332202208854FFE71249039134221F20BC
:10B7D000885492480190006900780A210291E5F7A7
:10B7E000AFF8039B01980A46029935241A5500695F
:10B7F0000078E5F7A5F80299E5F7A2F8084603995D
:10B80000362288543B2200208854F8F7C1F8FFE71D
:10B8100019B0F0BDAC060020D80900204DEC0100A5
:10B82000780000208417002080B582B00190019834
:10B830008F49405C8006C00F002811D1FFE70199B5
:10B840008B4A885C7F23184088540198304A8021B5
:10B8500002F0F4F801994222084601F087F954E019
:10B860000198F521890041184022FDF739FD002893
:10B8700028D0FFE70198F521890040182649E4F710
:10B88000FDFC002807D0FFE70199794A885C022374
:10B890001843885415E00198F521890040181F4984
:10B8A000E4F7ECFC00280BD0FFE70199194A0420CB
:10B8B000885001996E4A885C802318438854FFE7BA
:10B8C000FFE721E0019813494058002815DCFFE705
:10B8D00001986749405CC009002804D0FFE701983F
:10B8E000F3F73EFF08E00198FCF7F4FA01994320D2
:10B8F000020102208854FFE705E00199054A8858B3
:10B90000401E8850FFE7FFE7FFE702B080BDC0465A
:10B91000CEED0100240400001EEE01002AEE01001D
:10B9200080B53D49054A002088529320C000081880
:10B93000086101218902E4F796FC80BD98080000A7
:10B9400080B584B03448C07A0390032861D8039846
:10B95000810001A04058874669B9010081B9010002
:10B96000CFB90100EBB90100FDF7E2FDFFF7D8FF09
:10B970002949C87A401CC87228491E20488148E0DD
:10B980002848F6F70BFB00280DD0FFE724480421D8
:10B9900000220292F0F738F902981F49C87203207A
:10B9A000FCF700FA12E01D48408900280DD1FFE79E
:10B9B0001B48042100220192F0F726F9019816494C
:10B9C000C8720320FCF7EEF9FFE7FFE721E0144817
:10B9D000032100910122F0F717F900980F494881DF
:10B9E0000D49C87A401CC87213E00C4840890028F1
:10B9F0000ED1FFE70A4803210022F0F705F90649B6
:10BA00000120C872FFF78CFF04491E204881FFE720
:10BA1000FFE704B080BDC046E00A0020D80900203E
:10BA2000081D024014E9010081B000900099104AFD
:10BA3000885CDF23184088540099212042010020AF
:10BA4000885400998522D20088500099094A88506C
:10BA50000099094A885200999122920088500099D1
:10BA60004922D20088500099C022885401B0704702
:10BA70001E0400002C0400001C04000081B00146DC
:10BA800068460170007801090848405C0001C0B2B6
:10BA900001B0704781B001466846017002780F21FD
:10BAA0000A400248805C084001B07047C21B002079
:10BAB00080B582B0019068460180A549CB680199A4
:10BAC00002880320C001984702B080BD80B582B0D3
:10BAD0000190684601809E49CB6801990288D02078
:10BAE000984702B080BDC04680B582B001906846DC
:10BAF00001809749CB6801990288F020984702B0ED
:10BB000080BDC04680B582B00190684601809049F2
:10BB1000CB680199028809204001984702B080BD96
:10BB200080B582B00190684601808949CB6801994F
:10BB3000028819208001984702B080BD80B582B08C
:10BB40000190684601808249CB68019902880520EE
:10BB50000002984702B080BD80B582B0019068466F
:10BB600001807B49CB6801990288432000019847F6
:10BB700002B080BD80B582B00190684601807449F2
:10BB8000CB680199028803204002984702B080BD2B
:10BB900080B582B00190684601806D49CB680199FB
:10BBA000028871200001984702B080BD80B582B044
:10BBB0000190684601806649CB680199028841205E
:10BBC0000001984702B080BD80B582B0074894302C
:10BBD00001900621E7F76FFD019988715C48C36801
:10BBE0000F2040010822984702B080BDE0200020CD
:10BBF00080B582B00190684601805549CB680199B3
:10BC0000028831204001984702B080BD80B582B0E3
:10BC10000190684601804E49CB6801990288132043
:10BC20008001984702B080BD80B582B0019068461F
:10BC300001804749CB68019902880920C0019847D3
:10BC400002B080BD80B582B0019068460180404955
:10BC5000CB680199028837204001984702B080BD27
:10BC600080B582B00848E1214900401801900221C6
:10BC7000E7F7ACFC019988703548C36811200001D2
:10BC80000322984702B080BD7C21002080B582B09D
:10BC90000190684601802E49CB68019902883020C6
:10BCA000984702B080BDC04680B582B0019068461A
:10BCB00001802749CB6801990288C020984702B0CB
:10BCC00080BDC04680B582B00190684601802049A1
:10BCD000CB6801990288A020984702B080BDC04679
:10BCE00080B582B00190684601801949CB680199FE
:10BCF00002880D20C001984702B080BD80B582B097
:10BD00000190684601801249CB6801990288202081
:10BD1000984702B080BDC04680B582B001906846A9
:10BD200001800B49CB68019902885D20000198478A
:10BD300002B080BD80B582B00190684601800449A0
:10BD4000CB680199028801200002984702B080BDAB
:10BD50000C00002080B586B004AB187003A80170F9
:10BD600002A80280029801A90880D9488022805C3C
:10BD70000988884203DAFFE70020059057E0FFE7D3
:10BD8000D3488021405C01A9098888424CDBFFE749
:10BD9000CF484021405C04A9097888420CD0FFE7D5
:10BDA000CB4980200A5C521E0A540A5C0846403087
:10BDB0004131E4F731FAE3E7C5484121405C03A98A
:10BDC000097888420CD0FFE7F04980200A5C521EB7
:10BDD0000A540A5C084640304131E4F71DFACFE7C7
:10BDE00001A80188E94840300A18521E1278120250
:10BDF000891E435CD218009289B2F9F7FFFE014612
:10BE0000009888420CD0FFE7F04980200A5C521E5F
:10BE10000A540A5C084640304131E4F7FDF9AFE7C7
:10BE2000EA484030059002E000200590FFE70598C1
:10BE300006B080BD80B584B013460A46014603A80B
:10BE4000017002A90A7001AA138072B600780978FD
:10BE50001288FFF77FFF009062B6009804B080BDA3
:10BE6000B0B5E84A8C200021115410468C30417046
:10BE70008624135DFD252B4013558823D15200F0F5
:10BE800011FDD34901200871B0BDC04680B584B012
:10BE9000009101460098039102A9088003980022AE
:10BEA0000192895EE6F7CCFF019903A8405E04B0D9
:10BEB00080BD80B5F7F70AF980BD80B5F8F790FF2F
:10BEC00080BD000080B582B001900199C878000261
:10BED00009794018F0498881019A507900029279D5
:10BEE0008018488100F03EF802B080BD80B5E94A74
:10BEF0008220105C8121515C8423D25AFFF79AFF83
:10BF000080BDC04680B5F2488821425A521C425238
:10BF1000405E022803DBFFE700F024F809E0EC496B
:10BF20008622885CFD23184088548A22002088528B
:10BF3000FFE780BD80B584B0F248802200210391E4
:10BF4000815440304021E4F78EF903980A21019191
:10BF50000090012003220223114600F041FB04B0AF
:10BF600080BDC04610B581B0E64A8C20115C6846A1
:10BF700001708623D15CFD242140D1548823002107
:10BF8000D1528A23D152007807280ADCFFE768469D
:10BF9000007814214143EB48411891220020885435
:10BFA000FFE7F4498C220020885401B010BDC04640
:10BFB00084B080B582B0079306920591049004A8DE
:10BFC0000090EC4813210901405A012801DBFFE7EA
:10BFD00034E0F5488621405C8007C00F002808D176
:10BFE000FFE7009802781421514340188068804789
:10BFF00024E0ED488A21405E012808DCFFE7009834
:10C000000278142151434018C068804715E0009819
:10C01000027814215143401800698047019001982B
:10C02000002809D0FFE700980278142151434018F6
:10C03000416901988847FFE7FFE7FFE702B080BC4E
:10C0400001BC04B08646704780B582B00190FFF70E
:10C0500089FF02B080BD000080B5E44A8220105CF8
:10C060008121515C8423D25AFFF7E4FE80BDC04693
:10C0700080B5DE488821425A521C4252405E022856
:10C0800003DBFFE7FFF76EFF09E0D8498622885CF3
:10C09000FD23184088548A2200208852FFE780BD83
:10C0A00080B582B0D14880220021815440304021A7
:10C0B000E4F7D9F80A200190CB481030009006210F
:10C0C00002220123184600F08BFA02B080BDC04660
:10C0D0004823002080B584B003900398C07802A95B
:10C0E000487003980079087003984079C8700398E5
:10C0F00080798870029801900198E4F7F1FB1B4A5F
:10C100001B4BE4F75FFB002803D1FFE70020019001
:10C11000FFE70198E84988610398C07A02A948704E
:10C120000398007B08700398407BC8700398807B5D
:10C130008870029801900198E4F7D2FB0B4A0C4BEF
:10C14000E4F740FB002803D1FFE700200190FFE760
:10C150000198EF490091C861FFF704FF0099087D3D
:10C16000F7221040087504B080BDC046FCA9F1D28A
:10C170004D62503F80B5F34A8220105C8121515CB2
:10C180008423D25AFFF756FE80BDC04648230020C4
:10C1900080B5EC488821425A521C4252405E022827
:10C1A00008DBFFE7FFF7DEFED949087D08221043D0
:10C1B000087509E0F4498622885CFD2318408854FC
:10C1C0008A2200208852FFE780BDC0464823002015
:10C1D000D41B002080B584B0EB488022002103915D
:10C1E000815440304021E4F73EF803980A21019140
:10C1F00000907F200421044A062300F0F1F904B0E6
:10C2000080BDC046482300200B0A000080B582B0E4
:10C210000190FFF7A7FE02B080BD000080B5EF4A95
:10C220008220105C8121515C8423D25AFFF702FEE8
:10C2300080BDC04680B5E9488821425A521C42520E
:10C24000405E022803DBFFE7FFF78CFE09E0E349CD
:10C250008622885CFD23184088548A220020885258
:10C26000FFE780BD80B582B0DC4880220021815488
:10C2700040304021E3F7F7FF0A200190A448203026
:10C2800000907F201021054A012300F0A9F902B097
:10C2900080BDC04648230020D41B0020522000004F
:10C2A00080B582B00190FFF75DFE062000221146A6
:10C2B00000F06EFA02B080BD80B5C84A8220105CE2
:10C2C0008121515C8423D25AFFF7B4FD80BDC04662
:10C2D0004823002080B5C1488821425A521C42524E
:10C2E000405E022803DBFFE7FFF73CFE09E0BB49A5
:10C2F0008622885CFD23184088548A2200208852B8
:10C30000FFE780BD4823002080B584B08048828C40
:10C3100003A902910A80C08C4880B0488022002185
:10C32000815440304021E3F79EFF02980A21019199
:10C3300000907F201021044A022300F051F904B03C
:10C3400080BDC046482300204A20000080B582B04E
:10C350000190FFF707FE02B080BD000080B59F4A44
:10C360008220105C8121515C8423D25AFFF762FD48
:10C3700080BDC0464823002080B598488821425A95
:10C38000521C4252405E022803DBFFE7FFF7EAFD42
:10C3900009E092498622885CFD23184088548A224D
:10C3A00000208852FFE780BD4823002080B584B07C
:10C3B0005748028D03A902910A80408D4880F348B6
:10C3C00080220021815440304021E3F74CFF029845
:10C3D0000A21019100907F201021054A022300F0DC
:10C3E000FFF804B080BDC046D41B002048230020C5
:10C3F0004820000083B080B587B002900B930A926A
:10C40000099109A80390407805A9087006A90020A1
:10C410000880FFE706A80088072820DCFFE70598CA
:10C42000069941180720014004A8017000780028EF
:10C4300001D1FFE70EE0039804A9097800F0D6FDCA
:10C44000002806D0FFE703990298A422E3F7E4FE50
:10C4500015E0FFE70698401C06A90880DAE7C0202F
:10C46000052100220192E8F7D9F8FFF722FD019A91
:10C47000029803994A70A422E3F7CEFEFFE707B0C3
:10C4800080BC01BC03B086467047000080B582B016
:10C4900001900199C878000209794018FA49009181
:10C4A000C885FFF75FFD00992C22885CFE231840A9
:10C4B000885402B080BDC046D41B002080B5F14A2C
:10C4C0008220105C8121515C8423D25AFFF7B2FC98
:10C4D00080BDC04680B5EB488821425A521C42526A
:10C4E000405E022809DBFFE7FFF73CFDE6492C220E
:10C4F000885C01231843885409E0E2498622885C5D
:10C50000FD23184088548A2200208852FFE780BD0E
:10C51000D41B002080B584B0DA488022002103912A
:10C52000815440304021E3F79EFE03980A21019197
:10C53000009001231A020321184600F051F804B0BC
:10C5400080BDC0464823002082B001466846017085
:10C550000078012810DBFFE76846007807280BDC2D
:10C56000FFE76846007814214143C64840189121EE
:10C57000405C01A9087003E001A900200870FFE7F2
:10C5800001A8007802B070474823002010B582B09F
:10C5900001A90870BB488621405C8007C00F0028B5
:10C5A0001AD0FFE7B7488021405C402809D3FFE755
:10C5B000B44880220021815440304021E3F753FEEB
:10C5C000FFE70198AF4980228B5CCB1840241855B7
:10C5D000885C401C8854FFE702B010BD482300204F
:10C5E000F0B58DB01446139A129D0CAD28700BA8AF
:10C5F00001700AA90C8009AC238008AB1A8007AD32
:10C60000039500232B8006AA138004AA13800C9C98
:10C61000FE4A82269455EE5E771C2F8094550B9C23
:10C6200081269455EE5E771C2F8094554978EC5EF8
:10C63000661C2E8011550A99EB5E5C1C2C80D1542F
:10C640000078032805D0FFE70BA80078042814D150
:10C65000FFE709A84078002207ACA35E591C21809F
:10C66000EA49C8540998A25E531C2380885409984B
:10C670004000401C04A908805CE00BA80078062854
:10C6800013D1FFE712984078002207ACA35E591C33
:10C690002180DE49C85412980078A25E531C238082
:10C6A000885404A90420088043E00BA800781028CF
:10C6B0003ED1FFE709A84178002007AD2B5E5A1C48
:10C6C0002A80D24AD15409992B5E5C1C2C80D1540B
:10C6D000099949002B5E5C1C2C80D15406A9088066
:10C6E000FFE7002206A8805E09A9895E88421BDA5E
:10C6F000FFE71298002206AB995E49004018407887
:10C7000007ACA55E691C2180F149485512989B5ED3
:10C710005B00C05CA25E531C23808854FFE7069830
:10C72000401C06A90880DCE704A904200880FFE774
:10C73000FFE7FFE70498011DE5480290842281523B
:10C7400007A901910988F9F759FA01990246029857
:10C7500005AB1A80059C00228D5E6E1C0E80445530
:10C760005B788C5E651C0D8003558023C25409885C
:10C7700000F0B4F9029908988A2288528622885CCF
:10C780000223184388540DB0F0BDC0464823002052
:10C7900010B584B0034602A803700191009200789E
:10C7A00001283FDBFFE702A8007807283ADCFFE713
:10C7B00002A8017814224A43C5498A18912301210D
:10C7C000D1540078022804D1FFE70098BF490882BD
:10C7D000FFE702A80078032804D1FFE70098BB49CF
:10C7E0000884FFE702A80078042809D1FFE7009831
:10C7F000E4F709F82549E3F79DFEB4498862FFE7AD
:10C8000002A80078052809D1FFE70098E3F7FBFFAD
:10C810001E49E3F78FFEAD494862FFE703A90020F8
:10C8200008702AE002A80078002822D1FFE7FFF76D
:10C8300040FBA7498C22002088548623CA5CFD2433
:10C840002240CA54882288528A228852009801289D
:10C8500007D1FFE79E498622885C0123184388544C
:10C8600006E09B498622885CFE2318408854FFE737
:10C87000FFE703A901200870FFE703A8007804B0D0
:10C8800010BDC04648230020D41B002000007A447D
:10C8900080B5FBF747FBFBF745FBFBF743FBFBF7DB
:10C8A00041FB80BD81B0009000992E48C86100997D
:10C8B0002D48086200992D48486200992C488862EA
:10C8C00000992C48086300992B48486300992B482D
:10C8D000886300992A48C86300992A4848640099E7
:10C8E0002948886400992948C8640099284808653F
:10C8F00000992848886500992748C8650099274805
:10C90000086600992648486600992648C866009936
:10C910002548086700992548486700992448886792
:10C920000099244880228850009923488422885006
:10C930000099224888228850009921488C228850EA
:10C94000009920489422885000991F4898228850C6
:10C9500000991E489C22885000991D48A0228850AA
:10C9600001B0704735BF010005BF0100EDBE0100F9
:10C97000C5BE0100A1C0010071C0010059C0010085
:10C9800049C0010065C2010035C201001DC201009D
:10C990000DC20100ADC3010079C301005DC30100F8
:10C9A0004DC3010009C30100D5C20100B9C2010095
:10C9B000A1C20100D5C1010091C1010075C10100F2
:10C9C000D5C0010015C50100D5C40100BDC40100DA
:10C9D0008DC401003E4813210901405A012807DB9C
:10C9E000FFE73B4913200201885A401E8852FFE7A7
:10C9F00037488A21405E012806DBFFE734498A2256
:10CA0000885A401E8852FFE77047C04648230020DE
:10CA100080B5DAB02D480079002803D1FFE7FFF791
:10CA20001FFA50E02A488621405CC00700284AD1FE
:10CA3000FFE727488C21405C002825D1FFE72449E7
:10CA40002D9198316846234A2E922F91309030983C
:10CA50002F992E9A0B68043103600430043A2E9209
:10CA60002F913090F3D12D988C2141588C302B9000
:10CA70008368426831A82C90FFF7BCFC2B982C9956
:10CA8000A422E3F7C9FB1DE0114927919C316846B8
:10CA9000114A289229912A902A982999289A0B6854
:10CAA000043103600430043A289229912A90F3D18A
:10CAB00027998C2008588C31CB688A684968FFF721
:10CAC00077FAFFE7FFE75AB080BDC046D41B0020CD
:10CAD00048230020980000009400000080B584B036
:10CAE000039002A801900180FBF71CFAFBF71AFAE9
:10CAF000FBF718FAFBF716FA019903980988EEF785
:10CB000021FA04B080BD000080B582B001A9087090
:10CB1000684A107E0121084013493123C854107E11
:10CB20008007C00F3223C854107E4007C00F332344
:10CB3000C85434230020C854127ED206D20F3523A5
:10CB4000CA5436230E22CA5437232022CA5438230B
:10CB5000CA543923CA543A23CA543B228854F6F79C
:10CB600017FF02B080BDC046AC06002010B584B0EF
:10CB70000390029101A80280039A0A4BD15C202401
:10CB80002143D1540021405E0399074A88500298FE
:10CB90000090E3F79EFB0146009889B200F02EFD5D
:10CBA00004B010BD1E0400002404000081B00090F9
:10CBB000FFE70098411E0091002801D0FFE7F8E749
:10CBC00001B0704781B0694608800098EE49C88777
:10CBD00001B0704710B58EB00DA9039108800BA865
:10CBE00001900721F5F7FCFC1C2001210791F1F7CA
:10CBF000C3FE019A07990020059090705070802024
:10CC00000290E7F76FFC079A02981146E7F7DAFC03
:10CC100008A804900A21F5F7E3FC07990920F1F729
:10CC2000ABFE07991C4A10680823984310601B4804
:10CC30000690E8F79CFA05990698E8F798FA0398A1
:10CC4000049B0599079AD970997002245C701A7137
:10CC500059719A71405E4042C0031149E3F790FE5A
:10CC60000499024606980A81E8F7ACFA0698E8F7B4
:10CC700073FA06980799E8F78AFA079A11200321B0
:10CC8000E7F722FB059A06980799BF4BA0241A5391
:10CC9000E8F76DFA0EB010BD0C0F0040000F004019
:10CCA00010270000B8493C22885CFE2318408854B5
:10CCB0007047C046780000203C49012048710020A0
:10CCC000087308717047C04610B581B06946087096
:10CCD00000980849012212028B5CCB188024185559
:10CCE000885C401C8854885C7F231840885401B0BD
:10CCF00010BDC046DC1F002010B581B06946087029
:10CD00000098074980228B5CCB1840241855885C1A
:10CD1000401C8854885C3F231840885401B010BDE3
:10CD2000E020002010B582B001A9087072B6114849
:10CD30000321C901405C800903280AD3FFE70D489D
:10CD40000321CA0100218154C030C021E3F78BFACE
:10CD5000FFE7019807490322D4010A5D531C0B55D4
:10CD60008918C022885462B603490020C88002B0E6
:10CD700010BDC0467C2100200C08002010B581B0F9
:10CD800069460870009B0949094A8C5A9320C000E3
:10CD9000081803558B5A5B1C8B528B5A054C234049
:10CDA0008B528A5A8018086101B010BDE00A002039
:10CDB00098080000FF03000010B590B00EAC208072
:10CDC0000D910CA802800BA803700D980890EEF747
:10CDD00041FEF5F75FF8002811D1FFE7FFE745486E
:10CDE0000690092101220792EEF70EFF0698079A96
:10CDF0000A21EEF709FF07980FA9087076E00E9850
:10CE0000400009A908700AA900200870FFE7002166
:10CE10000AA84056012817DCFFE7EEF775FE00224E
:10CE200009A880560BA98956EEF78CFD002801D180
:10CE3000FFE709E0EEF7BCFEEEF70CFEFFE70A980D
:10CE4000401C0AA90870E2E700210AA840560228FF
:10CE500011DBFFE7FFE72748049009210122059233
:10CE6000EEF7D2FE0498059A0A21EEF7CDFE05985A
:10CE70000FA908703AE0FFE70CAA1088411E118044
:10CE800000281ED0FFE70898411C08910022805618
:10CE90000BA98956EEF756FD012811D1FFE7FFE7F0
:10CEA00014480290092101220392EEF7ADFE029888
:10CEB000039A0A21EEF7A8FE03980FA9087015E05F
:10CEC000DAE7EEF775FEEEF7C5FDFFE709480090DB
:10CED000092101220192EEF797FE0098019A0A219A
:10CEE000EEF792FE0FA900200870FFE70FA8007868
:10CEF00010B010BDC00D024080B582B02148DD30B9
:10CF000001902021E3F7AFF901981F494722120150
:10CF100089181922E3F780F90198E3F7DAF907286D
:10CF200025D3FFE718481949405A01281FDBFFE7BE
:10CF300015481649405A13490091FE228852DC22B6
:10CF4000012088544878F722104048701B20FAF7D7
:10CF500029FF00994878EF22104048700C48C26AB7
:10CF6000002010704878FB221040487008E0054906
:10CF70000878202210430870FF20FAF713FFFFE71C
:10CF800002B080BDD8090020780000208A0400008B
:10CF90008417002080B582B000200190FFE701983F
:10CFA00009281ED8FFE70198182141430E48401870
:10CFB00000900098406800280ED0FFE700980069B4
:10CFC000006880470098007D002804D1FFE70099A1
:10CFD00000204860FFE7FFE7FFE70198401C019051
:10CFE000DDE702B080BDC0463C1C002010B584B017
:10CFF000029001A801700078082803DBFFE70020F9
:10D0000003907FE0029801A90A7814215143401847
:10D010004079002803D1FFE70020039072E00298D6
:10D0200001A90A78142151434018806800281ED0B5
:10D03000FFE7029801A90A78142151434018C068FB
:10D04000002814D0FFE7029801A90A78142151435F
:10D050004018006900280AD0FFE7029801A90A7861
:10D06000142151434018406900280AD1FFE7029873
:10D0700001A90A78142151434118002048710390F6
:10D0800040E001A80078062806D1FFE71F491320D9
:10D0900002010720885216E001A8007807280BD16A
:10D0A000FFE7C02005210122E7F7B8FA174913204E
:10D0B00002010320885205E01449132002010720D1
:10D0C0008852FFE7FFE7FAF72DFF4B20C001002150
:10D0D0000091FEF7DBFEFEF7F0FE00980199029A40
:10D0E0001170029A1178491C0723194051700749A1
:10D0F0008623CA5CFD242240CA548A228852012019
:10D100000390FFE7039804B010BDC04648230020F9
:10D1100080B584B0039003989249405C02A90870DE
:10D1200003981F49405C002816D0FFE70398F4F7E6
:10D1300049F8014601A8017000780399894A895C81
:10D14000884204D0FFE7019802A90870FFE703991D
:10D15000134A00208854FFE70398FCF70DFB0146B3
:10D160006846017000780399F94A895C884204D0C6
:10D17000FFE7009802A90870FFE702A8007803996A
:10D18000F34A895C884208D0FFE702980399F04A85
:10D1900088540398FEF748FCFFE704B080BDC04602
:10D1A0001504000081B00090FFE70098002807D028
:10D1B000FFE70098401E009000BF00BF00BFF4E7EB
:10D1C00001B07047704701207047000010B58AB069
:10D1D00009A90870DC4808900898DD49405C0028DF
:10D1E00001D1FFE7BBE00898D949405C052805D18B
:10D1F000FFE709A80121FCF76FFBFFE709A800780A
:10D200000D2805D0FFE709A800780A2800D088E09B
:10D210000898C021405C01287EDBFFE70898C02108
:10D22000415C42188021002050540898405C00283E
:10D2300071D0FFE70898C649405C052830D0FFE769
:10D240000898912189004058401C0621E3F798FB7B
:10D250000791079808994922D200895888420ED12F
:10D26000FFE7089805904921C90004914058401CE7
:10D270000621E3F785FB049A05988150FFE708999A
:10D28000912080000390085880010818C130803137
:10D290003F22E3F707F8039A079808998850FFE7B9
:10D2A000089880303049E2F7E9FF002832D0FFE7E4
:10D2B0000898F32189004058401C0621E3F760FBE1
:10D2C0000691069808993D221201895888420ED18C
:10D2D000FFE7089802903D21090101914058401C48
:10D2E0000621E3F74DFB019A02988150FFE7089968
:10D2F000F3208000009008588001081893229200C3
:10D30000801880313F22E2F7CDFF009A06980899F5
:10D310008850FFE7FFE7FFE70899C0220020885404
:10D320001DE00898C021405C3E280ADCFFE7099810
:10D33000089BC0241A5D9918521C1A5580228854E3
:10D340000CE00899C024002008550998089B1A5D34
:10D350009918521C1A5580228854FFE7FFE70AB03B
:10D3600010BDC0461404000015EE010080B582B067
:10D37000019001987549405C8006C00F00280BD1D0
:10D38000FFE701980E4A802100F058FB0199062220
:10D390000846FFF7EBFB10E001983B494058002896
:10D3A00004DCFFE70198F2F7DBF905E00199364A62
:10D3B0008858401E8850FFE7FFE702B080BDC04696
:10D3C0001AEE010080B582B0019001985F49405C7F
:10D3D0008006C00F002823D1FFE728480C21012236
:10D3E000EEF712FCE120400200210091F4F702FF69
:10D3F000F7F717FD0098019943221201885401990B
:10D40000524A885C7F231840885401981C4A802126
:10D4100000F014FB019942220846FFF7A7FB2BE01E
:10D4200001981849F4F7EAFD00280BD0FFE70199AD
:10D43000154A042088500199444A885C8023184387
:10D44000885418E001981049405800280CDCFFE788
:10D4500001983E49405CC009002804D0FFE70198CC
:10D46000F2F77EF9FFE705E00199074A8858401E68
:10D470008850FFE7FFE7FFE702B080BD081D0240CC
:10D4800005EB01002AEE01002404000080B584B001
:10D490002D48039003982D49405CC006C00F00281A
:10D4A00004D1FFE70398F9F74BFD4BE00398FFF732
:10D4B0002FFE03982649405C029005283DD802982B
:10D4C000810001A040588746E1D40100E3D4010067
:10D4D000EBD40100F3D40100FBD4010003D501001B
:10D4E00030E00398FFF742FF2CE00398FFF76AFF54
:10D4F00028E00398F4F7DAFE24E00398FEF794F9A5
:10D5000020E003981349405A012815DBFFE70398F0
:10D510008321C900405800280ED0FFE703998320DB
:10D52000C000019008580B4A895A00F067F8019A28
:10D53000039900208850FFE704E00399044A002083
:10D540008854FFE704B080BD842400201E0400003E
:10D55000140400001C04000080B588B007A90870FE
:10D56000002006900690FFE7069807283DDCFFE7BD
:10D5700021480390062104910122EEF745FB04980F
:10D58000FFF710FE0499CD4800220592EEF73CFB10
:10D5900003980499059AEEF737FB0320FFF702FE84
:10D5A00007A80078C007002806D0FFE71248062128
:10D5B0000122EEF729FB0CE0C04806210191002270
:10D5C0000292EEF721FB0199029A0B48EEF71CFB41
:10D5D000FFE74320FFF7E6FD07A908784008087039
:10D5E000FFE70698401C0690BEE70348062101228B
:10D5F000EEF70AFB08B080BD800D024080B582B016
:10D60000019068460180019800280BD0FFE768462A
:10D610000088012806DBFFE7019869460988EDF7D5
:10D6200079FDFFE702B080BD80B594B012AB1880E1
:10D63000119110A8028011980C900EA9102008706A
:10D6400076480E210122EEF7DFFAE7F74DF9F4F7FD
:10D65000D1FB00281AD1FFE770480E2101220B925E
:10D66000EEF7D2FA6E4805210022EEF7CDFA0B9ABA
:10D670006C480A900A21EEF7C7FA0A980B9A0B2118
:10D68000EEF7C2FA0B9813A90870C2E064480521AE
:10D690000022EEF7B9FAFFE712A800880721090275
:10D6A0000840C009A0300DA908700FA9002008701B
:10D6B000FFE700210FA84056032818DCFFE7E7F733
:10D6C00041F900210DA84056E7F79CF8002801D148
:10D6D000FFE70CE0E7F75EF9E7F75CF90120F5F703
:10D6E000EFF8FFE70F98401C0FA90870E1E7002151
:10D6F0000FA8405604281ADBFFE748480E210122F4
:10D700000992EEF781FA464805210022EEF77CFAED
:10D71000099A444808900A21EEF776FA0898099A7F
:10D720000B21EEF771FA099813A9087071E0002136
:10D7300012A84056E7F766F801281AD1FFE73748E4
:10D740000E2101220792EEF75FFA354805210022EB
:10D75000EEF75AFA079A334806900A21EEF754FA80
:10D760000698079A0B21EEF74FFA079813A908704D
:10D770004FE0FFE710AA1088411E1180002829D031
:10D78000FFE70C98411C0C9100214056E7F73AF84E
:10D7900001281AD1FFE721480E2101220592EEF758
:10D7A00033FA1F4805210022EEF72EFA059A1D488C
:10D7B00004900A21EEF728FA0498059A0B21EEF757
:10D7C00023FA059813A9087023E01298401C12A9A7
:10D7D0000880CFE7E7F7DEF8E7F786F80F480E2175
:10D7E00001220292EEF710FA0D4805210022039261
:10D7F000EEF70AFA029A0B4801900A21EEF704FAB2
:10D800000198029A0B21EEF7FFF9039813A908700B
:10D81000FFE713A8007814B080BDC046081D024081
:10D82000C80D0240400D024080B582B001906846AC
:10D8300001800088012813DBFFE7704804210122E2
:10D84000EEF7E2F900BF00BF00BF00BF00BF00BF9E
:10D8500000BF00BF019869460988EDF7C7FAFFE7E6
:10D8600002B080BD80B584B001910146019803915A
:10D8700002A9088003980988EDF74CFC04B080BD2C
:10D8800080B582B00190684601800088012813DBD2
:10D89000FFE75A4804210122EEF7B6F900BF00BFA6
:10D8A00000BF00BF00BF00BF00BF00BF01986946B6
:10D8B0000988EDF79BFAFFE702B080BD880D0240B2
:10D8C00080B584B0019101460198039102A90880B6
:10D8D00003980988EDF71EFC04B080BD80B586B0C2
:10D8E000049000200190FFE7019802281CDCFFE76C
:10D8F00003A80221FDF708FC002811D1FFE703A9C6
:10D90000487800020978401801B20A204843010F04
:10D91000401800090499088005A9002008700AE051
:10D920000198401C0190DFE704990020088005A9B8
:10D9300001200870FFE7002105A8405606B080BD11
:10D9400080B588B006A900200190088005A908705C
:10D95000294802900621039101220492EEF754F91E
:10D960000398FFF71FFC019A03992448EEF74CF93E
:10D97000019A02980399EEF747F94B20C000FFF790
:10D9800011FC02980399049AEEF73EF91920FFF76B
:10D9900009FCFFE71A480621E6F7D6FC002812D05A
:10D9A000FFE70120FFF7FEFB0698411C06A8018057
:10D9B0000088FF219231884204DBFFE707A901209C
:10D9C000087013E0E6E71E20FFF7ECFB0C48062189
:10D9D000E6F7BAFC05A9087006A801880948401AAC
:10D9E000FFF7E0FB059807A90870FFE7002107A8EB
:10D9F000405608B080BDC046800D0240880D0240F0
:10DA0000840D02402102000080B582B0FFF798FF2C
:10DA100000280AD1FFE7CC20FFF79EFD4420FFF746
:10DA20009BFD01A90020087003E001A901200870F6
:10DA3000FFE7002101A8405602B080BD0FB47CB5BD
:10DA40000C0009AD01D0611E00E0002101910090A1
:10DA5000074B6A462946089800F00EF9002C02D0C0
:10DA6000009A002111707CBC08BC04B0184700006B
:10DA7000B1E301000FB410B504A9074B02AA039843
:10DA800000F0FAF8044602A9002000F09CFC2046B1
:10DA900010BC08BC04B01847C7E301002021020CE9
:10DAA00001D010211046020A01D01046083902099F
:10DAB00001D01046091F820801D01046891E420875
:10DAC00001D0881E7047081A704700000048704750
:10DAD0000000002002E008C8121F08C1002AFAD185
:10DAE00070477047002001E001C1121F002AFBD1DE
:10DAF00070470000F0B51FB486B00998089A030D6E
:10DB00000021024314D05148514A181850430514BB
:10DB10001198012810981AD0281A401C00264D4F41
:10DB20004D49009601910490002812DA444211E018
:10DB30001198012449A3012801D11098C1430698E6
:10DB4000119A84600360C26041600BB0F0BD404236
:10DB5000E4E70446210500203F4A001C514103919F
:10DB6000029012E0E00707D032463B460199009848
:10DB7000E2F71EFD0191009032463B4610461946E1
:10DB8000E2F716FD06460F466410002CEAD1049811
:10DB9000039B0028029A0999089806DAE2F708FD23
:10DBA000019B009AE2F704FD05E0E2F769FD019BA5
:10DBB000009AE2F765FD04460E460022284BE3F783
:10DBC00015FD03D80020C043014607E00022254B85
:10DBD00020463146E3F738FCE3F7E8FC102409E07F
:10DBE000002C0ADB0A220023E2F7F2FE079B303208
:10DBF0001A55641E02460A43F2D11122641C079B87
:10DC0000121B1C19119B012B03D0012308430ED1B9
:10DC10000AE0084304D0112010900020119077E70B
:10DC20001098151A6D1E0BE01098824202DD002339
:10DC30006D1C03E0824201DA00236D1E002BEED042
:10DC4000069811998260C16030C07EE701FCFFFF39
:10DC5000104D0000000014400000F03F30000000B4
:10DC60000000F0430000E03F30380A2801D20120D4
:10DC70007047002070470000FFB597B006460025AA
:10DC800018E2252877D100242746FD49049400E0B6
:10DC90000443761C32780120203A90400842F7D1A4
:10DCA00030782A280ED002223078014630390929EE
:10DCB00016D804990A235943303940181443761C66
:10DCC0000490F1E7189802C804911890002904DA2A
:10DCD0000120400304434842049002200443761C80
:10DCE00030782E2814D1042004437078761C2A281A
:10DCF00009D11898761C80C8189009E00A214F4372
:10DD0000303FC719761C3078014630390929F5D9DA
:10DD100030786C2810D006DC4C281AD068280ED039
:10DD20006A2817D104E0742813D07A2812D110E0A1
:10DD30000120400504430CE00121090501E0032115
:10DD400009050C437178814203D101200005241894
:10DD5000761C761C3078119066280BD013DC58287E
:10DD60007DD009DC00287BD04528F6D04628F4D0A9
:10DD700047281AD1A5E118E0632835D0642870D06F
:10DD8000652812D19DE170286CD008DC6728F1D09D
:10DD900069287BD06E280DD06F2806D1BAE0732891
:10DDA0002ED0752871D0782859D01A9A1999904791
:10DDB0006D1C7EE16002400F022809D003280DD0BF
:10DDC0000428189801680DD00D60001D189070E1AE
:10DDD0001898EA1701680D604A60F6E7189801681C
:10DDE0000D80F2E70D70F0E718986A46017811721D
:10DDF000001D18900020507202A80090012005E03C
:10DE0000189802C8189000200091C04361070DD5F2
:10DE1000002101E00199491C0191B94212DA8142C5
:10DE2000F8DB009A515C0029F4D10BE0002101E0FD
:10DE30000199491C01918142FADB019A0099895CA0
:10DE40000029F5D1019904981A9B471A21463846B2
:10DE5000199A00F097FA0199401945180BE04FE024
:10DE60002CE113E04EE0009800990078491C0091E5
:10DE70001A9A199990470198401E0190401CF2D1BE
:10DE8000214638461A9B199A10E137E00A200021F2
:10DE9000009001916002410F022907D0189A01CA2F
:10DEA0001892C2179446032908D00AE01898C01D9A
:10DEB000C108C90005C91891944607E000B2C2170D
:10DEC0009446042902D140B2C1178C460022614613
:10DED000944506DA0A460021404291418C462D21A4
:10DEE00002E0210504D52B216A461173012103E0CC
:10DEF000E10701D02021F7E7029155E00A200AE06E
:10DF0000102008E01020009000210420044301911B
:10DF1000082703E008200021019100906002410FD2
:10DF2000022907D0189A01CA1892002294460329A0
:10DF300008D008E01898C01DC108C90005C918918B
:10DF4000944603E080B2042900D1C0B200210291BE
:10DF5000210729D51199702906D0009A1021019B1B
:10DF60004A401A4305D00EE040216A461173012150
:10DF700008E06146014306D030216A4611731199C9
:10DF8000517302210291009A0821019B4A401A43D1
:10DF90000AD16146014301D1610705D530216A46A6
:10DFA000117301217F1E02911199582904D035A1C6
:10DFB0000E910DA90D910DE037A1F9E76146019B86
:10DFC000009AE2F705FD0E9B8C469B5C0D9A521E53
:10DFD0000D92137061460143F0D10D9805A9081AFE
:10DFE00020300190600703D501200004844300E045
:10DFF00001270198874201DD381A00E000200199CD
:10E0000000904118029809180498401A0490E003FF
:10E0100006D421461A9B199A049800F0B3F94519C1
:10E02000002706E003A81A9AC05D199990476D1C55
:10E030007F1C02988742F5DBE0030CD521461A9B32
:10E04000199A049800F09EF9451904E01A9A3020B4
:10E05000199990476D1C0099481E00900029F5DC25
:10E0600008E00D980D990078491C0D911A9A19999C
:10E0700090476D1C0199481E01900029F1DC63E175
:10E08000092801003031323334353637383961628E
:10E090006364656600000000303132333435363752
:10E0A00038394142434445460000000000F05AF927
:10E0B0004519761C3078002800D0E2E528461BB0D0
:10E0C000F0BD600700D406271898C01DC108C9001C
:10E0D00048680A680831C30FDB071891190001D09E
:10E0E0009CA108E0210501D59BA104E0E10701D036
:10E0F0009AA100E09AA1430011985B08109165284D
:10E100000CD006DC452809D046281DD0472841D12F
:10E1100041E0662818D067283CD13CE00021112F4F
:10E1200001DB112000E0781C0191009008A911A8E2
:10E13000FFF7E0FC139905910021119A15927F1CBD
:10E1400012980197009150E00120C0070390012030
:10E15000019008A9009711A8FFF7CCFC139A149915
:10E1600005920022119B009212981593059A019234
:10E17000002901D0104602E0791C40180190381A9D
:10E1800001D5019804E04042401E0090781C0190A7
:10E19000C01B029043E0012F00DA01270021112F5C
:10E1A00001DD112000E038460191009008A911A876
:10E1B000FFF7A0FC13990591119A0021129815926E
:10E1C0000091019721070CD40599B94201DB01990F
:10E1D00000E00191012904DD159A491E515C3029A6
:10E1E00006D0B84201DA011D05DA0121029115E0DD
:10E1F0000199491EEDE7002805DC009941180091BE
:10E200000199091A03E0019A411C914200DD019134
:10E210000099401A401C02900120C007039020077B
:10E2200006D402990198814202DB0020C04302908B
:10E2300000206946C87707AF012103980337C90753
:10E24000884224D0022011902B201290039800289D
:10E250000CDA404203902D20129007E00A21039827
:10E26000E2F76EFB30317F1E039039701199481E22
:10E2700011900029F2DC03980028EFD1791E129842
:10E2800008703078202108404530BF1E387006A83D
:10E29000C01BC01D039010980078002800D00120FA
:10E2A000019941180298C017091803980918049891
:10E2B000401A401E0490E00306D421461A9B199A86
:10E2C000049800F05FF8451910980078002803D0F2
:10E2D0001A9A199990476D1CE00324D521461A9B80
:10E2E000199A049800F04EF845191CE0009800288F
:10E2F00007DB00990598884203DD1598405C199961
:10E3000001E0199930201A9A904700986D1C401C22
:10E3100000900298401E0290002804D11A9A2E20E4
:10E32000199990476D1C0199481E01900029DDDC68
:10E3300005E038781A9A7F1C199990476D1C03994B
:10E34000481E03900029F4DC21461A9B199A049870
:10E35000ACE600002D0000002B00000020000000B3
:10E3600000000000F8B5044600251E461746880444
:10E3700004D405E039462020B0476D1C641EF9D551
:10E380002846F8BDFFB50446002581B01E46C803E7
:10E3900001D5302700E02027880404D505E0384661
:10E3A0000399B0476D1C641EF9D5284605B0F0BD31
:10E3B0004A68002A06D00A68531C0B60107048682F
:10E3C000401E486070470A68531C0B60107070470D
:10E3D00008B50A460021009101466846E2F78DFF24
:10E3E000009808BD1F1C1F1E1F1E1F1F1E1F1E1F63
:10E3F0000040404040404040404041414141414058
:10E40000404040404040404040404040404040400C
:10E41000400502020202020202020202020202029B
:10E4200002202020202020202020200202020202A0
:10E4300002029090909090901010101010101010F8
:10E440001010101010101010101010100202020204
:10E450000202888888888888080808080808080848
:10E460000808080808080808080808080202020244
:10E4700040000000F1E301001F1D1F1E1F1E1F1F93
:10E480001E1F1E1F0D0A41542B5149444E5347492C
:10E49000503D312C00000000000000000000000092
:10E4A000000000000000000000000000000000006C
:10E4B000000000000000000000000000000000005C
:10E4C000000000000D0A41542B51494F50454E3D6C
:10E4D000312C302C22544350222C0000000000002C
:10E4E000000000000000000000000000000000002C
:10E4F000000000000000000000000000000000001C
:10E50000000000000D0A41542B514D544F50454E10
:10E510003D302C0000000000000000000000000062
:10E5200000000000000000000000000000000000EB
:10E5300000000000000000000000000000000000DB
:10E5400000000000000000000000000000000000CB
:10E5500000000000000000000000000000000000BB
:10E5600000000000000000000000000000000000AB
:10E57000000000000000000000000000000000009B
:10E58000000000000D0A41542B514D54434F4E4E94
:10E590003D302C00000000000000000000000000E2
:10E5A000000000000000000000000000000000006B
:10E5B000000000000000000000000000000000005B
:10E5C000000000000000000000000000000000004B
:10E5D000000000000000000000000000000000003B
:10E5E000000000000000000000000000000000002B
:10E5F000000000000000000000000000000000001B
:10E600000000000000093D0000127A000024F40020
:10E610004086510100366E01B00400006009000020
:10E62000C012000080250000004B00004DF00000EB
:10E63000B1F40000457C0100CD5501007777772EBD
:10E64000717565636C6F6361746F722E636F6D3A81
:10E6500038300031373038383633330031303530E8
:10E66000363832380033353633397A423675516BA5
:10E670006E553035490074686973206973206120D4
:10E68000653270726F6D2064726976657220746590
:10E690007374000D0A41542B514C42534346473D7D
:10E6A000226173796E6368222C300D0A002B514D64
:10E6B000544F50454E3A20302C300D0A000D0A417F
:10E6C000542B514D544346473D2273736C222C30DA
:10E6D0002C300D0A002B514D54434F4E4E3A2030F2
:10E6E0002C302C300D0A000D0A41542B514D54434F
:10E6F00046473D2264617461666F726D6174222CBD
:10E70000302C302C300D0A000D0A41542B51495346
:10E71000454E443D302C300D0A002B514D54505580
:10E720004245583A20302C25642C300D0A000D0A41
:10E7300041542B514C42534346473D2274696D6509
:10E740006F7574222C36300D0A000D0A41542B517E
:10E75000495344453D300D0A000D0A41542B51499F
:10E76000434C4F53453D300D0A000D0A41542B4395
:10E7700046554E3D300D0A000D0A415445300D0AF4
:10E78000000D0A41542B514D545355423D302C2518
:10E79000642C227869616E79756E79695C666C6F3C
:10E7A000776D65746572222C310D0A000D0A415493
:10E7B0002B514D544346473D227064706369642277
:10E7C0002C302C310D0A002B514D545355423A2018
:10E7D000302C25642C302C310D0A000D0A41542BAD
:10E7E000514D544346473D22726563762F6D6F64E9
:10E7F00065222C302C312C310D0A000D0A41542B8E
:10E800004346554E3D310D0A000D0A41542B5149E6
:10E81000435347503D310D0A000D0A41542B5147D7
:10E8200050533D310D0A000D0A41542B51494445C6
:10E830004143543D310D0A000D0A41542B514941C9
:10E8400043543D310D0A000D0A41542B51495244A5
:10E850003D302C3531320D0A000D0A41542B514CFC
:10E8600054533D320D0A000D0A41542B4352454783
:10E870003F0D0A000D0A41542B43455245473F0DB9
:10E880000A000D0A41542B43475245473F0D0A00E9
:10E890000D0A41542B514D54524543563F0D0A0029
:10E8A0000D0A41542B49434349440D0A000D0A41C6
:10E8B000542B51475053454E440D0A000D0A415404
:10E8C0002B43494D490D0A000D0A4154490D0A00D8
:10E8D00053454E44204F4B0D0A000D0A41542B4323
:10E8E00047534E0D0A000D0A41542B514E57494EC5
:10E8F000464F0D0A000D0A41542B4353510D0A0097
:10E900004552524F520D0A000D0A41542B514C42B0
:10E91000530D0A005244590D0A000D0A41542B515F
:10E920004D5450554245583D302C25642C312C31E6
:10E930002C222573222C25640D0A000D0A41542B2C
:10E94000514953454E443D302C25640D0A000D0AB3
:10E9500041542B514D54524543563D302C25640DA6
:10E960000A002B49434349443A20002B514953455F
:10E970004E443A20002B514952443A20002B514E2C
:10E9800057494E464F3A20002B5149435347503A7E
:10E9900020002B4353513A20005265766973696F0A
:10E9A0006E3A20003E20000D0A41542B514C425338
:10E9B0004346473D22746F6B656E222C22002B511B
:10E9C000495552433A2022646E73676970222C22A3
:10E9D000002225732200222573222C002B514D5436
:10E9E0005355423A20302C002B514D544F50454E38
:10E9F0003A20302C002B514D54434F4E4E3A20308C
:10EA00002C002B514C42533A20302C002B514D54AA
:10EA1000524543563A20302C002B514D545055420C
:10EA200045583A20302C002568752C002B5149554B
:10EA300052433A2022646E73676970222C30002B97
:10EA400051494F50454E3A20302C30002B514C54F8
:10EA5000533A20223230002B435245473A20302C83
:10EA600031002B43455245473A20302C31002B438F
:10EA7000475245473A20302C31000D0A41542B5162
:10EA80004750534C4F433D320D0A34002B514955EA
:10EA900052433A2022646E73676970222C35002B32
:10EAA000435245473A20302C35002B4345524547C9
:10EAB0003A20302C35002B43475245473A20302C22
:10EAC00035002B51494F50454E3A20302C353636C3
:10EAD000002B51494F50454E3A20302C35363700E7
:10EAE0004552524F520025642C25642C25642C2558
:10EAF000642C2564007869616E7975796900222536
:10EB0000730025687500637573746F6D653100520D
:10EB100053413A0049443A00414C544D3A00494E61
:10EB2000523A00504F52543A00414C54563A002445
:10EB30002573243B0024252E323573243B00454E9B
:10EB4000443B005046533A4E4F43414C3B50524594
:10EB5000533A4E4F43414C3B0056424154543A25A0
:10EB6000642E2564563B00505245533A25302E34CE
:10EB7000664B50613B005046533A25302E34664B6D
:10EB800050613B0054454D503A25642E25643B00AE
:10EB9000524356443A25643B004353513A25643B63
:10EBA000004556454E543A25643B004C4E473A25A5
:10EBB000642E253035643B004C41543A25642E25A3
:10EBC0003035643B00544F54414C5F464C4F574ED8
:10EBD0003A25642E253036643B00544F54414C5F37
:10EBE000464C4F573A25642E253036643B0053542B
:10EBF000445F464C4F573A25302E34663B00574B06
:10EC00005F464C4F573A25302E34663B0049443A14
:10EC100025733B004C5354494D453A25733B0049FD
:10EC2000434349443A252E3230733B0054595045F2
:10EC30003A252E3235733B00303132333435363796
:10EC400038396162636465660025642E004C544562
:10EC50000070617373776F7264206D6F6465006418
:10EC600065627567206D6F6465006E6F726D616CB3
:10EC7000206D6F64650063616C5F6D6F64696679B8
:10EC8000206D6F646500706172616D5F6D6F6469A6
:10EC90006679206D6F64650063616C5F7175657284
:10ECA00079206D6F646500706172616D5F7175656B
:10ECB0007279206D6F6465007265706F72745F6D3C
:10ECC0006F64650073656C665F746573745F6D6F08
:10ECD00064650041542B4554485F434831535443C5
:10ECE0003D300D0A0041542B4554485F4348325390
:10ECF00054433D300D0A0041542B4554485F43486E
:10ED0000314854503D302C3331333233330D0A0007
:10ED100041542B4554485F4348324854503D302CB1
:10ED20003331333233330D0A0041542B4554485F9D
:10ED30004348315247503D4E4F4E452C33313332CC
:10ED400033330D0A0041542B4554485F4348325237
:10ED500047503D4E4F4E452C3331333233330D0A3D
:10ED60000041542B4554485F434831454E3D454E84
:10ED700041424C450D0A0041542B4554485F4348DD
:10ED800032454E3D454E41424C450D0A0041542B03
:10ED9000574946493D5354412C22252E3230732287
:10EDA0002C22252E323073222C5750415F57504170
:10EDB000325F50534B0D0A0041542B55545F574B53
:10EDC0004D4F44453D5443505544500D0A00415465
:10EDD0002B55545F52455345540D0A0041542B4561
:10EDE00054485F434831503D544350432C22252E14
:10EDF000323573222C25640D0A004368696E614E1A
:10EE000065742D48754533003139322E3136382E30
:10EE1000312E3337005552433A003C2D3E004F4BC4
:10EE20000037396B39346B63680073746120697023
:10EE30000000000058EE010000000020301D00001E
:10EE4000B01A0000F0F10100301D0020902B0000EE
:10EE5000E4DA01000000000041425113093D1405AD
:10EE6000EB01220C1520E96F011429D6011439ADEC
:10EE700001320B3214320A2A18273102177C29403A
:10EE8000411203520F237BF71AF5041ACD0414E143
:10EE9000300114054E011AF90C692C1A786C4932AC
:10EEA000A102271114C5CB01EBA5CC3E012A0B20F2
:10EEB0001D623C1AD5640352A12F0B381921B801E9
:10EEC000C804298DBC010A29C52C01740B103DBB57
:10EED000A00A115914410A150DCC0A1D29E40A157E
:10EEE0000550810A1DF12001180A1D21380A1DE173
:10EEF00098410B1C19BD248BCDBA209AE90C411402
:10EF000039B2019A35400A21FD700A1145240A21BF
:10EF1000A938011CDAB198012C0B3CADBB7C01581F
:10EF2000DA91981A75100B209164AC14992A011A81
:10EF3000A1042351B54B4D7C3050086179FEFF3F51
:10EF4000420F320936F7FFFFFF631A9D0823E703DC
:10EF50002719FCFFFF0F277808F1D8FFFF9F8601D4
:10EF6000301008C1BDF0FF7F96982811816967FFB6
:10EF7000FFE0F505011F0AFAFFC99A3B564B05EB66
:10EF80005C14ED79014B09B00C144157011AE504EA
:10EF9000691C1409DA0114DDD801693013AC066A62
:10EFA00020C21021AFA0CBE9E46D6FA8EFEDEE67B2
:10EFB0000FE34F4EE62F6643A10762AE63CEEC42ED
:10EFC00047A701407A0901590B091A07290A01AC20
:10EFD0005A0704211481560114D1520114AD510174
:10EFE00054996B0114C9CC01143174011A0D044BEE
:10EFF00005EB141374211520C9BB01490E611AF9E0
:10F000002814C977011AE50481133E2342201419FC
:10F010007B011425CD011461BC0114117C011A413E
:10F02000104B357A404B6AEC301B79811419041A65
:10F0300005041A19041A09041A07041A11044BF1D9
:10F0400080241A5F2C290A1B3D281819041A010470
:10F0500014217F015A03081A05084B15262C1A5152
:10F060002C320214159B011B4999C019041A3F0444
:10F070001A3504292C29044BF5982C1A982C3203A4
:10F080001B350E5819041A050429205A07082904AB
:10F090004BAD072C1A762C32041A1D1023E9FE1AE8
:10F0A00039041ADD046928290463DDFD1AA72C320E
:10F0B0000514BD92011A990469209A8D0C4BB58CE8
:10F0C000581A862C32061A25101B9183F4138201DC
:10F0D0001A8508A9581A9D14411AC42C3207A91C74
:10F0E000E9044B09CB2C1AB82C0A1D082C4B59B239
:10F0F0002C14E7E60114DBE7011ABD081AAC084935
:10F100001621137A1382208BE50A0C01E4147DCDBD
:10F110000194C17D01B20202FF0301FF01FF01FF63
:10F1200001FF01FF01FF01FF01FF01FF01FF01FFDF
:10F13000019152014BC1D80813BC17222000091AB3
:10F14000637573746F6D653113BC1B1B20BE044B5C
:10F1500095973801FF01FF01FF01FF2124FFFF0305
:10F16000201008040C020A060E0109050D030B0706
:10F170000F043105EB01148DC5011B91C80413C7A1
:10F18000011A490C14D5C9013C11CA014C14756C03
:10F190000114E56D011AA90821120E14C5D1014B05
:10F1A00095CF1C412906290413D0074220A9183203
:10F1B000040B10180618320A4B2CE610A918411A35
:10F1C000E048290CA91819E8110A11343029040B58
:10F1D00010181C60411A1C18E94829040A153078D7
:10F1E0000B10300830411A3830290C320200000070
:04000005000000C136
:00000001FF
